   Compiling mitiflow-bench v0.1.0 (/home/pawis/mitiflow/mitiflow-bench)
    Finished `release` profile [optimized] target(s) in 4.56s
     Running `target/release/bench_consumer_group --transport mitiflow --partitions 8 --consumers 2 --rate 10000 --duration 10 --csv mitiflow-bench/results/cg_mitiflow_local_256b.csv`
Running consumer group benchmark with config: BenchmarkConfig {
    rate: Some(
        10000.0,
    ),
    rate_per_worker: None,
    workers: 1,
    duration: 10,
    ramp_up: None,
    ramp_start_rate: 0.0,
    burst_factor: 0.1,
    csv: Some(
        "mitiflow-bench/results/cg_mitiflow_local_256b.csv",
    ),
    no_progress: false,
    hide_ramp_progress: false,
    drain_timeout: 30,
}
2026-05-09T05:32:54.968750Z  INFO lightbench::patterns::producer_consumer: ProducerConsumer: 1 producers @ 10000 msg/s, 2 consumers, 10s
[   0.000s]   98 produced | 0 consumed | 98 in-flight | p50=0.00ms
[   0.991s]   10003 produced | 4991 consumed | 5012 in-flight | p50=0.23ms
[   1.991s]   20011 produced | 14985 consumed | 5026 in-flight | p50=0.24ms
[   2.991s]   30006 produced | 24994 consumed | 5012 in-flight | p50=0.24ms
[   3.991s]   40012 produced | 34991 consumed | 5021 in-flight | p50=0.24ms
[   4.990s]   50012 produced | 44985 consumed | 5027 in-flight | p50=0.24ms
[   5.991s]   60017 produced | 54988 consumed | 5029 in-flight | p50=0.24ms
[   6.992s]   70014 produced | 64997 consumed | 5017 in-flight | p50=0.23ms
[   7.991s]   80008 produced | 74996 consumed | 5012 in-flight | p50=0.23ms
[   8.991s]   90004 produced | 84992 consumed | 5012 in-flight | p50=0.23ms
2026-05-09T05:33:04.140114Z ERROR zenoh::net::routing::dispatcher::pubsub: Error treating timestamp for received Data (incoming timestamp from c429911f5f747ce9a170b96ba127398e exceeding delta 500ms is rejected: 2026-05-09T05:33:04.942023826Z vs. now: 2026-05-09T05:33:04.140097261Z). Replace timestamp: Some(7637760893646305586/c429911f5f747ce9a170b96ba127398e)
2026-05-09T05:33:04.140237Z ERROR zenoh::net::routing::dispatcher::pubsub: Error treating timestamp for received Data (incoming timestamp from c429911f5f747ce9a170b96ba127398e exceeding delta 500ms is rejected: 2026-05-09T05:33:04.942023826Z vs. now: 2026-05-09T05:33:04.140234732Z). Replace timestamp: Some(7637760893646305588/c429911f5f747ce9a170b96ba127398e)
2026-05-09T05:33:04.140341Z ERROR zenoh::net::routing::dispatcher::pubsub: Error treating timestamp for received Data (incoming timestamp from c429911f5f747ce9a170b96ba127398e exceeding delta 500ms is rejected: 2026-05-09T05:33:04.942023827Z vs. now: 2026-05-09T05:33:04.140338190Z). Replace timestamp: Some(7637760893646305590/c429911f5f747ce9a170b96ba127398e)
2026-05-09T05:33:04.140404Z ERROR zenoh::net::routing::dispatcher::pubsub: Error treating timestamp for received Data (incoming timestamp from c429911f5f747ce9a170b96ba127398e exceeding delta 500ms is rejected: 2026-05-09T05:33:04.942023826Z vs. now: 2026-05-09T05:33:04.140396756Z). Replace timestamp: Some(7637760893647362449/ade74ca0ac7c6389a28cbc898de27710)
2026-05-09T05:33:04.140445Z ERROR zenoh::net::routing::dispatcher::pubsub: Error treating timestamp for received Data (incoming timestamp from c429911f5f747ce9a170b96ba127398e exceeding delta 500ms is rejected: 2026-05-09T05:33:04.942023827Z vs. now: 2026-05-09T05:33:04.140443542Z). Replace timestamp: Some(7637760893646305592/c429911f5f747ce9a170b96ba127398e)
2026-05-09T05:33:04.140476Z ERROR zenoh::net::routing::dispatcher::pubsub: Error treating timestamp for received Data (incoming timestamp from c429911f5f747ce9a170b96ba127398e exceeding delta 500ms is rejected: 2026-05-09T05:33:04.942023827Z vs. now: 2026-05-09T05:33:04.140475650Z). Replace timestamp: Some(7637760893646305594/c429911f5f747ce9a170b96ba127398e)
2026-05-09T05:33:04.140481Z ERROR zenoh::net::routing::dispatcher::pubsub: Error treating timestamp for received Data (incoming timestamp from c429911f5f747ce9a170b96ba127398e exceeding delta 500ms is rejected: 2026-05-09T05:33:04.942023828Z vs. now: 2026-05-09T05:33:04.140481476Z). Replace timestamp: Some(7637760893646305596/c429911f5f747ce9a170b96ba127398e)
2026-05-09T05:33:04.140486Z ERROR zenoh::net::routing::dispatcher::pubsub: Error treating timestamp for received Data (incoming timestamp from c429911f5f747ce9a170b96ba127398e exceeding delta 500ms is rejected: 2026-05-09T05:33:04.942023828Z vs. now: 2026-05-09T05:33:04.140486420Z). Replace timestamp: Some(7637760893646305598/c429911f5f747ce9a170b96ba127398e)
2026-05-09T05:33:04.140491Z ERROR zenoh::net::routing::dispatcher::pubsub: Error treating timestamp for received Data (incoming timestamp from c429911f5f747ce9a170b96ba127398e exceeding delta 500ms is rejected: 2026-05-09T05:33:04.942023829Z vs. now: 2026-05-09T05:33:04.140491136Z). Replace timestamp: Some(7637760893646305600/c429911f5f747ce9a170b96ba127398e)
2026-05-09T05:33:04.140495Z ERROR zenoh::net::routing::dispatcher::pubsub: Error treating timestamp for received Data (incoming timestamp from c429911f5f747ce9a170b96ba127398e exceeding delta 500ms is rejected: 2026-05-09T05:33:04.942023829Z vs. now: 2026-05-09T05:33:04.140495513Z). Replace timestamp: Some(7637760893646305602/c429911f5f747ce9a170b96ba127398e)
2026-05-09T05:33:04.140500Z ERROR zenoh::net::routing::dispatcher::pubsub: Error treating timestamp for received Data (incoming timestamp from c429911f5f747ce9a170b96ba127398e exceeding delta 500ms is rejected: 2026-05-09T05:33:04.942023830Z vs. now: 2026-05-09T05:33:04.140499745Z). Replace timestamp: Some(7637760893646305604/c429911f5f747ce9a170b96ba127398e)
2026-05-09T05:33:04.140522Z ERROR zenoh::net::routing::dispatcher::pubsub: Error treating timestamp for received Data (incoming timestamp from c429911f5f747ce9a170b96ba127398e exceeding delta 500ms is rejected: 2026-05-09T05:33:04.942023826Z vs. now: 2026-05-09T05:33:04.140518543Z). Replace timestamp: Some(7637760893647362450/ade74ca0ac7c6389a28cbc898de27710)
2026-05-09T05:33:04.140545Z ERROR zenoh::net::routing::dispatcher::pubsub: Error treating timestamp for received Data (incoming timestamp from c429911f5f747ce9a170b96ba127398e exceeding delta 500ms is rejected: 2026-05-09T05:33:04.942023827Z vs. now: 2026-05-09T05:33:04.140543677Z). Replace timestamp: Some(7637760893647362451/ade74ca0ac7c6389a28cbc898de27710)
2026-05-09T05:33:04.140549Z ERROR zenoh::net::routing::dispatcher::pubsub: Error treating timestamp for received Data (incoming timestamp from c429911f5f747ce9a170b96ba127398e exceeding delta 500ms is rejected: 2026-05-09T05:33:04.942023830Z vs. now: 2026-05-09T05:33:04.140547853Z). Replace timestamp: Some(7637760893646305606/c429911f5f747ce9a170b96ba127398e)
2026-05-09T05:33:04.140680Z ERROR zenoh::net::routing::dispatcher::pubsub: Error treating timestamp for received Data (incoming timestamp from c429911f5f747ce9a170b96ba127398e exceeding delta 500ms is rejected: 2026-05-09T05:33:04.942023827Z vs. now: 2026-05-09T05:33:04.140677378Z). Replace timestamp: Some(7637760893647362452/ade74ca0ac7c6389a28cbc898de27710)
2026-05-09T05:33:04.140739Z ERROR zenoh::net::routing::dispatcher::pubsub: Error treating timestamp for received Data (incoming timestamp from c429911f5f747ce9a170b96ba127398e exceeding delta 500ms is rejected: 2026-05-09T05:33:04.942023828Z vs. now: 2026-05-09T05:33:04.140737340Z). Replace timestamp: Some(7637760893647362453/ade74ca0ac7c6389a28cbc898de27710)
2026-05-09T05:33:04.140771Z ERROR zenoh::net::routing::dispatcher::pubsub: Error treating timestamp for received Data (incoming timestamp from c429911f5f747ce9a170b96ba127398e exceeding delta 500ms is rejected: 2026-05-09T05:33:04.942023828Z vs. now: 2026-05-09T05:33:04.140769348Z). Replace timestamp: Some(7637760893647362454/ade74ca0ac7c6389a28cbc898de27710)
2026-05-09T05:33:04.140802Z ERROR zenoh::net::routing::dispatcher::pubsub: Error treating timestamp for received Data (incoming timestamp from c429911f5f747ce9a170b96ba127398e exceeding delta 500ms is rejected: 2026-05-09T05:33:04.942023829Z vs. now: 2026-05-09T05:33:04.140800737Z). Replace timestamp: Some(7637760893647362455/ade74ca0ac7c6389a28cbc898de27710)
2026-05-09T05:33:04.140834Z ERROR zenoh::net::routing::dispatcher::pubsub: Error treating timestamp for received Data (incoming timestamp from c429911f5f747ce9a170b96ba127398e exceeding delta 500ms is rejected: 2026-05-09T05:33:04.942023829Z vs. now: 2026-05-09T05:33:04.140832376Z). Replace timestamp: Some(7637760893647362456/ade74ca0ac7c6389a28cbc898de27710)
2026-05-09T05:33:04.140842Z ERROR zenoh::net::routing::dispatcher::pubsub: Error treating timestamp for received Data (incoming timestamp from c429911f5f747ce9a170b96ba127398e exceeding delta 500ms is rejected: 2026-05-09T05:33:04.942023830Z vs. now: 2026-05-09T05:33:04.140841399Z). Replace timestamp: Some(7637760893647362457/ade74ca0ac7c6389a28cbc898de27710)
2026-05-09T05:33:04.140861Z ERROR zenoh::net::routing::dispatcher::pubsub: Error treating timestamp for received Data (incoming timestamp from c429911f5f747ce9a170b96ba127398e exceeding delta 500ms is rejected: 2026-05-09T05:33:04.942023830Z vs. now: 2026-05-09T05:33:04.140860692Z). Replace timestamp: Some(7637760893647362458/ade74ca0ac7c6389a28cbc898de27710)
2026-05-09T05:33:04.140908Z ERROR zenoh::net::routing::dispatcher::pubsub: Error treating timestamp for received Data (incoming timestamp from c429911f5f747ce9a170b96ba127398e exceeding delta 500ms is rejected: 2026-05-09T05:33:04.942023831Z vs. now: 2026-05-09T05:33:04.140903742Z). Replace timestamp: Some(7637760893646305608/c429911f5f747ce9a170b96ba127398e)
2026-05-09T05:33:04.140986Z ERROR zenoh::net::routing::dispatcher::pubsub: Error treating timestamp for received Data (incoming timestamp from c429911f5f747ce9a170b96ba127398e exceeding delta 500ms is rejected: 2026-05-09T05:33:04.942023831Z vs. now: 2026-05-09T05:33:04.140982777Z). Replace timestamp: Some(7637760893647362459/ade74ca0ac7c6389a28cbc898de27710)
2026-05-09T05:33:04.141016Z ERROR zenoh::net::routing::dispatcher::pubsub: Error treating timestamp for received Data (incoming timestamp from c429911f5f747ce9a170b96ba127398e exceeding delta 500ms is rejected: 2026-05-09T05:33:04.942023831Z vs. now: 2026-05-09T05:33:04.141013675Z). Replace timestamp: Some(7637760893646305610/c429911f5f747ce9a170b96ba127398e)
2026-05-09T05:33:04.141035Z ERROR zenoh::net::routing::dispatcher::pubsub: Error treating timestamp for received Data (incoming timestamp from c429911f5f747ce9a170b96ba127398e exceeding delta 500ms is rejected: 2026-05-09T05:33:04.942023832Z vs. now: 2026-05-09T05:33:04.141034429Z). Replace timestamp: Some(7637760893646305612/c429911f5f747ce9a170b96ba127398e)
2026-05-09T05:33:04.141047Z ERROR zenoh::net::routing::dispatcher::pubsub: Error treating timestamp for received Data (incoming timestamp from c429911f5f747ce9a170b96ba127398e exceeding delta 500ms is rejected: 2026-05-09T05:33:04.942023831Z vs. now: 2026-05-09T05:33:04.141045291Z). Replace timestamp: Some(7637760893647362460/ade74ca0ac7c6389a28cbc898de27710)
2026-05-09T05:33:04.141151Z ERROR zenoh::net::routing::dispatcher::pubsub: Error treating timestamp for received Data (incoming timestamp from c429911f5f747ce9a170b96ba127398e exceeding delta 500ms is rejected: 2026-05-09T05:33:04.942023831Z vs. now: 2026-05-09T05:33:04.141148985Z). Replace timestamp: Some(7637760893647362461/ade74ca0ac7c6389a28cbc898de27710)
2026-05-09T05:33:04.141165Z ERROR zenoh::net::routing::dispatcher::pubsub: Error treating timestamp for received Data (incoming timestamp from c429911f5f747ce9a170b96ba127398e exceeding delta 500ms is rejected: 2026-05-09T05:33:04.942023832Z vs. now: 2026-05-09T05:33:04.141163003Z). Replace timestamp: Some(7637760893646305614/c429911f5f747ce9a170b96ba127398e)
2026-05-09T05:33:04.141184Z ERROR zenoh::net::routing::dispatcher::pubsub: Error treating timestamp for received Data (incoming timestamp from c429911f5f747ce9a170b96ba127398e exceeding delta 500ms is rejected: 2026-05-09T05:33:04.942023833Z vs. now: 2026-05-09T05:33:04.141183183Z). Replace timestamp: Some(7637760893646305616/c429911f5f747ce9a170b96ba127398e)
2026-05-09T05:33:04.141188Z ERROR zenoh::net::routing::dispatcher::pubsub: Error treating timestamp for received Data (incoming timestamp from c429911f5f747ce9a170b96ba127398e exceeding delta 500ms is rejected: 2026-05-09T05:33:04.942023832Z vs. now: 2026-05-09T05:33:04.141187970Z). Replace timestamp: Some(7637760893647362462/ade74ca0ac7c6389a28cbc898de27710)
2026-05-09T05:33:04.141194Z ERROR zenoh::net::routing::dispatcher::pubsub: Error treating timestamp for received Data (incoming timestamp from c429911f5f747ce9a170b96ba127398e exceeding delta 500ms is rejected: 2026-05-09T05:33:04.942023832Z vs. now: 2026-05-09T05:33:04.141194165Z). Replace timestamp: Some(7637760893647362463/ade74ca0ac7c6389a28cbc898de27710)
2026-05-09T05:33:04.141194Z ERROR zenoh::net::routing::dispatcher::pubsub: Error treating timestamp for received Data (incoming timestamp from c429911f5f747ce9a170b96ba127398e exceeding delta 500ms is rejected: 2026-05-09T05:33:04.942023833Z vs. now: 2026-05-09T05:33:04.141193703Z). Replace timestamp: Some(7637760893646305618/c429911f5f747ce9a170b96ba127398e)
2026-05-09T05:33:04.141203Z ERROR zenoh::net::routing::dispatcher::pubsub: Error treating timestamp for received Data (incoming timestamp from c429911f5f747ce9a170b96ba127398e exceeding delta 500ms is rejected: 2026-05-09T05:33:04.942023834Z vs. now: 2026-05-09T05:33:04.141202774Z). Replace timestamp: Some(7637760893646305620/c429911f5f747ce9a170b96ba127398e)
2026-05-09T05:33:04.141269Z ERROR zenoh::net::routing::dispatcher::pubsub: Error treating timestamp for received Data (incoming timestamp from c429911f5f747ce9a170b96ba127398e exceeding delta 500ms is rejected: 2026-05-09T05:33:04.942023834Z vs. now: 2026-05-09T05:33:04.141266246Z). Replace timestamp: Some(7637760893646305622/c429911f5f747ce9a170b96ba127398e)
2026-05-09T05:33:04.141271Z ERROR zenoh::net::routing::dispatcher::pubsub: Error treating timestamp for received Data (incoming timestamp from c429911f5f747ce9a170b96ba127398e exceeding delta 500ms is rejected: 2026-05-09T05:33:04.942023833Z vs. now: 2026-05-09T05:33:04.141268008Z). Replace timestamp: Some(7637760893647362464/ade74ca0ac7c6389a28cbc898de27710)
2026-05-09T05:33:04.141392Z ERROR zenoh::net::routing::dispatcher::pubsub: Error treating timestamp for received Data (incoming timestamp from c429911f5f747ce9a170b96ba127398e exceeding delta 500ms is rejected: 2026-05-09T05:33:04.942023833Z vs. now: 2026-05-09T05:33:04.141389203Z). Replace timestamp: Some(7637760893647362465/ade74ca0ac7c6389a28cbc898de27710)
2026-05-09T05:33:04.141403Z ERROR zenoh::net::routing::dispatcher::pubsub: Error treating timestamp for received Data (incoming timestamp from c429911f5f747ce9a170b96ba127398e exceeding delta 500ms is rejected: 2026-05-09T05:33:04.942023834Z vs. now: 2026-05-09T05:33:04.141400490Z). Replace timestamp: Some(7637760893646305624/c429911f5f747ce9a170b96ba127398e)
2026-05-09T05:33:04.141416Z ERROR zenoh::net::routing::dispatcher::pubsub: Error treating timestamp for received Data (incoming timestamp from c429911f5f747ce9a170b96ba127398e exceeding delta 500ms is rejected: 2026-05-09T05:33:04.942023834Z vs. now: 2026-05-09T05:33:04.141415209Z). Replace timestamp: Some(7637760893647362466/ade74ca0ac7c6389a28cbc898de27710)
2026-05-09T05:33:04.141422Z ERROR zenoh::net::routing::dispatcher::pubsub: Error treating timestamp for received Data (incoming timestamp from c429911f5f747ce9a170b96ba127398e exceeding delta 500ms is rejected: 2026-05-09T05:33:04.942023835Z vs. now: 2026-05-09T05:33:04.141420812Z). Replace timestamp: Some(7637760893646305626/c429911f5f747ce9a170b96ba127398e)
2026-05-09T05:33:04.141431Z ERROR zenoh::net::routing::dispatcher::pubsub: Error treating timestamp for received Data (incoming timestamp from c429911f5f747ce9a170b96ba127398e exceeding delta 500ms is rejected: 2026-05-09T05:33:04.942023835Z vs. now: 2026-05-09T05:33:04.141431295Z). Replace timestamp: Some(7637760893646305628/c429911f5f747ce9a170b96ba127398e)
2026-05-09T05:33:04.141433Z ERROR zenoh::net::routing::dispatcher::pubsub: Error treating timestamp for received Data (incoming timestamp from c429911f5f747ce9a170b96ba127398e exceeding delta 500ms is rejected: 2026-05-09T05:33:04.942023834Z vs. now: 2026-05-09T05:33:04.141432748Z). Replace timestamp: Some(7637760893647362467/ade74ca0ac7c6389a28cbc898de27710)
2026-05-09T05:33:04.141468Z ERROR zenoh::net::routing::dispatcher::pubsub: Error treating timestamp for received Data (incoming timestamp from c429911f5f747ce9a170b96ba127398e exceeding delta 500ms is rejected: 2026-05-09T05:33:04.942023835Z vs. now: 2026-05-09T05:33:04.141466849Z). Replace timestamp: Some(7637760893647362468/ade74ca0ac7c6389a28cbc898de27710)
2026-05-09T05:33:04.141485Z ERROR zenoh::net::routing::dispatcher::pubsub: Error treating timestamp for received Data (incoming timestamp from c429911f5f747ce9a170b96ba127398e exceeding delta 500ms is rejected: 2026-05-09T05:33:04.942023835Z vs. now: 2026-05-09T05:33:04.141484779Z). Replace timestamp: Some(7637760893647362469/ade74ca0ac7c6389a28cbc898de27710)
2026-05-09T05:33:04.141499Z ERROR zenoh::net::routing::dispatcher::pubsub: Error treating timestamp for received Data (incoming timestamp from c429911f5f747ce9a170b96ba127398e exceeding delta 500ms is rejected: 2026-05-09T05:33:04.942023836Z vs. now: 2026-05-09T05:33:04.141496692Z). Replace timestamp: Some(7637760893646305630/c429911f5f747ce9a170b96ba127398e)
2026-05-09T05:33:04.141509Z ERROR zenoh::net::routing::dispatcher::pubsub: Error treating timestamp for received Data (incoming timestamp from c429911f5f747ce9a170b96ba127398e exceeding delta 500ms is rejected: 2026-05-09T05:33:04.942023836Z vs. now: 2026-05-09T05:33:04.141509120Z). Replace timestamp: Some(7637760893647362470/ade74ca0ac7c6389a28cbc898de27710)
2026-05-09T05:33:04.141577Z ERROR zenoh::net::routing::dispatcher::pubsub: Error treating timestamp for received Data (incoming timestamp from c429911f5f747ce9a170b96ba127398e exceeding delta 500ms is rejected: 2026-05-09T05:33:04.942023836Z vs. now: 2026-05-09T05:33:04.141575903Z). Replace timestamp: Some(7637760893646305632/c429911f5f747ce9a170b96ba127398e)
2026-05-09T05:33:04.141586Z ERROR zenoh::net::routing::dispatcher::pubsub: Error treating timestamp for received Data (incoming timestamp from c429911f5f747ce9a170b96ba127398e exceeding delta 500ms is rejected: 2026-05-09T05:33:04.942023837Z vs. now: 2026-05-09T05:33:04.141586241Z). Replace timestamp: Some(7637760893646305634/c429911f5f747ce9a170b96ba127398e)
2026-05-09T05:33:04.141592Z ERROR zenoh::net::routing::dispatcher::pubsub: Error treating timestamp for received Data (incoming timestamp from c429911f5f747ce9a170b96ba127398e exceeding delta 500ms is rejected: 2026-05-09T05:33:04.942023837Z vs. now: 2026-05-09T05:33:04.141591840Z). Replace timestamp: Some(7637760893646305636/c429911f5f747ce9a170b96ba127398e)
2026-05-09T05:33:04.141596Z ERROR zenoh::net::routing::dispatcher::pubsub: Error treating timestamp for received Data (incoming timestamp from c429911f5f747ce9a170b96ba127398e exceeding delta 500ms is rejected: 2026-05-09T05:33:04.942023838Z vs. now: 2026-05-09T05:33:04.141596281Z). Replace timestamp: Some(7637760893646305638/c429911f5f747ce9a170b96ba127398e)
2026-05-09T05:33:04.141620Z ERROR zenoh::net::routing::dispatcher::pubsub: Error treating timestamp for received Data (incoming timestamp from c429911f5f747ce9a170b96ba127398e exceeding delta 500ms is rejected: 2026-05-09T05:33:04.942023836Z vs. now: 2026-05-09T05:33:04.141618673Z). Replace timestamp: Some(7637760893647362471/ade74ca0ac7c6389a28cbc898de27710)
2026-05-09T05:33:04.141628Z ERROR zenoh::net::routing::dispatcher::pubsub: Error treating timestamp for received Data (incoming timestamp from c429911f5f747ce9a170b96ba127398e exceeding delta 500ms is rejected: 2026-05-09T05:33:04.942023838Z vs. now: 2026-05-09T05:33:04.141626560Z). Replace timestamp: Some(7637760893646305640/c429911f5f747ce9a170b96ba127398e)
2026-05-09T05:33:04.141652Z ERROR zenoh::net::routing::dispatcher::pubsub: Error treating timestamp for received Data (incoming timestamp from c429911f5f747ce9a170b96ba127398e exceeding delta 500ms is rejected: 2026-05-09T05:33:04.942023837Z vs. now: 2026-05-09T05:33:04.141650640Z). Replace timestamp: Some(7637760893647362472/ade74ca0ac7c6389a28cbc898de27710)
2026-05-09T05:33:04.141722Z ERROR zenoh::net::routing::dispatcher::pubsub: Error treating timestamp for received Data (incoming timestamp from c429911f5f747ce9a170b96ba127398e exceeding delta 500ms is rejected: 2026-05-09T05:33:04.942023837Z vs. now: 2026-05-09T05:33:04.141720325Z). Replace timestamp: Some(7637760893647362473/ade74ca0ac7c6389a28cbc898de27710)
2026-05-09T05:33:04.141662Z ERROR zenoh::net::routing::dispatcher::pubsub: Error treating timestamp for received Data (incoming timestamp from c429911f5f747ce9a170b96ba127398e exceeding delta 500ms is rejected: 2026-05-09T05:33:04.942023839Z vs. now: 2026-05-09T05:33:04.141660847Z). Replace timestamp: Some(7637760893646305642/c429911f5f747ce9a170b96ba127398e)
2026-05-09T05:33:04.141757Z ERROR zenoh::net::routing::dispatcher::pubsub: Error treating timestamp for received Data (incoming timestamp from c429911f5f747ce9a170b96ba127398e exceeding delta 500ms is rejected: 2026-05-09T05:33:04.942023838Z vs. now: 2026-05-09T05:33:04.141755425Z). Replace timestamp: Some(7637760893647362474/ade74ca0ac7c6389a28cbc898de27710)
2026-05-09T05:33:04.141853Z ERROR zenoh::net::routing::dispatcher::pubsub: Error treating timestamp for received Data (incoming timestamp from c429911f5f747ce9a170b96ba127398e exceeding delta 500ms is rejected: 2026-05-09T05:33:04.942023838Z vs. now: 2026-05-09T05:33:04.141850591Z). Replace timestamp: Some(7637760893647362475/ade74ca0ac7c6389a28cbc898de27710)
2026-05-09T05:33:04.141876Z ERROR zenoh::net::routing::dispatcher::pubsub: Error treating timestamp for received Data (incoming timestamp from c429911f5f747ce9a170b96ba127398e exceeding delta 500ms is rejected: 2026-05-09T05:33:04.942023838Z vs. now: 2026-05-09T05:33:04.141875439Z). Replace timestamp: Some(7637760893647362476/ade74ca0ac7c6389a28cbc898de27710)
2026-05-09T05:33:04.141900Z ERROR zenoh::net::routing::dispatcher::pubsub: Error treating timestamp for received Data (incoming timestamp from c429911f5f747ce9a170b96ba127398e exceeding delta 500ms is rejected: 2026-05-09T05:33:04.942023839Z vs. now: 2026-05-09T05:33:04.141889308Z). Replace timestamp: Some(7637760893646305644/c429911f5f747ce9a170b96ba127398e)
2026-05-09T05:33:04.141914Z ERROR zenoh::net::routing::dispatcher::pubsub: Error treating timestamp for received Data (incoming timestamp from c429911f5f747ce9a170b96ba127398e exceeding delta 500ms is rejected: 2026-05-09T05:33:04.942023839Z vs. now: 2026-05-09T05:33:04.141912334Z). Replace timestamp: Some(7637760893647362477/ade74ca0ac7c6389a28cbc898de27710)
2026-05-09T05:33:04.141983Z ERROR zenoh::net::routing::dispatcher::pubsub: Error treating timestamp for received Data (incoming timestamp from c429911f5f747ce9a170b96ba127398e exceeding delta 500ms is rejected: 2026-05-09T05:33:04.942023840Z vs. now: 2026-05-09T05:33:04.141980663Z). Replace timestamp: Some(7637760893646305646/c429911f5f747ce9a170b96ba127398e)
2026-05-09T05:33:04.142081Z ERROR zenoh::net::routing::dispatcher::pubsub: Error treating timestamp for received Data (incoming timestamp from c429911f5f747ce9a170b96ba127398e exceeding delta 500ms is rejected: 2026-05-09T05:33:04.942023839Z vs. now: 2026-05-09T05:33:04.142079007Z). Replace timestamp: Some(7637760893647362478/ade74ca0ac7c6389a28cbc898de27710)
2026-05-09T05:33:04.142093Z ERROR zenoh::net::routing::dispatcher::pubsub: Error treating timestamp for received Data (incoming timestamp from c429911f5f747ce9a170b96ba127398e exceeding delta 500ms is rejected: 2026-05-09T05:33:04.942023840Z vs. now: 2026-05-09T05:33:04.142090790Z). Replace timestamp: Some(7637760893646305648/c429911f5f747ce9a170b96ba127398e)
2026-05-09T05:33:04.142113Z ERROR zenoh::net::routing::dispatcher::pubsub: Error treating timestamp for received Data (incoming timestamp from c429911f5f747ce9a170b96ba127398e exceeding delta 500ms is rejected: 2026-05-09T05:33:04.942023841Z vs. now: 2026-05-09T05:33:04.142112524Z). Replace timestamp: Some(7637760893646305650/c429911f5f747ce9a170b96ba127398e)
2026-05-09T05:33:04.142122Z ERROR zenoh::net::routing::dispatcher::pubsub: Error treating timestamp for received Data (incoming timestamp from c429911f5f747ce9a170b96ba127398e exceeding delta 500ms is rejected: 2026-05-09T05:33:04.942023840Z vs. now: 2026-05-09T05:33:04.142120950Z). Replace timestamp: Some(7637760893647362479/ade74ca0ac7c6389a28cbc898de27710)
2026-05-09T05:33:04.142254Z ERROR zenoh::net::routing::dispatcher::pubsub: Error treating timestamp for received Data (incoming timestamp from c429911f5f747ce9a170b96ba127398e exceeding delta 500ms is rejected: 2026-05-09T05:33:04.942023841Z vs. now: 2026-05-09T05:33:04.142251853Z). Replace timestamp: Some(7637760893646305652/c429911f5f747ce9a170b96ba127398e)
2026-05-09T05:33:04.142258Z ERROR zenoh::net::routing::dispatcher::pubsub: Error treating timestamp for received Data (incoming timestamp from c429911f5f747ce9a170b96ba127398e exceeding delta 500ms is rejected: 2026-05-09T05:33:04.942023840Z vs. now: 2026-05-09T05:33:04.142256272Z). Replace timestamp: Some(7637760893647362480/ade74ca0ac7c6389a28cbc898de27710)
2026-05-09T05:33:04.142398Z ERROR zenoh::net::routing::dispatcher::pubsub: Error treating timestamp for received Data (incoming timestamp from c429911f5f747ce9a170b96ba127398e exceeding delta 500ms is rejected: 2026-05-09T05:33:04.942023841Z vs. now: 2026-05-09T05:33:04.142395478Z). Replace timestamp: Some(7637760893646305654/c429911f5f747ce9a170b96ba127398e)
2026-05-09T05:33:04.142402Z ERROR zenoh::net::routing::dispatcher::pubsub: Error treating timestamp for received Data (incoming timestamp from c429911f5f747ce9a170b96ba127398e exceeding delta 500ms is rejected: 2026-05-09T05:33:04.942023841Z vs. now: 2026-05-09T05:33:04.142399405Z). Replace timestamp: Some(7637760893647362481/ade74ca0ac7c6389a28cbc898de27710)
2026-05-09T05:33:04.142544Z ERROR zenoh::net::routing::dispatcher::pubsub: Error treating timestamp for received Data (incoming timestamp from c429911f5f747ce9a170b96ba127398e exceeding delta 500ms is rejected: 2026-05-09T05:33:04.942023842Z vs. now: 2026-05-09T05:33:04.142541670Z). Replace timestamp: Some(7637760893646305656/c429911f5f747ce9a170b96ba127398e)
2026-05-09T05:33:04.142576Z ERROR zenoh::net::routing::dispatcher::pubsub: Error treating timestamp for received Data (incoming timestamp from c429911f5f747ce9a170b96ba127398e exceeding delta 500ms is rejected: 2026-05-09T05:33:04.942023841Z vs. now: 2026-05-09T05:33:04.142573406Z). Replace timestamp: Some(7637760893647362482/ade74ca0ac7c6389a28cbc898de27710)
2026-05-09T05:33:04.142685Z ERROR zenoh::net::routing::dispatcher::pubsub: Error treating timestamp for received Data (incoming timestamp from c429911f5f747ce9a170b96ba127398e exceeding delta 500ms is rejected: 2026-05-09T05:33:04.942023842Z vs. now: 2026-05-09T05:33:04.142683987Z). Replace timestamp: Some(7637760893647362483/ade74ca0ac7c6389a28cbc898de27710)
2026-05-09T05:33:04.142693Z ERROR zenoh::net::routing::dispatcher::pubsub: Error treating timestamp for received Data (incoming timestamp from c429911f5f747ce9a170b96ba127398e exceeding delta 500ms is rejected: 2026-05-09T05:33:04.942023842Z vs. now: 2026-05-09T05:33:04.142690085Z). Replace timestamp: Some(7637760893646305658/c429911f5f747ce9a170b96ba127398e)
2026-05-09T05:33:04.142782Z ERROR zenoh::net::routing::dispatcher::pubsub: Error treating timestamp for received Data (incoming timestamp from c429911f5f747ce9a170b96ba127398e exceeding delta 500ms is rejected: 2026-05-09T05:33:04.942023842Z vs. now: 2026-05-09T05:33:04.142780245Z). Replace timestamp: Some(7637760893647362484/ade74ca0ac7c6389a28cbc898de27710)
2026-05-09T05:33:04.142823Z ERROR zenoh::net::routing::dispatcher::pubsub: Error treating timestamp for received Data (incoming timestamp from c429911f5f747ce9a170b96ba127398e exceeding delta 500ms is rejected: 2026-05-09T05:33:04.942023843Z vs. now: 2026-05-09T05:33:04.142821420Z). Replace timestamp: Some(7637760893646305660/c429911f5f747ce9a170b96ba127398e)
2026-05-09T05:33:04.142861Z ERROR zenoh::net::routing::dispatcher::pubsub: Error treating timestamp for received Data (incoming timestamp from c429911f5f747ce9a170b96ba127398e exceeding delta 500ms is rejected: 2026-05-09T05:33:04.942023843Z vs. now: 2026-05-09T05:33:04.142859981Z). Replace timestamp: Some(7637760893646305662/c429911f5f747ce9a170b96ba127398e)
2026-05-09T05:33:04.142870Z ERROR zenoh::net::routing::dispatcher::pubsub: Error treating timestamp for received Data (incoming timestamp from c429911f5f747ce9a170b96ba127398e exceeding delta 500ms is rejected: 2026-05-09T05:33:04.942023844Z vs. now: 2026-05-09T05:33:04.142869682Z). Replace timestamp: Some(7637760893646305664/c429911f5f747ce9a170b96ba127398e)
2026-05-09T05:33:04.142876Z ERROR zenoh::net::routing::dispatcher::pubsub: Error treating timestamp for received Data (incoming timestamp from c429911f5f747ce9a170b96ba127398e exceeding delta 500ms is rejected: 2026-05-09T05:33:04.942023844Z vs. now: 2026-05-09T05:33:04.142875869Z). Replace timestamp: Some(7637760893646305666/c429911f5f747ce9a170b96ba127398e)
2026-05-09T05:33:04.142880Z ERROR zenoh::net::routing::dispatcher::pubsub: Error treating timestamp for received Data (incoming timestamp from c429911f5f747ce9a170b96ba127398e exceeding delta 500ms is rejected: 2026-05-09T05:33:04.942023845Z vs. now: 2026-05-09T05:33:04.142880664Z). Replace timestamp: Some(7637760893646305668/c429911f5f747ce9a170b96ba127398e)
2026-05-09T05:33:04.143020Z ERROR zenoh::net::routing::dispatcher::pubsub: Error treating timestamp for received Data (incoming timestamp from c429911f5f747ce9a170b96ba127398e exceeding delta 500ms is rejected: 2026-05-09T05:33:04.942023843Z vs. now: 2026-05-09T05:33:04.143017401Z). Replace timestamp: Some(7637760893647362485/ade74ca0ac7c6389a28cbc898de27710)
2026-05-09T05:33:04.143075Z ERROR zenoh::net::routing::dispatcher::pubsub: Error treating timestamp for received Data (incoming timestamp from c429911f5f747ce9a170b96ba127398e exceeding delta 500ms is rejected: 2026-05-09T05:33:04.942023843Z vs. now: 2026-05-09T05:33:04.143073123Z). Replace timestamp: Some(7637760893647362486/ade74ca0ac7c6389a28cbc898de27710)
2026-05-09T05:33:04.143106Z ERROR zenoh::net::routing::dispatcher::pubsub: Error treating timestamp for received Data (incoming timestamp from c429911f5f747ce9a170b96ba127398e exceeding delta 500ms is rejected: 2026-05-09T05:33:04.942023844Z vs. now: 2026-05-09T05:33:04.143104505Z). Replace timestamp: Some(7637760893647362487/ade74ca0ac7c6389a28cbc898de27710)
2026-05-09T05:33:04.143119Z ERROR zenoh::net::routing::dispatcher::pubsub: Error treating timestamp for received Data (incoming timestamp from c429911f5f747ce9a170b96ba127398e exceeding delta 500ms is rejected: 2026-05-09T05:33:04.942023844Z vs. now: 2026-05-09T05:33:04.143118755Z). Replace timestamp: Some(7637760893647362488/ade74ca0ac7c6389a28cbc898de27710)
2026-05-09T05:33:04.143124Z ERROR zenoh::net::routing::dispatcher::pubsub: Error treating timestamp for received Data (incoming timestamp from c429911f5f747ce9a170b96ba127398e exceeding delta 500ms is rejected: 2026-05-09T05:33:04.942023844Z vs. now: 2026-05-09T05:33:04.143124108Z). Replace timestamp: Some(7637760893647362489/ade74ca0ac7c6389a28cbc898de27710)
2026-05-09T05:33:04.143133Z ERROR zenoh::net::routing::dispatcher::pubsub: Error treating timestamp for received Data (incoming timestamp from c429911f5f747ce9a170b96ba127398e exceeding delta 500ms is rejected: 2026-05-09T05:33:04.942023845Z vs. now: 2026-05-09T05:33:04.143132821Z). Replace timestamp: Some(7637760893647362490/ade74ca0ac7c6389a28cbc898de27710)
2026-05-09T05:33:04.144358Z ERROR zenoh::net::routing::dispatcher::pubsub: Error treating timestamp for received Data (incoming timestamp from c429911f5f747ce9a170b96ba127398e exceeding delta 500ms is rejected: 2026-05-09T05:33:04.942023845Z vs. now: 2026-05-09T05:33:04.144355041Z). Replace timestamp: Some(7637760893646305670/c429911f5f747ce9a170b96ba127398e)
2026-05-09T05:33:04.144429Z ERROR zenoh::net::routing::dispatcher::pubsub: Error treating timestamp for received Data (incoming timestamp from c429911f5f747ce9a170b96ba127398e exceeding delta 500ms is rejected: 2026-05-09T05:33:04.942023846Z vs. now: 2026-05-09T05:33:04.144428332Z). Replace timestamp: Some(7637760893646305672/c429911f5f747ce9a170b96ba127398e)
2026-05-09T05:33:04.144440Z ERROR zenoh::net::routing::dispatcher::pubsub: Error treating timestamp for received Data (incoming timestamp from c429911f5f747ce9a170b96ba127398e exceeding delta 500ms is rejected: 2026-05-09T05:33:04.942023846Z vs. now: 2026-05-09T05:33:04.144439582Z). Replace timestamp: Some(7637760893646305674/c429911f5f747ce9a170b96ba127398e)
2026-05-09T05:33:04.144446Z ERROR zenoh::net::routing::dispatcher::pubsub: Error treating timestamp for received Data (incoming timestamp from c429911f5f747ce9a170b96ba127398e exceeding delta 500ms is rejected: 2026-05-09T05:33:04.942023847Z vs. now: 2026-05-09T05:33:04.144446169Z). Replace timestamp: Some(7637760893646305676/c429911f5f747ce9a170b96ba127398e)
2026-05-09T05:33:04.144452Z ERROR zenoh::net::routing::dispatcher::pubsub: Error treating timestamp for received Data (incoming timestamp from c429911f5f747ce9a170b96ba127398e exceeding delta 500ms is rejected: 2026-05-09T05:33:04.942023847Z vs. now: 2026-05-09T05:33:04.144451503Z). Replace timestamp: Some(7637760893646305678/c429911f5f747ce9a170b96ba127398e)
2026-05-09T05:33:04.144457Z ERROR zenoh::net::routing::dispatcher::pubsub: Error treating timestamp for received Data (incoming timestamp from c429911f5f747ce9a170b96ba127398e exceeding delta 500ms is rejected: 2026-05-09T05:33:04.942023848Z vs. now: 2026-05-09T05:33:04.144456730Z). Replace timestamp: Some(7637760893646305680/c429911f5f747ce9a170b96ba127398e)
2026-05-09T05:33:04.144462Z ERROR zenoh::net::routing::dispatcher::pubsub: Error treating timestamp for received Data (incoming timestamp from c429911f5f747ce9a170b96ba127398e exceeding delta 500ms is rejected: 2026-05-09T05:33:04.942023848Z vs. now: 2026-05-09T05:33:04.144461703Z). Replace timestamp: Some(7637760893646305682/c429911f5f747ce9a170b96ba127398e)
2026-05-09T05:33:04.144466Z ERROR zenoh::net::routing::dispatcher::pubsub: Error treating timestamp for received Data (incoming timestamp from c429911f5f747ce9a170b96ba127398e exceeding delta 500ms is rejected: 2026-05-09T05:33:04.942023848Z vs. now: 2026-05-09T05:33:04.144466460Z). Replace timestamp: Some(7637760893646305684/c429911f5f747ce9a170b96ba127398e)
2026-05-09T05:33:04.144475Z ERROR zenoh::net::routing::dispatcher::pubsub: Error treating timestamp for received Data (incoming timestamp from c429911f5f747ce9a170b96ba127398e exceeding delta 500ms is rejected: 2026-05-09T05:33:04.942023849Z vs. now: 2026-05-09T05:33:04.144475341Z). Replace timestamp: Some(7637760893646305686/c429911f5f747ce9a170b96ba127398e)
2026-05-09T05:33:04.144482Z ERROR zenoh::net::routing::dispatcher::pubsub: Error treating timestamp for received Data (incoming timestamp from c429911f5f747ce9a170b96ba127398e exceeding delta 500ms is rejected: 2026-05-09T05:33:04.942023849Z vs. now: 2026-05-09T05:33:04.144482051Z). Replace timestamp: Some(7637760893646305688/c429911f5f747ce9a170b96ba127398e)
2026-05-09T05:33:04.144486Z ERROR zenoh::net::routing::dispatcher::pubsub: Error treating timestamp for received Data (incoming timestamp from c429911f5f747ce9a170b96ba127398e exceeding delta 500ms is rejected: 2026-05-09T05:33:04.942023850Z vs. now: 2026-05-09T05:33:04.144486476Z). Replace timestamp: Some(7637760893646305690/c429911f5f747ce9a170b96ba127398e)
2026-05-09T05:33:04.144492Z ERROR zenoh::net::routing::dispatcher::pubsub: Error treating timestamp for received Data (incoming timestamp from c429911f5f747ce9a170b96ba127398e exceeding delta 500ms is rejected: 2026-05-09T05:33:04.942023850Z vs. now: 2026-05-09T05:33:04.144491945Z). Replace timestamp: Some(7637760893646305692/c429911f5f747ce9a170b96ba127398e)
2026-05-09T05:33:04.144500Z ERROR zenoh::net::routing::dispatcher::pubsub: Error treating timestamp for received Data (incoming timestamp from c429911f5f747ce9a170b96ba127398e exceeding delta 500ms is rejected: 2026-05-09T05:33:04.942023851Z vs. now: 2026-05-09T05:33:04.144500163Z). Replace timestamp: Some(7637760893646305694/c429911f5f747ce9a170b96ba127398e)
2026-05-09T05:33:04.144505Z ERROR zenoh::net::routing::dispatcher::pubsub: Error treating timestamp for received Data (incoming timestamp from c429911f5f747ce9a170b96ba127398e exceeding delta 500ms is rejected: 2026-05-09T05:33:04.942023851Z vs. now: 2026-05-09T05:33:04.144504827Z). Replace timestamp: Some(7637760893646305696/c429911f5f747ce9a170b96ba127398e)
2026-05-09T05:33:04.144509Z ERROR zenoh::net::routing::dispatcher::pubsub: Error treating timestamp for received Data (incoming timestamp from c429911f5f747ce9a170b96ba127398e exceeding delta 500ms is rejected: 2026-05-09T05:33:04.942023852Z vs. now: 2026-05-09T05:33:04.144509309Z). Replace timestamp: Some(7637760893646305698/c429911f5f747ce9a170b96ba127398e)
2026-05-09T05:33:04.144513Z ERROR zenoh::net::routing::dispatcher::pubsub: Error treating timestamp for received Data (incoming timestamp from c429911f5f747ce9a170b96ba127398e exceeding delta 500ms is rejected: 2026-05-09T05:33:04.942023852Z vs. now: 2026-05-09T05:33:04.144513675Z). Replace timestamp: Some(7637760893646305700/c429911f5f747ce9a170b96ba127398e)
2026-05-09T05:33:04.144588Z ERROR zenoh::net::routing::dispatcher::pubsub: Error treating timestamp for received Data (incoming timestamp from c429911f5f747ce9a170b96ba127398e exceeding delta 500ms is rejected: 2026-05-09T05:33:04.942023845Z vs. now: 2026-05-09T05:33:04.144582600Z). Replace timestamp: Some(7637760893647362491/ade74ca0ac7c6389a28cbc898de27710)
2026-05-09T05:33:04.144690Z ERROR zenoh::net::routing::dispatcher::pubsub: Error treating timestamp for received Data (incoming timestamp from c429911f5f747ce9a170b96ba127398e exceeding delta 500ms is rejected: 2026-05-09T05:33:04.942023846Z vs. now: 2026-05-09T05:33:04.144686677Z). Replace timestamp: Some(7637760893647362492/ade74ca0ac7c6389a28cbc898de27710)
2026-05-09T05:33:04.144795Z ERROR zenoh::net::routing::dispatcher::pubsub: Error treating timestamp for received Data (incoming timestamp from c429911f5f747ce9a170b96ba127398e exceeding delta 500ms is rejected: 2026-05-09T05:33:04.942023846Z vs. now: 2026-05-09T05:33:04.144791615Z). Replace timestamp: Some(7637760893647362493/ade74ca0ac7c6389a28cbc898de27710)
2026-05-09T05:33:04.144892Z ERROR zenoh::net::routing::dispatcher::pubsub: Error treating timestamp for received Data (incoming timestamp from c429911f5f747ce9a170b96ba127398e exceeding delta 500ms is rejected: 2026-05-09T05:33:04.942023847Z vs. now: 2026-05-09T05:33:04.144889240Z). Replace timestamp: Some(7637760893647362494/ade74ca0ac7c6389a28cbc898de27710)
2026-05-09T05:33:04.144961Z ERROR zenoh::net::routing::dispatcher::pubsub: Error treating timestamp for received Data (incoming timestamp from c429911f5f747ce9a170b96ba127398e exceeding delta 500ms is rejected: 2026-05-09T05:33:04.942023847Z vs. now: 2026-05-09T05:33:04.144958299Z). Replace timestamp: Some(7637760893647362495/ade74ca0ac7c6389a28cbc898de27710)
2026-05-09T05:33:04.145053Z ERROR zenoh::net::routing::dispatcher::pubsub: Error treating timestamp for received Data (incoming timestamp from c429911f5f747ce9a170b96ba127398e exceeding delta 500ms is rejected: 2026-05-09T05:33:04.942023848Z vs. now: 2026-05-09T05:33:04.145049785Z). Replace timestamp: Some(7637760893647362496/ade74ca0ac7c6389a28cbc898de27710)
2026-05-09T05:33:04.145134Z ERROR zenoh::net::routing::dispatcher::pubsub: Error treating timestamp for received Data (incoming timestamp from c429911f5f747ce9a170b96ba127398e exceeding delta 500ms is rejected: 2026-05-09T05:33:04.942023848Z vs. now: 2026-05-09T05:33:04.145131134Z). Replace timestamp: Some(7637760893647362497/ade74ca0ac7c6389a28cbc898de27710)
2026-05-09T05:33:04.145235Z ERROR zenoh::net::routing::dispatcher::pubsub: Error treating timestamp for received Data (incoming timestamp from c429911f5f747ce9a170b96ba127398e exceeding delta 500ms is rejected: 2026-05-09T05:33:04.942023849Z vs. now: 2026-05-09T05:33:04.145231471Z). Replace timestamp: Some(7637760893647362498/ade74ca0ac7c6389a28cbc898de27710)
2026-05-09T05:33:04.145295Z ERROR zenoh::net::routing::dispatcher::pubsub: Error treating timestamp for received Data (incoming timestamp from c429911f5f747ce9a170b96ba127398e exceeding delta 500ms is rejected: 2026-05-09T05:33:04.942023849Z vs. now: 2026-05-09T05:33:04.145292309Z). Replace timestamp: Some(7637760893647362499/ade74ca0ac7c6389a28cbc898de27710)
2026-05-09T05:33:04.145404Z ERROR zenoh::net::routing::dispatcher::pubsub: Error treating timestamp for received Data (incoming timestamp from c429911f5f747ce9a170b96ba127398e exceeding delta 500ms is rejected: 2026-05-09T05:33:04.942023850Z vs. now: 2026-05-09T05:33:04.145401296Z). Replace timestamp: Some(7637760893647362500/ade74ca0ac7c6389a28cbc898de27710)
2026-05-09T05:33:04.145507Z ERROR zenoh::net::routing::dispatcher::pubsub: Error treating timestamp for received Data (incoming timestamp from c429911f5f747ce9a170b96ba127398e exceeding delta 500ms is rejected: 2026-05-09T05:33:04.942023850Z vs. now: 2026-05-09T05:33:04.145503644Z). Replace timestamp: Some(7637760893647362501/ade74ca0ac7c6389a28cbc898de27710)
2026-05-09T05:33:04.145567Z ERROR zenoh::net::routing::dispatcher::pubsub: Error treating timestamp for received Data (incoming timestamp from c429911f5f747ce9a170b96ba127398e exceeding delta 500ms is rejected: 2026-05-09T05:33:04.942023851Z vs. now: 2026-05-09T05:33:04.145565544Z). Replace timestamp: Some(7637760893647362502/ade74ca0ac7c6389a28cbc898de27710)
2026-05-09T05:33:04.145576Z ERROR zenoh::net::routing::dispatcher::pubsub: Error treating timestamp for received Data (incoming timestamp from c429911f5f747ce9a170b96ba127398e exceeding delta 500ms is rejected: 2026-05-09T05:33:04.942023851Z vs. now: 2026-05-09T05:33:04.145575818Z). Replace timestamp: Some(7637760893647362503/ade74ca0ac7c6389a28cbc898de27710)
2026-05-09T05:33:04.145581Z ERROR zenoh::net::routing::dispatcher::pubsub: Error treating timestamp for received Data (incoming timestamp from c429911f5f747ce9a170b96ba127398e exceeding delta 500ms is rejected: 2026-05-09T05:33:04.942023851Z vs. now: 2026-05-09T05:33:04.145580926Z). Replace timestamp: Some(7637760893647362504/ade74ca0ac7c6389a28cbc898de27710)
2026-05-09T05:33:04.145587Z ERROR zenoh::net::routing::dispatcher::pubsub: Error treating timestamp for received Data (incoming timestamp from c429911f5f747ce9a170b96ba127398e exceeding delta 500ms is rejected: 2026-05-09T05:33:04.942023852Z vs. now: 2026-05-09T05:33:04.145587460Z). Replace timestamp: Some(7637760893647362505/ade74ca0ac7c6389a28cbc898de27710)
2026-05-09T05:33:04.145592Z ERROR zenoh::net::routing::dispatcher::pubsub: Error treating timestamp for received Data (incoming timestamp from c429911f5f747ce9a170b96ba127398e exceeding delta 500ms is rejected: 2026-05-09T05:33:04.942023852Z vs. now: 2026-05-09T05:33:04.145591796Z). Replace timestamp: Some(7637760893647362506/ade74ca0ac7c6389a28cbc898de27710)
2026-05-09T05:33:04.145656Z ERROR zenoh::net::routing::dispatcher::pubsub: Error treating timestamp for received Data (incoming timestamp from c429911f5f747ce9a170b96ba127398e exceeding delta 500ms is rejected: 2026-05-09T05:33:04.942023853Z vs. now: 2026-05-09T05:33:04.145653692Z). Replace timestamp: Some(7637760893646305702/c429911f5f747ce9a170b96ba127398e)
2026-05-09T05:33:04.145717Z ERROR zenoh::net::routing::dispatcher::pubsub: Error treating timestamp for received Data (incoming timestamp from c429911f5f747ce9a170b96ba127398e exceeding delta 500ms is rejected: 2026-05-09T05:33:04.942023853Z vs. now: 2026-05-09T05:33:04.145715867Z). Replace timestamp: Some(7637760893646305704/c429911f5f747ce9a170b96ba127398e)
2026-05-09T05:33:04.145751Z ERROR zenoh::net::routing::dispatcher::pubsub: Error treating timestamp for received Data (incoming timestamp from c429911f5f747ce9a170b96ba127398e exceeding delta 500ms is rejected: 2026-05-09T05:33:04.942023854Z vs. now: 2026-05-09T05:33:04.145750475Z). Replace timestamp: Some(7637760893646305706/c429911f5f747ce9a170b96ba127398e)
2026-05-09T05:33:04.145805Z ERROR zenoh::net::routing::dispatcher::pubsub: Error treating timestamp for received Data (incoming timestamp from c429911f5f747ce9a170b96ba127398e exceeding delta 500ms is rejected: 2026-05-09T05:33:04.942023854Z vs. now: 2026-05-09T05:33:04.145804365Z). Replace timestamp: Some(7637760893646305708/c429911f5f747ce9a170b96ba127398e)
2026-05-09T05:33:04.145814Z ERROR zenoh::net::routing::dispatcher::pubsub: Error treating timestamp for received Data (incoming timestamp from c429911f5f747ce9a170b96ba127398e exceeding delta 500ms is rejected: 2026-05-09T05:33:04.942023855Z vs. now: 2026-05-09T05:33:04.145814106Z). Replace timestamp: Some(7637760893646305710/c429911f5f747ce9a170b96ba127398e)
2026-05-09T05:33:04.145820Z ERROR zenoh::net::routing::dispatcher::pubsub: Error treating timestamp for received Data (incoming timestamp from c429911f5f747ce9a170b96ba127398e exceeding delta 500ms is rejected: 2026-05-09T05:33:04.942023855Z vs. now: 2026-05-09T05:33:04.145820037Z). Replace timestamp: Some(7637760893646305712/c429911f5f747ce9a170b96ba127398e)
2026-05-09T05:33:04.145825Z ERROR zenoh::net::routing::dispatcher::pubsub: Error treating timestamp for received Data (incoming timestamp from c429911f5f747ce9a170b96ba127398e exceeding delta 500ms is rejected: 2026-05-09T05:33:04.942023855Z vs. now: 2026-05-09T05:33:04.145825193Z). Replace timestamp: Some(7637760893646305714/c429911f5f747ce9a170b96ba127398e)
2026-05-09T05:33:04.145830Z ERROR zenoh::net::routing::dispatcher::pubsub: Error treating timestamp for received Data (incoming timestamp from c429911f5f747ce9a170b96ba127398e exceeding delta 500ms is rejected: 2026-05-09T05:33:04.942023856Z vs. now: 2026-05-09T05:33:04.145829980Z). Replace timestamp: Some(7637760893646305716/c429911f5f747ce9a170b96ba127398e)
2026-05-09T05:33:04.145834Z ERROR zenoh::net::routing::dispatcher::pubsub: Error treating timestamp for received Data (incoming timestamp from c429911f5f747ce9a170b96ba127398e exceeding delta 500ms is rejected: 2026-05-09T05:33:04.942023856Z vs. now: 2026-05-09T05:33:04.145834525Z). Replace timestamp: Some(7637760893646305718/c429911f5f747ce9a170b96ba127398e)
2026-05-09T05:33:04.145839Z ERROR zenoh::net::routing::dispatcher::pubsub: Error treating timestamp for received Data (incoming timestamp from c429911f5f747ce9a170b96ba127398e exceeding delta 500ms is rejected: 2026-05-09T05:33:04.942023857Z vs. now: 2026-05-09T05:33:04.145839569Z). Replace timestamp: Some(7637760893646305720/c429911f5f747ce9a170b96ba127398e)
2026-05-09T05:33:04.145844Z ERROR zenoh::net::routing::dispatcher::pubsub: Error treating timestamp for received Data (incoming timestamp from c429911f5f747ce9a170b96ba127398e exceeding delta 500ms is rejected: 2026-05-09T05:33:04.942023857Z vs. now: 2026-05-09T05:33:04.145844326Z). Replace timestamp: Some(7637760893646305722/c429911f5f747ce9a170b96ba127398e)
2026-05-09T05:33:04.145849Z ERROR zenoh::net::routing::dispatcher::pubsub: Error treating timestamp for received Data (incoming timestamp from c429911f5f747ce9a170b96ba127398e exceeding delta 500ms is rejected: 2026-05-09T05:33:04.942023858Z vs. now: 2026-05-09T05:33:04.145849042Z). Replace timestamp: Some(7637760893646305724/c429911f5f747ce9a170b96ba127398e)
2026-05-09T05:33:04.145857Z ERROR zenoh::net::routing::dispatcher::pubsub: Error treating timestamp for received Data (incoming timestamp from c429911f5f747ce9a170b96ba127398e exceeding delta 500ms is rejected: 2026-05-09T05:33:04.942023858Z vs. now: 2026-05-09T05:33:04.145856973Z). Replace timestamp: Some(7637760893646305726/c429911f5f747ce9a170b96ba127398e)
2026-05-09T05:33:04.145861Z ERROR zenoh::net::routing::dispatcher::pubsub: Error treating timestamp for received Data (incoming timestamp from c429911f5f747ce9a170b96ba127398e exceeding delta 500ms is rejected: 2026-05-09T05:33:04.942023859Z vs. now: 2026-05-09T05:33:04.145861414Z). Replace timestamp: Some(7637760893646305728/c429911f5f747ce9a170b96ba127398e)
2026-05-09T05:33:04.145911Z ERROR zenoh::net::routing::dispatcher::pubsub: Error treating timestamp for received Data (incoming timestamp from c429911f5f747ce9a170b96ba127398e exceeding delta 500ms is rejected: 2026-05-09T05:33:04.942023853Z vs. now: 2026-05-09T05:33:04.145909243Z). Replace timestamp: Some(7637760893647362507/ade74ca0ac7c6389a28cbc898de27710)
2026-05-09T05:33:04.145962Z ERROR zenoh::net::routing::dispatcher::pubsub: Error treating timestamp for received Data (incoming timestamp from c429911f5f747ce9a170b96ba127398e exceeding delta 500ms is rejected: 2026-05-09T05:33:04.942023853Z vs. now: 2026-05-09T05:33:04.145960473Z). Replace timestamp: Some(7637760893647362508/ade74ca0ac7c6389a28cbc898de27710)
2026-05-09T05:33:04.146000Z ERROR zenoh::net::routing::dispatcher::pubsub: Error treating timestamp for received Data (incoming timestamp from c429911f5f747ce9a170b96ba127398e exceeding delta 500ms is rejected: 2026-05-09T05:33:04.942023854Z vs. now: 2026-05-09T05:33:04.145998225Z). Replace timestamp: Some(7637760893647362509/ade74ca0ac7c6389a28cbc898de27710)
2026-05-09T05:33:04.146012Z ERROR zenoh::net::routing::dispatcher::pubsub: Error treating timestamp for received Data (incoming timestamp from c429911f5f747ce9a170b96ba127398e exceeding delta 500ms is rejected: 2026-05-09T05:33:04.942023854Z vs. now: 2026-05-09T05:33:04.146011644Z). Replace timestamp: Some(7637760893647362510/ade74ca0ac7c6389a28cbc898de27710)
2026-05-09T05:33:04.146040Z ERROR zenoh::net::routing::dispatcher::pubsub: Error treating timestamp for received Data (incoming timestamp from c429911f5f747ce9a170b96ba127398e exceeding delta 500ms is rejected: 2026-05-09T05:33:04.942023855Z vs. now: 2026-05-09T05:33:04.146038298Z). Replace timestamp: Some(7637760893647362511/ade74ca0ac7c6389a28cbc898de27710)
2026-05-09T05:33:04.146053Z ERROR zenoh::net::routing::dispatcher::pubsub: Error treating timestamp for received Data (incoming timestamp from c429911f5f747ce9a170b96ba127398e exceeding delta 500ms is rejected: 2026-05-09T05:33:04.942023855Z vs. now: 2026-05-09T05:33:04.146052335Z). Replace timestamp: Some(7637760893647362512/ade74ca0ac7c6389a28cbc898de27710)
2026-05-09T05:33:04.146082Z ERROR zenoh::net::routing::dispatcher::pubsub: Error treating timestamp for received Data (incoming timestamp from c429911f5f747ce9a170b96ba127398e exceeding delta 500ms is rejected: 2026-05-09T05:33:04.942023856Z vs. now: 2026-05-09T05:33:04.146080353Z). Replace timestamp: Some(7637760893647362513/ade74ca0ac7c6389a28cbc898de27710)
2026-05-09T05:33:04.146093Z ERROR zenoh::net::routing::dispatcher::pubsub: Error treating timestamp for received Data (incoming timestamp from c429911f5f747ce9a170b96ba127398e exceeding delta 500ms is rejected: 2026-05-09T05:33:04.942023856Z vs. now: 2026-05-09T05:33:04.146092415Z). Replace timestamp: Some(7637760893647362514/ade74ca0ac7c6389a28cbc898de27710)
2026-05-09T05:33:04.146103Z ERROR zenoh::net::routing::dispatcher::pubsub: Error treating timestamp for received Data (incoming timestamp from c429911f5f747ce9a170b96ba127398e exceeding delta 500ms is rejected: 2026-05-09T05:33:04.942023857Z vs. now: 2026-05-09T05:33:04.146103338Z). Replace timestamp: Some(7637760893647362515/ade74ca0ac7c6389a28cbc898de27710)
2026-05-09T05:33:04.146135Z ERROR zenoh::net::routing::dispatcher::pubsub: Error treating timestamp for received Data (incoming timestamp from c429911f5f747ce9a170b96ba127398e exceeding delta 500ms is rejected: 2026-05-09T05:33:04.942023857Z vs. now: 2026-05-09T05:33:04.146133610Z). Replace timestamp: Some(7637760893647362516/ade74ca0ac7c6389a28cbc898de27710)
2026-05-09T05:33:04.146187Z ERROR zenoh::net::routing::dispatcher::pubsub: Error treating timestamp for received Data (incoming timestamp from c429911f5f747ce9a170b96ba127398e exceeding delta 500ms is rejected: 2026-05-09T05:33:04.942023858Z vs. now: 2026-05-09T05:33:04.146185756Z). Replace timestamp: Some(7637760893647362517/ade74ca0ac7c6389a28cbc898de27710)
2026-05-09T05:33:04.146223Z ERROR zenoh::net::routing::dispatcher::pubsub: Error treating timestamp for received Data (incoming timestamp from c429911f5f747ce9a170b96ba127398e exceeding delta 500ms is rejected: 2026-05-09T05:33:04.942023858Z vs. now: 2026-05-09T05:33:04.146221564Z). Replace timestamp: Some(7637760893647362518/ade74ca0ac7c6389a28cbc898de27710)
2026-05-09T05:33:04.146253Z ERROR zenoh::net::routing::dispatcher::pubsub: Error treating timestamp for received Data (incoming timestamp from c429911f5f747ce9a170b96ba127398e exceeding delta 500ms is rejected: 2026-05-09T05:33:04.942023858Z vs. now: 2026-05-09T05:33:04.146251269Z). Replace timestamp: Some(7637760893647362519/ade74ca0ac7c6389a28cbc898de27710)
2026-05-09T05:33:04.146282Z ERROR zenoh::net::routing::dispatcher::pubsub: Error treating timestamp for received Data (incoming timestamp from c429911f5f747ce9a170b96ba127398e exceeding delta 500ms is rejected: 2026-05-09T05:33:04.942023859Z vs. now: 2026-05-09T05:33:04.146280882Z). Replace timestamp: Some(7637760893647362520/ade74ca0ac7c6389a28cbc898de27710)
2026-05-09T05:33:04.147451Z ERROR zenoh::net::routing::dispatcher::pubsub: Error treating timestamp for received Data (incoming timestamp from c429911f5f747ce9a170b96ba127398e exceeding delta 500ms is rejected: 2026-05-09T05:33:04.942023859Z vs. now: 2026-05-09T05:33:04.147447847Z). Replace timestamp: Some(7637760893646305730/c429911f5f747ce9a170b96ba127398e)
2026-05-09T05:33:04.147533Z ERROR zenoh::net::routing::dispatcher::pubsub: Error treating timestamp for received Data (incoming timestamp from c429911f5f747ce9a170b96ba127398e exceeding delta 500ms is rejected: 2026-05-09T05:33:04.942023860Z vs. now: 2026-05-09T05:33:04.147531875Z). Replace timestamp: Some(7637760893646305732/c429911f5f747ce9a170b96ba127398e)
2026-05-09T05:33:04.147569Z ERROR zenoh::net::routing::dispatcher::pubsub: Error treating timestamp for received Data (incoming timestamp from c429911f5f747ce9a170b96ba127398e exceeding delta 500ms is rejected: 2026-05-09T05:33:04.942023860Z vs. now: 2026-05-09T05:33:04.147567980Z). Replace timestamp: Some(7637760893646305734/c429911f5f747ce9a170b96ba127398e)
2026-05-09T05:33:04.147597Z ERROR zenoh::net::routing::dispatcher::pubsub: Error treating timestamp for received Data (incoming timestamp from c429911f5f747ce9a170b96ba127398e exceeding delta 500ms is rejected: 2026-05-09T05:33:04.942023861Z vs. now: 2026-05-09T05:33:04.147595559Z). Replace timestamp: Some(7637760893646305736/c429911f5f747ce9a170b96ba127398e)
2026-05-09T05:33:04.147635Z ERROR zenoh::net::routing::dispatcher::pubsub: Error treating timestamp for received Data (incoming timestamp from c429911f5f747ce9a170b96ba127398e exceeding delta 500ms is rejected: 2026-05-09T05:33:04.942023861Z vs. now: 2026-05-09T05:33:04.147633475Z). Replace timestamp: Some(7637760893646305738/c429911f5f747ce9a170b96ba127398e)
2026-05-09T05:33:04.147669Z ERROR zenoh::net::routing::dispatcher::pubsub: Error treating timestamp for received Data (incoming timestamp from c429911f5f747ce9a170b96ba127398e exceeding delta 500ms is rejected: 2026-05-09T05:33:04.942023861Z vs. now: 2026-05-09T05:33:04.147667546Z). Replace timestamp: Some(7637760893646305740/c429911f5f747ce9a170b96ba127398e)
2026-05-09T05:33:04.147705Z ERROR zenoh::net::routing::dispatcher::pubsub: Error treating timestamp for received Data (incoming timestamp from c429911f5f747ce9a170b96ba127398e exceeding delta 500ms is rejected: 2026-05-09T05:33:04.942023862Z vs. now: 2026-05-09T05:33:04.147703931Z). Replace timestamp: Some(7637760893646305742/c429911f5f747ce9a170b96ba127398e)
2026-05-09T05:33:04.147760Z ERROR zenoh::net::routing::dispatcher::pubsub: Error treating timestamp for received Data (incoming timestamp from c429911f5f747ce9a170b96ba127398e exceeding delta 500ms is rejected: 2026-05-09T05:33:04.942023862Z vs. now: 2026-05-09T05:33:04.147758768Z). Replace timestamp: Some(7637760893646305744/c429911f5f747ce9a170b96ba127398e)
2026-05-09T05:33:04.147785Z ERROR zenoh::net::routing::dispatcher::pubsub: Error treating timestamp for received Data (incoming timestamp from c429911f5f747ce9a170b96ba127398e exceeding delta 500ms is rejected: 2026-05-09T05:33:04.942023859Z vs. now: 2026-05-09T05:33:04.147778146Z). Replace timestamp: Some(7637760893647362521/ade74ca0ac7c6389a28cbc898de27710)
2026-05-09T05:33:04.147797Z ERROR zenoh::net::routing::dispatcher::pubsub: Error treating timestamp for received Data (incoming timestamp from c429911f5f747ce9a170b96ba127398e exceeding delta 500ms is rejected: 2026-05-09T05:33:04.942023863Z vs. now: 2026-05-09T05:33:04.147795748Z). Replace timestamp: Some(7637760893646305746/c429911f5f747ce9a170b96ba127398e)
2026-05-09T05:33:04.147809Z ERROR zenoh::net::routing::dispatcher::pubsub: Error treating timestamp for received Data (incoming timestamp from c429911f5f747ce9a170b96ba127398e exceeding delta 500ms is rejected: 2026-05-09T05:33:04.942023863Z vs. now: 2026-05-09T05:33:04.147809148Z). Replace timestamp: Some(7637760893646305748/c429911f5f747ce9a170b96ba127398e)
2026-05-09T05:33:04.147842Z ERROR zenoh::net::routing::dispatcher::pubsub: Error treating timestamp for received Data (incoming timestamp from c429911f5f747ce9a170b96ba127398e exceeding delta 500ms is rejected: 2026-05-09T05:33:04.942023864Z vs. now: 2026-05-09T05:33:04.147840456Z). Replace timestamp: Some(7637760893646305750/c429911f5f747ce9a170b96ba127398e)
2026-05-09T05:33:04.147891Z ERROR zenoh::net::routing::dispatcher::pubsub: Error treating timestamp for received Data (incoming timestamp from c429911f5f747ce9a170b96ba127398e exceeding delta 500ms is rejected: 2026-05-09T05:33:04.942023860Z vs. now: 2026-05-09T05:33:04.147887864Z). Replace timestamp: Some(7637760893647362522/ade74ca0ac7c6389a28cbc898de27710)
2026-05-09T05:33:04.147895Z ERROR zenoh::net::routing::dispatcher::pubsub: Error treating timestamp for received Data (incoming timestamp from c429911f5f747ce9a170b96ba127398e exceeding delta 500ms is rejected: 2026-05-09T05:33:04.942023864Z vs. now: 2026-05-09T05:33:04.147894256Z). Replace timestamp: Some(7637760893646305752/c429911f5f747ce9a170b96ba127398e)
2026-05-09T05:33:04.148032Z ERROR zenoh::net::routing::dispatcher::pubsub: Error treating timestamp for received Data (incoming timestamp from c429911f5f747ce9a170b96ba127398e exceeding delta 500ms is rejected: 2026-05-09T05:33:04.942023860Z vs. now: 2026-05-09T05:33:04.148028825Z). Replace timestamp: Some(7637760893647362523/ade74ca0ac7c6389a28cbc898de27710)
2026-05-09T05:33:04.148043Z ERROR zenoh::net::routing::dispatcher::pubsub: Error treating timestamp for received Data (incoming timestamp from c429911f5f747ce9a170b96ba127398e exceeding delta 500ms is rejected: 2026-05-09T05:33:04.942023865Z vs. now: 2026-05-09T05:33:04.148040437Z). Replace timestamp: Some(7637760893646305754/c429911f5f747ce9a170b96ba127398e)
2026-05-09T05:33:04.148143Z ERROR zenoh::net::routing::dispatcher::pubsub: Error treating timestamp for received Data (incoming timestamp from c429911f5f747ce9a170b96ba127398e exceeding delta 500ms is rejected: 2026-05-09T05:33:04.942023861Z vs. now: 2026-05-09T05:33:04.148139600Z). Replace timestamp: Some(7637760893647362524/ade74ca0ac7c6389a28cbc898de27710)
2026-05-09T05:33:04.148166Z ERROR zenoh::net::routing::dispatcher::pubsub: Error treating timestamp for received Data (incoming timestamp from c429911f5f747ce9a170b96ba127398e exceeding delta 500ms is rejected: 2026-05-09T05:33:04.942023861Z vs. now: 2026-05-09T05:33:04.148164571Z). Replace timestamp: Some(7637760893647362525/ade74ca0ac7c6389a28cbc898de27710)
2026-05-09T05:33:04.148178Z ERROR zenoh::net::routing::dispatcher::pubsub: Error treating timestamp for received Data (incoming timestamp from c429911f5f747ce9a170b96ba127398e exceeding delta 500ms is rejected: 2026-05-09T05:33:04.942023862Z vs. now: 2026-05-09T05:33:04.148177784Z). Replace timestamp: Some(7637760893647362526/ade74ca0ac7c6389a28cbc898de27710)
2026-05-09T05:33:04.148190Z ERROR zenoh::net::routing::dispatcher::pubsub: Error treating timestamp for received Data (incoming timestamp from c429911f5f747ce9a170b96ba127398e exceeding delta 500ms is rejected: 2026-05-09T05:33:04.942023862Z vs. now: 2026-05-09T05:33:04.148190041Z). Replace timestamp: Some(7637760893647362527/ade74ca0ac7c6389a28cbc898de27710)
2026-05-09T05:33:04.148194Z ERROR zenoh::net::routing::dispatcher::pubsub: Error treating timestamp for received Data (incoming timestamp from c429911f5f747ce9a170b96ba127398e exceeding delta 500ms is rejected: 2026-05-09T05:33:04.942023865Z vs. now: 2026-05-09T05:33:04.148192272Z). Replace timestamp: Some(7637760893646305756/c429911f5f747ce9a170b96ba127398e)
2026-05-09T05:33:04.148207Z ERROR zenoh::net::routing::dispatcher::pubsub: Error treating timestamp for received Data (incoming timestamp from c429911f5f747ce9a170b96ba127398e exceeding delta 500ms is rejected: 2026-05-09T05:33:04.942023866Z vs. now: 2026-05-09T05:33:04.148206588Z). Replace timestamp: Some(7637760893646305758/c429911f5f747ce9a170b96ba127398e)
2026-05-09T05:33:04.148262Z ERROR zenoh::net::routing::dispatcher::pubsub: Error treating timestamp for received Data (incoming timestamp from c429911f5f747ce9a170b96ba127398e exceeding delta 500ms is rejected: 2026-05-09T05:33:04.942023866Z vs. now: 2026-05-09T05:33:04.148260899Z). Replace timestamp: Some(7637760893646305760/c429911f5f747ce9a170b96ba127398e)
2026-05-09T05:33:04.148271Z ERROR zenoh::net::routing::dispatcher::pubsub: Error treating timestamp for received Data (incoming timestamp from c429911f5f747ce9a170b96ba127398e exceeding delta 500ms is rejected: 2026-05-09T05:33:04.942023867Z vs. now: 2026-05-09T05:33:04.148270764Z). Replace timestamp: Some(7637760893646305762/c429911f5f747ce9a170b96ba127398e)
2026-05-09T05:33:04.148208Z ERROR zenoh::net::routing::dispatcher::pubsub: Error treating timestamp for received Data (incoming timestamp from c429911f5f747ce9a170b96ba127398e exceeding delta 500ms is rejected: 2026-05-09T05:33:04.942023863Z vs. now: 2026-05-09T05:33:04.148207643Z). Replace timestamp: Some(7637760893647362528/ade74ca0ac7c6389a28cbc898de27710)
2026-05-09T05:33:04.148277Z ERROR zenoh::net::routing::dispatcher::pubsub: Error treating timestamp for received Data (incoming timestamp from c429911f5f747ce9a170b96ba127398e exceeding delta 500ms is rejected: 2026-05-09T05:33:04.942023867Z vs. now: 2026-05-09T05:33:04.148276642Z). Replace timestamp: Some(7637760893646305764/c429911f5f747ce9a170b96ba127398e)
2026-05-09T05:33:04.148325Z ERROR zenoh::net::routing::dispatcher::pubsub: Error treating timestamp for received Data (incoming timestamp from c429911f5f747ce9a170b96ba127398e exceeding delta 500ms is rejected: 2026-05-09T05:33:04.942023868Z vs. now: 2026-05-09T05:33:04.148323764Z). Replace timestamp: Some(7637760893646305766/c429911f5f747ce9a170b96ba127398e)
2026-05-09T05:33:04.148334Z ERROR zenoh::net::routing::dispatcher::pubsub: Error treating timestamp for received Data (incoming timestamp from c429911f5f747ce9a170b96ba127398e exceeding delta 500ms is rejected: 2026-05-09T05:33:04.942023868Z vs. now: 2026-05-09T05:33:04.148333423Z). Replace timestamp: Some(7637760893646305768/c429911f5f747ce9a170b96ba127398e)
2026-05-09T05:33:04.148384Z ERROR zenoh::net::routing::dispatcher::pubsub: Error treating timestamp for received Data (incoming timestamp from c429911f5f747ce9a170b96ba127398e exceeding delta 500ms is rejected: 2026-05-09T05:33:04.942023868Z vs. now: 2026-05-09T05:33:04.148382713Z). Replace timestamp: Some(7637760893646305770/c429911f5f747ce9a170b96ba127398e)
2026-05-09T05:33:04.148423Z ERROR zenoh::net::routing::dispatcher::pubsub: Error treating timestamp for received Data (incoming timestamp from c429911f5f747ce9a170b96ba127398e exceeding delta 500ms is rejected: 2026-05-09T05:33:04.942023869Z vs. now: 2026-05-09T05:33:04.148421467Z). Replace timestamp: Some(7637760893646305772/c429911f5f747ce9a170b96ba127398e)
2026-05-09T05:33:04.148459Z ERROR zenoh::net::routing::dispatcher::pubsub: Error treating timestamp for received Data (incoming timestamp from c429911f5f747ce9a170b96ba127398e exceeding delta 500ms is rejected: 2026-05-09T05:33:04.942023869Z vs. now: 2026-05-09T05:33:04.148458224Z). Replace timestamp: Some(7637760893646305774/c429911f5f747ce9a170b96ba127398e)
2026-05-09T05:33:04.148333Z ERROR zenoh::net::routing::dispatcher::pubsub: Error treating timestamp for received Data (incoming timestamp from c429911f5f747ce9a170b96ba127398e exceeding delta 500ms is rejected: 2026-05-09T05:33:04.942023863Z vs. now: 2026-05-09T05:33:04.148327806Z). Replace timestamp: Some(7637760893647362529/ade74ca0ac7c6389a28cbc898de27710)
2026-05-09T05:33:04.148496Z ERROR zenoh::net::routing::dispatcher::pubsub: Error treating timestamp for received Data (incoming timestamp from c429911f5f747ce9a170b96ba127398e exceeding delta 500ms is rejected: 2026-05-09T05:33:04.942023870Z vs. now: 2026-05-09T05:33:04.148494587Z). Replace timestamp: Some(7637760893646305776/c429911f5f747ce9a170b96ba127398e)
2026-05-09T05:33:04.148529Z ERROR zenoh::net::routing::dispatcher::pubsub: Error treating timestamp for received Data (incoming timestamp from c429911f5f747ce9a170b96ba127398e exceeding delta 500ms is rejected: 2026-05-09T05:33:04.942023870Z vs. now: 2026-05-09T05:33:04.148528155Z). Replace timestamp: Some(7637760893646305778/c429911f5f747ce9a170b96ba127398e)
2026-05-09T05:33:04.148538Z ERROR zenoh::net::routing::dispatcher::pubsub: Error treating timestamp for received Data (incoming timestamp from c429911f5f747ce9a170b96ba127398e exceeding delta 500ms is rejected: 2026-05-09T05:33:04.942023871Z vs. now: 2026-05-09T05:33:04.148537513Z). Replace timestamp: Some(7637760893646305780/c429911f5f747ce9a170b96ba127398e)
2026-05-09T05:33:04.148543Z ERROR zenoh::net::routing::dispatcher::pubsub: Error treating timestamp for received Data (incoming timestamp from c429911f5f747ce9a170b96ba127398e exceeding delta 500ms is rejected: 2026-05-09T05:33:04.942023871Z vs. now: 2026-05-09T05:33:04.148542848Z). Replace timestamp: Some(7637760893646305782/c429911f5f747ce9a170b96ba127398e)
2026-05-09T05:33:04.148560Z ERROR zenoh::net::routing::dispatcher::pubsub: Error treating timestamp for received Data (incoming timestamp from c429911f5f747ce9a170b96ba127398e exceeding delta 500ms is rejected: 2026-05-09T05:33:04.942023864Z vs. now: 2026-05-09T05:33:04.148556673Z). Replace timestamp: Some(7637760893647362530/ade74ca0ac7c6389a28cbc898de27710)
2026-05-09T05:33:04.148581Z ERROR zenoh::net::routing::dispatcher::pubsub: Error treating timestamp for received Data (incoming timestamp from c429911f5f747ce9a170b96ba127398e exceeding delta 500ms is rejected: 2026-05-09T05:33:04.942023864Z vs. now: 2026-05-09T05:33:04.148580235Z). Replace timestamp: Some(7637760893647362531/ade74ca0ac7c6389a28cbc898de27710)
2026-05-09T05:33:04.148611Z ERROR zenoh::net::routing::dispatcher::pubsub: Error treating timestamp for received Data (incoming timestamp from c429911f5f747ce9a170b96ba127398e exceeding delta 500ms is rejected: 2026-05-09T05:33:04.942023865Z vs. now: 2026-05-09T05:33:04.148610525Z). Replace timestamp: Some(7637760893647362532/ade74ca0ac7c6389a28cbc898de27710)
2026-05-09T05:33:04.149434Z ERROR zenoh::net::routing::dispatcher::pubsub: Error treating timestamp for received Data (incoming timestamp from c429911f5f747ce9a170b96ba127398e exceeding delta 500ms is rejected: 2026-05-09T05:33:04.942023865Z vs. now: 2026-05-09T05:33:04.149431404Z). Replace timestamp: Some(7637760893647362533/ade74ca0ac7c6389a28cbc898de27710)
2026-05-09T05:33:04.149470Z ERROR zenoh::net::routing::dispatcher::pubsub: Error treating timestamp for received Data (incoming timestamp from c429911f5f747ce9a170b96ba127398e exceeding delta 500ms is rejected: 2026-05-09T05:33:04.942023865Z vs. now: 2026-05-09T05:33:04.149469000Z). Replace timestamp: Some(7637760893647362534/ade74ca0ac7c6389a28cbc898de27710)
2026-05-09T05:33:04.149502Z ERROR zenoh::net::routing::dispatcher::pubsub: Error treating timestamp for received Data (incoming timestamp from c429911f5f747ce9a170b96ba127398e exceeding delta 500ms is rejected: 2026-05-09T05:33:04.942023866Z vs. now: 2026-05-09T05:33:04.149500162Z). Replace timestamp: Some(7637760893647362535/ade74ca0ac7c6389a28cbc898de27710)
2026-05-09T05:33:04.149509Z ERROR zenoh::net::routing::dispatcher::pubsub: Error treating timestamp for received Data (incoming timestamp from c429911f5f747ce9a170b96ba127398e exceeding delta 500ms is rejected: 2026-05-09T05:33:04.942023866Z vs. now: 2026-05-09T05:33:04.149508998Z). Replace timestamp: Some(7637760893647362536/ade74ca0ac7c6389a28cbc898de27710)
2026-05-09T05:33:04.149514Z ERROR zenoh::net::routing::dispatcher::pubsub: Error treating timestamp for received Data (incoming timestamp from c429911f5f747ce9a170b96ba127398e exceeding delta 500ms is rejected: 2026-05-09T05:33:04.942023867Z vs. now: 2026-05-09T05:33:04.149514404Z). Replace timestamp: Some(7637760893647362537/ade74ca0ac7c6389a28cbc898de27710)
2026-05-09T05:33:04.149519Z ERROR zenoh::net::routing::dispatcher::pubsub: Error treating timestamp for received Data (incoming timestamp from c429911f5f747ce9a170b96ba127398e exceeding delta 500ms is rejected: 2026-05-09T05:33:04.942023867Z vs. now: 2026-05-09T05:33:04.149518937Z). Replace timestamp: Some(7637760893647362538/ade74ca0ac7c6389a28cbc898de27710)
2026-05-09T05:33:04.149523Z ERROR zenoh::net::routing::dispatcher::pubsub: Error treating timestamp for received Data (incoming timestamp from c429911f5f747ce9a170b96ba127398e exceeding delta 500ms is rejected: 2026-05-09T05:33:04.942023868Z vs. now: 2026-05-09T05:33:04.149523303Z). Replace timestamp: Some(7637760893647362539/ade74ca0ac7c6389a28cbc898de27710)
2026-05-09T05:33:04.149527Z ERROR zenoh::net::routing::dispatcher::pubsub: Error treating timestamp for received Data (incoming timestamp from c429911f5f747ce9a170b96ba127398e exceeding delta 500ms is rejected: 2026-05-09T05:33:04.942023868Z vs. now: 2026-05-09T05:33:04.149527073Z). Replace timestamp: Some(7637760893647362540/ade74ca0ac7c6389a28cbc898de27710)
2026-05-09T05:33:04.149531Z ERROR zenoh::net::routing::dispatcher::pubsub: Error treating timestamp for received Data (incoming timestamp from c429911f5f747ce9a170b96ba127398e exceeding delta 500ms is rejected: 2026-05-09T05:33:04.942023869Z vs. now: 2026-05-09T05:33:04.149530825Z). Replace timestamp: Some(7637760893647362541/ade74ca0ac7c6389a28cbc898de27710)
2026-05-09T05:33:04.149534Z ERROR zenoh::net::routing::dispatcher::pubsub: Error treating timestamp for received Data (incoming timestamp from c429911f5f747ce9a170b96ba127398e exceeding delta 500ms is rejected: 2026-05-09T05:33:04.942023869Z vs. now: 2026-05-09T05:33:04.149534535Z). Replace timestamp: Some(7637760893647362542/ade74ca0ac7c6389a28cbc898de27710)
2026-05-09T05:33:04.149538Z ERROR zenoh::net::routing::dispatcher::pubsub: Error treating timestamp for received Data (incoming timestamp from c429911f5f747ce9a170b96ba127398e exceeding delta 500ms is rejected: 2026-05-09T05:33:04.942023870Z vs. now: 2026-05-09T05:33:04.149538387Z). Replace timestamp: Some(7637760893647362543/ade74ca0ac7c6389a28cbc898de27710)
2026-05-09T05:33:04.149542Z ERROR zenoh::net::routing::dispatcher::pubsub: Error treating timestamp for received Data (incoming timestamp from c429911f5f747ce9a170b96ba127398e exceeding delta 500ms is rejected: 2026-05-09T05:33:04.942023870Z vs. now: 2026-05-09T05:33:04.149542075Z). Replace timestamp: Some(7637760893647362544/ade74ca0ac7c6389a28cbc898de27710)
2026-05-09T05:33:04.149546Z ERROR zenoh::net::routing::dispatcher::pubsub: Error treating timestamp for received Data (incoming timestamp from c429911f5f747ce9a170b96ba127398e exceeding delta 500ms is rejected: 2026-05-09T05:33:04.942023871Z vs. now: 2026-05-09T05:33:04.149545834Z). Replace timestamp: Some(7637760893647362545/ade74ca0ac7c6389a28cbc898de27710)
2026-05-09T05:33:04.149550Z ERROR zenoh::net::routing::dispatcher::pubsub: Error treating timestamp for received Data (incoming timestamp from c429911f5f747ce9a170b96ba127398e exceeding delta 500ms is rejected: 2026-05-09T05:33:04.942023871Z vs. now: 2026-05-09T05:33:04.149549731Z). Replace timestamp: Some(7637760893647362546/ade74ca0ac7c6389a28cbc898de27710)
2026-05-09T05:33:04.149557Z ERROR zenoh::net::routing::dispatcher::pubsub: Error treating timestamp for received Data (incoming timestamp from c429911f5f747ce9a170b96ba127398e exceeding delta 500ms is rejected: 2026-05-09T05:33:04.942023872Z vs. now: 2026-05-09T05:33:04.149557066Z). Replace timestamp: Some(7637760893647362547/ade74ca0ac7c6389a28cbc898de27710)
2026-05-09T05:33:04.149668Z ERROR zenoh::net::routing::dispatcher::pubsub: Error treating timestamp for received Data (incoming timestamp from c429911f5f747ce9a170b96ba127398e exceeding delta 500ms is rejected: 2026-05-09T05:33:04.942023872Z vs. now: 2026-05-09T05:33:04.149665505Z). Replace timestamp: Some(7637760893646305784/c429911f5f747ce9a170b96ba127398e)
2026-05-09T05:33:04.149736Z ERROR zenoh::net::routing::dispatcher::pubsub: Error treating timestamp for received Data (incoming timestamp from c429911f5f747ce9a170b96ba127398e exceeding delta 500ms is rejected: 2026-05-09T05:33:04.942023872Z vs. now: 2026-05-09T05:33:04.149734729Z). Replace timestamp: Some(7637760893646305786/c429911f5f747ce9a170b96ba127398e)
2026-05-09T05:33:04.149778Z ERROR zenoh::net::routing::dispatcher::pubsub: Error treating timestamp for received Data (incoming timestamp from c429911f5f747ce9a170b96ba127398e exceeding delta 500ms is rejected: 2026-05-09T05:33:04.942023873Z vs. now: 2026-05-09T05:33:04.149774749Z). Replace timestamp: Some(7637760893646305788/c429911f5f747ce9a170b96ba127398e)
2026-05-09T05:33:04.149789Z ERROR zenoh::net::routing::dispatcher::pubsub: Error treating timestamp for received Data (incoming timestamp from c429911f5f747ce9a170b96ba127398e exceeding delta 500ms is rejected: 2026-05-09T05:33:04.942023873Z vs. now: 2026-05-09T05:33:04.149788354Z). Replace timestamp: Some(7637760893646305790/c429911f5f747ce9a170b96ba127398e)
2026-05-09T05:33:04.149847Z ERROR zenoh::net::routing::dispatcher::pubsub: Error treating timestamp for received Data (incoming timestamp from c429911f5f747ce9a170b96ba127398e exceeding delta 500ms is rejected: 2026-05-09T05:33:04.942023874Z vs. now: 2026-05-09T05:33:04.149846398Z). Replace timestamp: Some(7637760893646305792/c429911f5f747ce9a170b96ba127398e)
2026-05-09T05:33:04.149862Z ERROR zenoh::net::routing::dispatcher::pubsub: Error treating timestamp for received Data (incoming timestamp from c429911f5f747ce9a170b96ba127398e exceeding delta 500ms is rejected: 2026-05-09T05:33:04.942023872Z vs. now: 2026-05-09T05:33:04.149859712Z). Replace timestamp: Some(7637760893647362548/ade74ca0ac7c6389a28cbc898de27710)
2026-05-09T05:33:04.149927Z ERROR zenoh::net::routing::dispatcher::pubsub: Error treating timestamp for received Data (incoming timestamp from c429911f5f747ce9a170b96ba127398e exceeding delta 500ms is rejected: 2026-05-09T05:33:04.942023874Z vs. now: 2026-05-09T05:33:04.149925977Z). Replace timestamp: Some(7637760893646305794/c429911f5f747ce9a170b96ba127398e)
2026-05-09T05:33:04.149938Z ERROR zenoh::net::routing::dispatcher::pubsub: Error treating timestamp for received Data (incoming timestamp from c429911f5f747ce9a170b96ba127398e exceeding delta 500ms is rejected: 2026-05-09T05:33:04.942023875Z vs. now: 2026-05-09T05:33:04.149937753Z). Replace timestamp: Some(7637760893646305796/c429911f5f747ce9a170b96ba127398e)
2026-05-09T05:33:04.149948Z ERROR zenoh::net::routing::dispatcher::pubsub: Error treating timestamp for received Data (incoming timestamp from c429911f5f747ce9a170b96ba127398e exceeding delta 500ms is rejected: 2026-05-09T05:33:04.942023875Z vs. now: 2026-05-09T05:33:04.149947554Z). Replace timestamp: Some(7637760893646305798/c429911f5f747ce9a170b96ba127398e)
2026-05-09T05:33:04.149979Z ERROR zenoh::net::routing::dispatcher::pubsub: Error treating timestamp for received Data (incoming timestamp from c429911f5f747ce9a170b96ba127398e exceeding delta 500ms is rejected: 2026-05-09T05:33:04.942023872Z vs. now: 2026-05-09T05:33:04.149977785Z). Replace timestamp: Some(7637760893647362549/ade74ca0ac7c6389a28cbc898de27710)
2026-05-09T05:33:04.149982Z ERROR zenoh::net::routing::dispatcher::pubsub: Error treating timestamp for received Data (incoming timestamp from c429911f5f747ce9a170b96ba127398e exceeding delta 500ms is rejected: 2026-05-09T05:33:04.942023875Z vs. now: 2026-05-09T05:33:04.149980877Z). Replace timestamp: Some(7637760893646305800/c429911f5f747ce9a170b96ba127398e)
2026-05-09T05:33:04.149998Z ERROR zenoh::net::routing::dispatcher::pubsub: Error treating timestamp for received Data (incoming timestamp from c429911f5f747ce9a170b96ba127398e exceeding delta 500ms is rejected: 2026-05-09T05:33:04.942023876Z vs. now: 2026-05-09T05:33:04.149997563Z). Replace timestamp: Some(7637760893646305802/c429911f5f747ce9a170b96ba127398e)
2026-05-09T05:33:04.150000Z ERROR zenoh::net::routing::dispatcher::pubsub: Error treating timestamp for received Data (incoming timestamp from c429911f5f747ce9a170b96ba127398e exceeding delta 500ms is rejected: 2026-05-09T05:33:04.942023873Z vs. now: 2026-05-09T05:33:04.150000051Z). Replace timestamp: Some(7637760893647362550/ade74ca0ac7c6389a28cbc898de27710)
2026-05-09T05:33:04.150074Z ERROR zenoh::net::routing::dispatcher::pubsub: Error treating timestamp for received Data (incoming timestamp from c429911f5f747ce9a170b96ba127398e exceeding delta 500ms is rejected: 2026-05-09T05:33:04.942023876Z vs. now: 2026-05-09T05:33:04.150073063Z). Replace timestamp: Some(7637760893646305804/c429911f5f747ce9a170b96ba127398e)
2026-05-09T05:33:04.150085Z ERROR zenoh::net::routing::dispatcher::pubsub: Error treating timestamp for received Data (incoming timestamp from c429911f5f747ce9a170b96ba127398e exceeding delta 500ms is rejected: 2026-05-09T05:33:04.942023877Z vs. now: 2026-05-09T05:33:04.150084347Z). Replace timestamp: Some(7637760893646305806/c429911f5f747ce9a170b96ba127398e)
2026-05-09T05:33:04.150091Z ERROR zenoh::net::routing::dispatcher::pubsub: Error treating timestamp for received Data (incoming timestamp from c429911f5f747ce9a170b96ba127398e exceeding delta 500ms is rejected: 2026-05-09T05:33:04.942023877Z vs. now: 2026-05-09T05:33:04.150091529Z). Replace timestamp: Some(7637760893646305808/c429911f5f747ce9a170b96ba127398e)
2026-05-09T05:33:04.150096Z ERROR zenoh::net::routing::dispatcher::pubsub: Error treating timestamp for received Data (incoming timestamp from c429911f5f747ce9a170b96ba127398e exceeding delta 500ms is rejected: 2026-05-09T05:33:04.942023878Z vs. now: 2026-05-09T05:33:04.150096573Z). Replace timestamp: Some(7637760893646305810/c429911f5f747ce9a170b96ba127398e)
2026-05-09T05:33:04.150127Z ERROR zenoh::net::routing::dispatcher::pubsub: Error treating timestamp for received Data (incoming timestamp from c429911f5f747ce9a170b96ba127398e exceeding delta 500ms is rejected: 2026-05-09T05:33:04.942023873Z vs. now: 2026-05-09T05:33:04.150124316Z). Replace timestamp: Some(7637760893647362551/ade74ca0ac7c6389a28cbc898de27710)
2026-05-09T05:33:04.150132Z ERROR zenoh::net::routing::dispatcher::pubsub: Error treating timestamp for received Data (incoming timestamp from c429911f5f747ce9a170b96ba127398e exceeding delta 500ms is rejected: 2026-05-09T05:33:04.942023878Z vs. now: 2026-05-09T05:33:04.150130686Z). Replace timestamp: Some(7637760893646305812/c429911f5f747ce9a170b96ba127398e)
2026-05-09T05:33:04.150144Z ERROR zenoh::net::routing::dispatcher::pubsub: Error treating timestamp for received Data (incoming timestamp from c429911f5f747ce9a170b96ba127398e exceeding delta 500ms is rejected: 2026-05-09T05:33:04.942023874Z vs. now: 2026-05-09T05:33:04.150144067Z). Replace timestamp: Some(7637760893647362552/ade74ca0ac7c6389a28cbc898de27710)
2026-05-09T05:33:04.150171Z ERROR zenoh::net::routing::dispatcher::pubsub: Error treating timestamp for received Data (incoming timestamp from c429911f5f747ce9a170b96ba127398e exceeding delta 500ms is rejected: 2026-05-09T05:33:04.942023879Z vs. now: 2026-05-09T05:33:04.150170338Z). Replace timestamp: Some(7637760893646305814/c429911f5f747ce9a170b96ba127398e)
2026-05-09T05:33:04.150177Z ERROR zenoh::net::routing::dispatcher::pubsub: Error treating timestamp for received Data (incoming timestamp from c429911f5f747ce9a170b96ba127398e exceeding delta 500ms is rejected: 2026-05-09T05:33:04.942023874Z vs. now: 2026-05-09T05:33:04.150175948Z). Replace timestamp: Some(7637760893647362553/ade74ca0ac7c6389a28cbc898de27710)
2026-05-09T05:33:04.150209Z ERROR zenoh::net::routing::dispatcher::pubsub: Error treating timestamp for received Data (incoming timestamp from c429911f5f747ce9a170b96ba127398e exceeding delta 500ms is rejected: 2026-05-09T05:33:04.942023875Z vs. now: 2026-05-09T05:33:04.150208697Z). Replace timestamp: Some(7637760893647362554/ade74ca0ac7c6389a28cbc898de27710)
2026-05-09T05:33:04.150237Z ERROR zenoh::net::routing::dispatcher::pubsub: Error treating timestamp for received Data (incoming timestamp from c429911f5f747ce9a170b96ba127398e exceeding delta 500ms is rejected: 2026-05-09T05:33:04.942023875Z vs. now: 2026-05-09T05:33:04.150235903Z). Replace timestamp: Some(7637760893647362555/ade74ca0ac7c6389a28cbc898de27710)
2026-05-09T05:33:04.150249Z ERROR zenoh::net::routing::dispatcher::pubsub: Error treating timestamp for received Data (incoming timestamp from c429911f5f747ce9a170b96ba127398e exceeding delta 500ms is rejected: 2026-05-09T05:33:04.942023876Z vs. now: 2026-05-09T05:33:04.150248994Z). Replace timestamp: Some(7637760893647362556/ade74ca0ac7c6389a28cbc898de27710)
2026-05-09T05:33:04.150257Z ERROR zenoh::net::routing::dispatcher::pubsub: Error treating timestamp for received Data (incoming timestamp from c429911f5f747ce9a170b96ba127398e exceeding delta 500ms is rejected: 2026-05-09T05:33:04.942023876Z vs. now: 2026-05-09T05:33:04.150257245Z). Replace timestamp: Some(7637760893647362557/ade74ca0ac7c6389a28cbc898de27710)
2026-05-09T05:33:04.150261Z ERROR zenoh::net::routing::dispatcher::pubsub: Error treating timestamp for received Data (incoming timestamp from c429911f5f747ce9a170b96ba127398e exceeding delta 500ms is rejected: 2026-05-09T05:33:04.942023877Z vs. now: 2026-05-09T05:33:04.150261511Z). Replace timestamp: Some(7637760893647362558/ade74ca0ac7c6389a28cbc898de27710)
2026-05-09T05:33:04.150268Z ERROR zenoh::net::routing::dispatcher::pubsub: Error treating timestamp for received Data (incoming timestamp from c429911f5f747ce9a170b96ba127398e exceeding delta 500ms is rejected: 2026-05-09T05:33:04.942023877Z vs. now: 2026-05-09T05:33:04.150268302Z). Replace timestamp: Some(7637760893647362559/ade74ca0ac7c6389a28cbc898de27710)
2026-05-09T05:33:04.150300Z ERROR zenoh::net::routing::dispatcher::pubsub: Error treating timestamp for received Data (incoming timestamp from c429911f5f747ce9a170b96ba127398e exceeding delta 500ms is rejected: 2026-05-09T05:33:04.942023878Z vs. now: 2026-05-09T05:33:04.150297668Z). Replace timestamp: Some(7637760893647362560/ade74ca0ac7c6389a28cbc898de27710)
2026-05-09T05:33:04.150312Z ERROR zenoh::net::routing::dispatcher::pubsub: Error treating timestamp for received Data (incoming timestamp from c429911f5f747ce9a170b96ba127398e exceeding delta 500ms is rejected: 2026-05-09T05:33:04.942023878Z vs. now: 2026-05-09T05:33:04.150311746Z). Replace timestamp: Some(7637760893647362561/ade74ca0ac7c6389a28cbc898de27710)
2026-05-09T05:33:04.150348Z ERROR zenoh::net::routing::dispatcher::pubsub: Error treating timestamp for received Data (incoming timestamp from c429911f5f747ce9a170b96ba127398e exceeding delta 500ms is rejected: 2026-05-09T05:33:04.942023878Z vs. now: 2026-05-09T05:33:04.150346496Z). Replace timestamp: Some(7637760893647362562/ade74ca0ac7c6389a28cbc898de27710)
2026-05-09T05:33:04.150378Z ERROR zenoh::net::routing::dispatcher::pubsub: Error treating timestamp for received Data (incoming timestamp from c429911f5f747ce9a170b96ba127398e exceeding delta 500ms is rejected: 2026-05-09T05:33:04.942023879Z vs. now: 2026-05-09T05:33:04.150376406Z). Replace timestamp: Some(7637760893647362563/ade74ca0ac7c6389a28cbc898de27710)
2026-05-09T05:33:04.151567Z ERROR zenoh::net::routing::dispatcher::pubsub: Error treating timestamp for received Data (incoming timestamp from c429911f5f747ce9a170b96ba127398e exceeding delta 500ms is rejected: 2026-05-09T05:33:04.942023879Z vs. now: 2026-05-09T05:33:04.151564088Z). Replace timestamp: Some(7637760893646305816/c429911f5f747ce9a170b96ba127398e)
2026-05-09T05:33:04.151630Z ERROR zenoh::net::routing::dispatcher::pubsub: Error treating timestamp for received Data (incoming timestamp from c429911f5f747ce9a170b96ba127398e exceeding delta 500ms is rejected: 2026-05-09T05:33:04.942023880Z vs. now: 2026-05-09T05:33:04.151628811Z). Replace timestamp: Some(7637760893646305818/c429911f5f747ce9a170b96ba127398e)
2026-05-09T05:33:04.151665Z ERROR zenoh::net::routing::dispatcher::pubsub: Error treating timestamp for received Data (incoming timestamp from c429911f5f747ce9a170b96ba127398e exceeding delta 500ms is rejected: 2026-05-09T05:33:04.942023880Z vs. now: 2026-05-09T05:33:04.151664321Z). Replace timestamp: Some(7637760893646305820/c429911f5f747ce9a170b96ba127398e)
2026-05-09T05:33:04.151674Z ERROR zenoh::net::routing::dispatcher::pubsub: Error treating timestamp for received Data (incoming timestamp from c429911f5f747ce9a170b96ba127398e exceeding delta 500ms is rejected: 2026-05-09T05:33:04.942023881Z vs. now: 2026-05-09T05:33:04.151674197Z). Replace timestamp: Some(7637760893646305822/c429911f5f747ce9a170b96ba127398e)
2026-05-09T05:33:04.151726Z ERROR zenoh::net::routing::dispatcher::pubsub: Error treating timestamp for received Data (incoming timestamp from c429911f5f747ce9a170b96ba127398e exceeding delta 500ms is rejected: 2026-05-09T05:33:04.942023881Z vs. now: 2026-05-09T05:33:04.151724943Z). Replace timestamp: Some(7637760893646305824/c429911f5f747ce9a170b96ba127398e)
2026-05-09T05:33:04.151761Z ERROR zenoh::net::routing::dispatcher::pubsub: Error treating timestamp for received Data (incoming timestamp from c429911f5f747ce9a170b96ba127398e exceeding delta 500ms is rejected: 2026-05-09T05:33:04.942023882Z vs. now: 2026-05-09T05:33:04.151760374Z). Replace timestamp: Some(7637760893646305826/c429911f5f747ce9a170b96ba127398e)
2026-05-09T05:33:04.151770Z ERROR zenoh::net::routing::dispatcher::pubsub: Error treating timestamp for received Data (incoming timestamp from c429911f5f747ce9a170b96ba127398e exceeding delta 500ms is rejected: 2026-05-09T05:33:04.942023882Z vs. now: 2026-05-09T05:33:04.151769847Z). Replace timestamp: Some(7637760893646305828/c429911f5f747ce9a170b96ba127398e)
2026-05-09T05:33:04.151777Z ERROR zenoh::net::routing::dispatcher::pubsub: Error treating timestamp for received Data (incoming timestamp from c429911f5f747ce9a170b96ba127398e exceeding delta 500ms is rejected: 2026-05-09T05:33:04.942023882Z vs. now: 2026-05-09T05:33:04.151776657Z). Replace timestamp: Some(7637760893646305830/c429911f5f747ce9a170b96ba127398e)
2026-05-09T05:33:04.151781Z ERROR zenoh::net::routing::dispatcher::pubsub: Error treating timestamp for received Data (incoming timestamp from c429911f5f747ce9a170b96ba127398e exceeding delta 500ms is rejected: 2026-05-09T05:33:04.942023883Z vs. now: 2026-05-09T05:33:04.151781537Z). Replace timestamp: Some(7637760893646305832/c429911f5f747ce9a170b96ba127398e)
2026-05-09T05:33:04.151786Z ERROR zenoh::net::routing::dispatcher::pubsub: Error treating timestamp for received Data (incoming timestamp from c429911f5f747ce9a170b96ba127398e exceeding delta 500ms is rejected: 2026-05-09T05:33:04.942023883Z vs. now: 2026-05-09T05:33:04.151786175Z). Replace timestamp: Some(7637760893646305834/c429911f5f747ce9a170b96ba127398e)
2026-05-09T05:33:04.151791Z ERROR zenoh::net::routing::dispatcher::pubsub: Error treating timestamp for received Data (incoming timestamp from c429911f5f747ce9a170b96ba127398e exceeding delta 500ms is rejected: 2026-05-09T05:33:04.942023884Z vs. now: 2026-05-09T05:33:04.151790858Z). Replace timestamp: Some(7637760893646305836/c429911f5f747ce9a170b96ba127398e)
2026-05-09T05:33:04.151798Z ERROR zenoh::net::routing::dispatcher::pubsub: Error treating timestamp for received Data (incoming timestamp from c429911f5f747ce9a170b96ba127398e exceeding delta 500ms is rejected: 2026-05-09T05:33:04.942023884Z vs. now: 2026-05-09T05:33:04.151798361Z). Replace timestamp: Some(7637760893646305838/c429911f5f747ce9a170b96ba127398e)
2026-05-09T05:33:04.151803Z ERROR zenoh::net::routing::dispatcher::pubsub: Error treating timestamp for received Data (incoming timestamp from c429911f5f747ce9a170b96ba127398e exceeding delta 500ms is rejected: 2026-05-09T05:33:04.942023885Z vs. now: 2026-05-09T05:33:04.151802738Z). Replace timestamp: Some(7637760893646305840/c429911f5f747ce9a170b96ba127398e)
2026-05-09T05:33:04.151810Z ERROR zenoh::net::routing::dispatcher::pubsub: Error treating timestamp for received Data (incoming timestamp from c429911f5f747ce9a170b96ba127398e exceeding delta 500ms is rejected: 2026-05-09T05:33:04.942023885Z vs. now: 2026-05-09T05:33:04.151809734Z). Replace timestamp: Some(7637760893646305842/c429911f5f747ce9a170b96ba127398e)
2026-05-09T05:33:04.151814Z ERROR zenoh::net::routing::dispatcher::pubsub: Error treating timestamp for received Data (incoming timestamp from c429911f5f747ce9a170b96ba127398e exceeding delta 500ms is rejected: 2026-05-09T05:33:04.942023886Z vs. now: 2026-05-09T05:33:04.151814245Z). Replace timestamp: Some(7637760893646305844/c429911f5f747ce9a170b96ba127398e)
2026-05-09T05:33:04.151838Z ERROR zenoh::net::routing::dispatcher::pubsub: Error treating timestamp for received Data (incoming timestamp from c429911f5f747ce9a170b96ba127398e exceeding delta 500ms is rejected: 2026-05-09T05:33:04.942023879Z vs. now: 2026-05-09T05:33:04.151832473Z). Replace timestamp: Some(7637760893647362564/ade74ca0ac7c6389a28cbc898de27710)
2026-05-09T05:33:04.151845Z ERROR zenoh::net::routing::dispatcher::pubsub: Error treating timestamp for received Data (incoming timestamp from c429911f5f747ce9a170b96ba127398e exceeding delta 500ms is rejected: 2026-05-09T05:33:04.942023886Z vs. now: 2026-05-09T05:33:04.151844454Z). Replace timestamp: Some(7637760893646305846/c429911f5f747ce9a170b96ba127398e)
2026-05-09T05:33:04.151858Z ERROR zenoh::net::routing::dispatcher::pubsub: Error treating timestamp for received Data (incoming timestamp from c429911f5f747ce9a170b96ba127398e exceeding delta 500ms is rejected: 2026-05-09T05:33:04.942023887Z vs. now: 2026-05-09T05:33:04.151857522Z). Replace timestamp: Some(7637760893646305848/c429911f5f747ce9a170b96ba127398e)
2026-05-09T05:33:04.151934Z ERROR zenoh::net::routing::dispatcher::pubsub: Error treating timestamp for received Data (incoming timestamp from c429911f5f747ce9a170b96ba127398e exceeding delta 500ms is rejected: 2026-05-09T05:33:04.942023880Z vs. now: 2026-05-09T05:33:04.151930731Z). Replace timestamp: Some(7637760893647362565/ade74ca0ac7c6389a28cbc898de27710)
2026-05-09T05:33:04.152030Z ERROR zenoh::net::routing::dispatcher::pubsub: Error treating timestamp for received Data (incoming timestamp from c429911f5f747ce9a170b96ba127398e exceeding delta 500ms is rejected: 2026-05-09T05:33:04.942023880Z vs. now: 2026-05-09T05:33:04.152026374Z). Replace timestamp: Some(7637760893647362566/ade74ca0ac7c6389a28cbc898de27710)
2026-05-09T05:33:04.152099Z ERROR zenoh::net::routing::dispatcher::pubsub: Error treating timestamp for received Data (incoming timestamp from c429911f5f747ce9a170b96ba127398e exceeding delta 500ms is rejected: 2026-05-09T05:33:04.942023881Z vs. now: 2026-05-09T05:33:04.152095482Z). Replace timestamp: Some(7637760893647362567/ade74ca0ac7c6389a28cbc898de27710)
2026-05-09T05:33:04.152168Z ERROR zenoh::net::routing::dispatcher::pubsub: Error treating timestamp for received Data (incoming timestamp from c429911f5f747ce9a170b96ba127398e exceeding delta 500ms is rejected: 2026-05-09T05:33:04.942023881Z vs. now: 2026-05-09T05:33:04.152165149Z). Replace timestamp: Some(7637760893647362568/ade74ca0ac7c6389a28cbc898de27710)
2026-05-09T05:33:04.152231Z ERROR zenoh::net::routing::dispatcher::pubsub: Error treating timestamp for received Data (incoming timestamp from c429911f5f747ce9a170b96ba127398e exceeding delta 500ms is rejected: 2026-05-09T05:33:04.942023882Z vs. now: 2026-05-09T05:33:04.152227406Z). Replace timestamp: Some(7637760893647362569/ade74ca0ac7c6389a28cbc898de27710)
2026-05-09T05:33:04.152292Z ERROR zenoh::net::routing::dispatcher::pubsub: Error treating timestamp for received Data (incoming timestamp from c429911f5f747ce9a170b96ba127398e exceeding delta 500ms is rejected: 2026-05-09T05:33:04.942023882Z vs. now: 2026-05-09T05:33:04.152288624Z). Replace timestamp: Some(7637760893647362570/ade74ca0ac7c6389a28cbc898de27710)
2026-05-09T05:33:04.152308Z ERROR zenoh::net::routing::dispatcher::pubsub: Error treating timestamp for received Data (incoming timestamp from c429911f5f747ce9a170b96ba127398e exceeding delta 500ms is rejected: 2026-05-09T05:33:04.942023883Z vs. now: 2026-05-09T05:33:04.152306553Z). Replace timestamp: Some(7637760893647362571/ade74ca0ac7c6389a28cbc898de27710)
2026-05-09T05:33:04.152364Z ERROR zenoh::net::routing::dispatcher::pubsub: Error treating timestamp for received Data (incoming timestamp from c429911f5f747ce9a170b96ba127398e exceeding delta 500ms is rejected: 2026-05-09T05:33:04.942023883Z vs. now: 2026-05-09T05:33:04.152360950Z). Replace timestamp: Some(7637760893647362572/ade74ca0ac7c6389a28cbc898de27710)
2026-05-09T05:33:04.152425Z ERROR zenoh::net::routing::dispatcher::pubsub: Error treating timestamp for received Data (incoming timestamp from c429911f5f747ce9a170b96ba127398e exceeding delta 500ms is rejected: 2026-05-09T05:33:04.942023884Z vs. now: 2026-05-09T05:33:04.152422209Z). Replace timestamp: Some(7637760893647362573/ade74ca0ac7c6389a28cbc898de27710)
2026-05-09T05:33:04.152486Z ERROR zenoh::net::routing::dispatcher::pubsub: Error treating timestamp for received Data (incoming timestamp from c429911f5f747ce9a170b96ba127398e exceeding delta 500ms is rejected: 2026-05-09T05:33:04.942023884Z vs. now: 2026-05-09T05:33:04.152482924Z). Replace timestamp: Some(7637760893647362574/ade74ca0ac7c6389a28cbc898de27710)
2026-05-09T05:33:04.152502Z ERROR zenoh::net::routing::dispatcher::pubsub: Error treating timestamp for received Data (incoming timestamp from c429911f5f747ce9a170b96ba127398e exceeding delta 500ms is rejected: 2026-05-09T05:33:04.942023885Z vs. now: 2026-05-09T05:33:04.152500473Z). Replace timestamp: Some(7637760893647362575/ade74ca0ac7c6389a28cbc898de27710)
2026-05-09T05:33:04.152517Z ERROR zenoh::net::routing::dispatcher::pubsub: Error treating timestamp for received Data (incoming timestamp from c429911f5f747ce9a170b96ba127398e exceeding delta 500ms is rejected: 2026-05-09T05:33:04.942023885Z vs. now: 2026-05-09T05:33:04.152517029Z). Replace timestamp: Some(7637760893647362576/ade74ca0ac7c6389a28cbc898de27710)
2026-05-09T05:33:04.152609Z ERROR zenoh::net::routing::dispatcher::pubsub: Error treating timestamp for received Data (incoming timestamp from c429911f5f747ce9a170b96ba127398e exceeding delta 500ms is rejected: 2026-05-09T05:33:04.942023885Z vs. now: 2026-05-09T05:33:04.152605884Z). Replace timestamp: Some(7637760893647362577/ade74ca0ac7c6389a28cbc898de27710)
2026-05-09T05:33:04.152641Z ERROR zenoh::net::routing::dispatcher::pubsub: Error treating timestamp for received Data (incoming timestamp from c429911f5f747ce9a170b96ba127398e exceeding delta 500ms is rejected: 2026-05-09T05:33:04.942023887Z vs. now: 2026-05-09T05:33:04.152638395Z). Replace timestamp: Some(7637760893646305850/c429911f5f747ce9a170b96ba127398e)
2026-05-09T05:33:04.152696Z ERROR zenoh::net::routing::dispatcher::pubsub: Error treating timestamp for received Data (incoming timestamp from c429911f5f747ce9a170b96ba127398e exceeding delta 500ms is rejected: 2026-05-09T05:33:04.942023888Z vs. now: 2026-05-09T05:33:04.152694323Z). Replace timestamp: Some(7637760893646305852/c429911f5f747ce9a170b96ba127398e)
2026-05-09T05:33:04.152705Z ERROR zenoh::net::routing::dispatcher::pubsub: Error treating timestamp for received Data (incoming timestamp from c429911f5f747ce9a170b96ba127398e exceeding delta 500ms is rejected: 2026-05-09T05:33:04.942023888Z vs. now: 2026-05-09T05:33:04.152705297Z). Replace timestamp: Some(7637760893646305854/c429911f5f747ce9a170b96ba127398e)
2026-05-09T05:33:04.152711Z ERROR zenoh::net::routing::dispatcher::pubsub: Error treating timestamp for received Data (incoming timestamp from c429911f5f747ce9a170b96ba127398e exceeding delta 500ms is rejected: 2026-05-09T05:33:04.942023888Z vs. now: 2026-05-09T05:33:04.152711135Z). Replace timestamp: Some(7637760893646305856/c429911f5f747ce9a170b96ba127398e)
2026-05-09T05:33:04.152711Z ERROR zenoh::net::routing::dispatcher::pubsub: Error treating timestamp for received Data (incoming timestamp from c429911f5f747ce9a170b96ba127398e exceeding delta 500ms is rejected: 2026-05-09T05:33:04.942023886Z vs. now: 2026-05-09T05:33:04.152707946Z). Replace timestamp: Some(7637760893647362578/ade74ca0ac7c6389a28cbc898de27710)
2026-05-09T05:33:04.152717Z ERROR zenoh::net::routing::dispatcher::pubsub: Error treating timestamp for received Data (incoming timestamp from c429911f5f747ce9a170b96ba127398e exceeding delta 500ms is rejected: 2026-05-09T05:33:04.942023889Z vs. now: 2026-05-09T05:33:04.152717092Z). Replace timestamp: Some(7637760893646305858/c429911f5f747ce9a170b96ba127398e)
2026-05-09T05:33:04.152790Z ERROR zenoh::net::routing::dispatcher::pubsub: Error treating timestamp for received Data (incoming timestamp from c429911f5f747ce9a170b96ba127398e exceeding delta 500ms is rejected: 2026-05-09T05:33:04.942023886Z vs. now: 2026-05-09T05:33:04.152786501Z). Replace timestamp: Some(7637760893647362579/ade74ca0ac7c6389a28cbc898de27710)
2026-05-09T05:33:04.152796Z ERROR zenoh::net::routing::dispatcher::pubsub: Error treating timestamp for received Data (incoming timestamp from c429911f5f747ce9a170b96ba127398e exceeding delta 500ms is rejected: 2026-05-09T05:33:04.942023889Z vs. now: 2026-05-09T05:33:04.152795267Z). Replace timestamp: Some(7637760893646305860/c429911f5f747ce9a170b96ba127398e)
2026-05-09T05:33:04.152806Z ERROR zenoh::net::routing::dispatcher::pubsub: Error treating timestamp for received Data (incoming timestamp from c429911f5f747ce9a170b96ba127398e exceeding delta 500ms is rejected: 2026-05-09T05:33:04.942023890Z vs. now: 2026-05-09T05:33:04.152805817Z). Replace timestamp: Some(7637760893646305862/c429911f5f747ce9a170b96ba127398e)
2026-05-09T05:33:04.152811Z ERROR zenoh::net::routing::dispatcher::pubsub: Error treating timestamp for received Data (incoming timestamp from c429911f5f747ce9a170b96ba127398e exceeding delta 500ms is rejected: 2026-05-09T05:33:04.942023890Z vs. now: 2026-05-09T05:33:04.152811375Z). Replace timestamp: Some(7637760893646305864/c429911f5f747ce9a170b96ba127398e)
2026-05-09T05:33:04.152816Z ERROR zenoh::net::routing::dispatcher::pubsub: Error treating timestamp for received Data (incoming timestamp from c429911f5f747ce9a170b96ba127398e exceeding delta 500ms is rejected: 2026-05-09T05:33:04.942023891Z vs. now: 2026-05-09T05:33:04.152816143Z). Replace timestamp: Some(7637760893646305866/c429911f5f747ce9a170b96ba127398e)
2026-05-09T05:33:04.152822Z ERROR zenoh::net::routing::dispatcher::pubsub: Error treating timestamp for received Data (incoming timestamp from c429911f5f747ce9a170b96ba127398e exceeding delta 500ms is rejected: 2026-05-09T05:33:04.942023887Z vs. now: 2026-05-09T05:33:04.152820994Z). Replace timestamp: Some(7637760893647362580/ade74ca0ac7c6389a28cbc898de27710)
2026-05-09T05:33:04.152834Z ERROR zenoh::net::routing::dispatcher::pubsub: Error treating timestamp for received Data (incoming timestamp from c429911f5f747ce9a170b96ba127398e exceeding delta 500ms is rejected: 2026-05-09T05:33:04.942023887Z vs. now: 2026-05-09T05:33:04.152834312Z). Replace timestamp: Some(7637760893647362581/ade74ca0ac7c6389a28cbc898de27710)
2026-05-09T05:33:04.152862Z ERROR zenoh::net::routing::dispatcher::pubsub: Error treating timestamp for received Data (incoming timestamp from c429911f5f747ce9a170b96ba127398e exceeding delta 500ms is rejected: 2026-05-09T05:33:04.942023888Z vs. now: 2026-05-09T05:33:04.152861007Z). Replace timestamp: Some(7637760893647362582/ade74ca0ac7c6389a28cbc898de27710)
2026-05-09T05:33:04.152893Z ERROR zenoh::net::routing::dispatcher::pubsub: Error treating timestamp for received Data (incoming timestamp from c429911f5f747ce9a170b96ba127398e exceeding delta 500ms is rejected: 2026-05-09T05:33:04.942023888Z vs. now: 2026-05-09T05:33:04.152891882Z). Replace timestamp: Some(7637760893647362583/ade74ca0ac7c6389a28cbc898de27710)
2026-05-09T05:33:04.152938Z ERROR zenoh::net::routing::dispatcher::pubsub: Error treating timestamp for received Data (incoming timestamp from c429911f5f747ce9a170b96ba127398e exceeding delta 500ms is rejected: 2026-05-09T05:33:04.942023889Z vs. now: 2026-05-09T05:33:04.152936362Z). Replace timestamp: Some(7637760893647362584/ade74ca0ac7c6389a28cbc898de27710)
2026-05-09T05:33:04.152994Z ERROR zenoh::net::routing::dispatcher::pubsub: Error treating timestamp for received Data (incoming timestamp from c429911f5f747ce9a170b96ba127398e exceeding delta 500ms is rejected: 2026-05-09T05:33:04.942023889Z vs. now: 2026-05-09T05:33:04.152993080Z). Replace timestamp: Some(7637760893647362585/ade74ca0ac7c6389a28cbc898de27710)
2026-05-09T05:33:04.153026Z ERROR zenoh::net::routing::dispatcher::pubsub: Error treating timestamp for received Data (incoming timestamp from c429911f5f747ce9a170b96ba127398e exceeding delta 500ms is rejected: 2026-05-09T05:33:04.942023890Z vs. now: 2026-05-09T05:33:04.153024193Z). Replace timestamp: Some(7637760893647362586/ade74ca0ac7c6389a28cbc898de27710)
2026-05-09T05:33:04.153034Z ERROR zenoh::net::routing::dispatcher::pubsub: Error treating timestamp for received Data (incoming timestamp from c429911f5f747ce9a170b96ba127398e exceeding delta 500ms is rejected: 2026-05-09T05:33:04.942023890Z vs. now: 2026-05-09T05:33:04.153033525Z). Replace timestamp: Some(7637760893647362587/ade74ca0ac7c6389a28cbc898de27710)
2026-05-09T05:33:04.153038Z ERROR zenoh::net::routing::dispatcher::pubsub: Error treating timestamp for received Data (incoming timestamp from c429911f5f747ce9a170b96ba127398e exceeding delta 500ms is rejected: 2026-05-09T05:33:04.942023891Z vs. now: 2026-05-09T05:33:04.153038230Z). Replace timestamp: Some(7637760893647362588/ade74ca0ac7c6389a28cbc898de27710)
2026-05-09T05:33:04.153045Z ERROR zenoh::net::routing::dispatcher::pubsub: Error treating timestamp for received Data (incoming timestamp from c429911f5f747ce9a170b96ba127398e exceeding delta 500ms is rejected: 2026-05-09T05:33:04.942023891Z vs. now: 2026-05-09T05:33:04.153044817Z). Replace timestamp: Some(7637760893647362589/ade74ca0ac7c6389a28cbc898de27710)
2026-05-09T05:33:04.154003Z ERROR zenoh::net::routing::dispatcher::pubsub: Error treating timestamp for received Data (incoming timestamp from c429911f5f747ce9a170b96ba127398e exceeding delta 500ms is rejected: 2026-05-09T05:33:04.942023891Z vs. now: 2026-05-09T05:33:04.154001114Z). Replace timestamp: Some(7637760893646305868/c429911f5f747ce9a170b96ba127398e)
2026-05-09T05:33:04.154062Z ERROR zenoh::net::routing::dispatcher::pubsub: Error treating timestamp for received Data (incoming timestamp from c429911f5f747ce9a170b96ba127398e exceeding delta 500ms is rejected: 2026-05-09T05:33:04.942023892Z vs. now: 2026-05-09T05:33:04.154060588Z). Replace timestamp: Some(7637760893646305870/c429911f5f747ce9a170b96ba127398e)
2026-05-09T05:33:04.154097Z ERROR zenoh::net::routing::dispatcher::pubsub: Error treating timestamp for received Data (incoming timestamp from c429911f5f747ce9a170b96ba127398e exceeding delta 500ms is rejected: 2026-05-09T05:33:04.942023892Z vs. now: 2026-05-09T05:33:04.154095993Z). Replace timestamp: Some(7637760893646305872/c429911f5f747ce9a170b96ba127398e)
2026-05-09T05:33:04.154106Z ERROR zenoh::net::routing::dispatcher::pubsub: Error treating timestamp for received Data (incoming timestamp from c429911f5f747ce9a170b96ba127398e exceeding delta 500ms is rejected: 2026-05-09T05:33:04.942023893Z vs. now: 2026-05-09T05:33:04.154105552Z). Replace timestamp: Some(7637760893646305874/c429911f5f747ce9a170b96ba127398e)
2026-05-09T05:33:04.154162Z ERROR zenoh::net::routing::dispatcher::pubsub: Error treating timestamp for received Data (incoming timestamp from c429911f5f747ce9a170b96ba127398e exceeding delta 500ms is rejected: 2026-05-09T05:33:04.942023893Z vs. now: 2026-05-09T05:33:04.154160738Z). Replace timestamp: Some(7637760893646305876/c429911f5f747ce9a170b96ba127398e)
2026-05-09T05:33:04.154197Z ERROR zenoh::net::routing::dispatcher::pubsub: Error treating timestamp for received Data (incoming timestamp from c429911f5f747ce9a170b96ba127398e exceeding delta 500ms is rejected: 2026-05-09T05:33:04.942023894Z vs. now: 2026-05-09T05:33:04.154196289Z). Replace timestamp: Some(7637760893646305878/c429911f5f747ce9a170b96ba127398e)
2026-05-09T05:33:04.154222Z ERROR zenoh::net::routing::dispatcher::pubsub: Error treating timestamp for received Data (incoming timestamp from c429911f5f747ce9a170b96ba127398e exceeding delta 500ms is rejected: 2026-05-09T05:33:04.942023892Z vs. now: 2026-05-09T05:33:04.154218905Z). Replace timestamp: Some(7637760893647362590/ade74ca0ac7c6389a28cbc898de27710)
2026-05-09T05:33:04.154250Z ERROR zenoh::net::routing::dispatcher::pubsub: Error treating timestamp for received Data (incoming timestamp from c429911f5f747ce9a170b96ba127398e exceeding delta 500ms is rejected: 2026-05-09T05:33:04.942023894Z vs. now: 2026-05-09T05:33:04.154248886Z). Replace timestamp: Some(7637760893646305880/c429911f5f747ce9a170b96ba127398e)
2026-05-09T05:33:04.154284Z ERROR zenoh::net::routing::dispatcher::pubsub: Error treating timestamp for received Data (incoming timestamp from c429911f5f747ce9a170b96ba127398e exceeding delta 500ms is rejected: 2026-05-09T05:33:04.942023895Z vs. now: 2026-05-09T05:33:04.154283423Z). Replace timestamp: Some(7637760893646305882/c429911f5f747ce9a170b96ba127398e)
2026-05-09T05:33:04.154293Z ERROR zenoh::net::routing::dispatcher::pubsub: Error treating timestamp for received Data (incoming timestamp from c429911f5f747ce9a170b96ba127398e exceeding delta 500ms is rejected: 2026-05-09T05:33:04.942023895Z vs. now: 2026-05-09T05:33:04.154293050Z). Replace timestamp: Some(7637760893646305884/c429911f5f747ce9a170b96ba127398e)
2026-05-09T05:33:04.154302Z ERROR zenoh::net::routing::dispatcher::pubsub: Error treating timestamp for received Data (incoming timestamp from c429911f5f747ce9a170b96ba127398e exceeding delta 500ms is rejected: 2026-05-09T05:33:04.942023895Z vs. now: 2026-05-09T05:33:04.154302154Z). Replace timestamp: Some(7637760893646305886/c429911f5f747ce9a170b96ba127398e)
2026-05-09T05:33:04.154299Z ERROR zenoh::net::routing::dispatcher::pubsub: Error treating timestamp for received Data (incoming timestamp from c429911f5f747ce9a170b96ba127398e exceeding delta 500ms is rejected: 2026-05-09T05:33:04.942023892Z vs. now: 2026-05-09T05:33:04.154295628Z). Replace timestamp: Some(7637760893647362591/ade74ca0ac7c6389a28cbc898de27710)
2026-05-09T05:33:04.154369Z ERROR zenoh::net::routing::dispatcher::pubsub: Error treating timestamp for received Data (incoming timestamp from c429911f5f747ce9a170b96ba127398e exceeding delta 500ms is rejected: 2026-05-09T05:33:04.942023896Z vs. now: 2026-05-09T05:33:04.154368107Z). Replace timestamp: Some(7637760893646305888/c429911f5f747ce9a170b96ba127398e)
2026-05-09T05:33:04.154379Z ERROR zenoh::net::routing::dispatcher::pubsub: Error treating timestamp for received Data (incoming timestamp from c429911f5f747ce9a170b96ba127398e exceeding delta 500ms is rejected: 2026-05-09T05:33:04.942023896Z vs. now: 2026-05-09T05:33:04.154379197Z). Replace timestamp: Some(7637760893646305890/c429911f5f747ce9a170b96ba127398e)
2026-05-09T05:33:04.154385Z ERROR zenoh::net::routing::dispatcher::pubsub: Error treating timestamp for received Data (incoming timestamp from c429911f5f747ce9a170b96ba127398e exceeding delta 500ms is rejected: 2026-05-09T05:33:04.942023897Z vs. now: 2026-05-09T05:33:04.154384960Z). Replace timestamp: Some(7637760893646305892/c429911f5f747ce9a170b96ba127398e)
2026-05-09T05:33:04.154403Z ERROR zenoh::net::routing::dispatcher::pubsub: Error treating timestamp for received Data (incoming timestamp from c429911f5f747ce9a170b96ba127398e exceeding delta 500ms is rejected: 2026-05-09T05:33:04.942023892Z vs. now: 2026-05-09T05:33:04.154400189Z). Replace timestamp: Some(7637760893647362592/ade74ca0ac7c6389a28cbc898de27710)
2026-05-09T05:33:04.154417Z ERROR zenoh::net::routing::dispatcher::pubsub: Error treating timestamp for received Data (incoming timestamp from c429911f5f747ce9a170b96ba127398e exceeding delta 500ms is rejected: 2026-05-09T05:33:04.942023897Z vs. now: 2026-05-09T05:33:04.154415660Z). Replace timestamp: Some(7637760893646305894/c429911f5f747ce9a170b96ba127398e)
2026-05-09T05:33:04.154430Z ERROR zenoh::net::routing::dispatcher::pubsub: Error treating timestamp for received Data (incoming timestamp from c429911f5f747ce9a170b96ba127398e exceeding delta 500ms is rejected: 2026-05-09T05:33:04.942023893Z vs. now: 2026-05-09T05:33:04.154429123Z). Replace timestamp: Some(7637760893647362593/ade74ca0ac7c6389a28cbc898de27710)
2026-05-09T05:33:04.154452Z ERROR zenoh::net::routing::dispatcher::pubsub: Error treating timestamp for received Data (incoming timestamp from c429911f5f747ce9a170b96ba127398e exceeding delta 500ms is rejected: 2026-05-09T05:33:04.942023898Z vs. now: 2026-05-09T05:33:04.154450659Z). Replace timestamp: Some(7637760893646305896/c429911f5f747ce9a170b96ba127398e)
2026-05-09T05:33:04.154461Z ERROR zenoh::net::routing::dispatcher::pubsub: Error treating timestamp for received Data (incoming timestamp from c429911f5f747ce9a170b96ba127398e exceeding delta 500ms is rejected: 2026-05-09T05:33:04.942023898Z vs. now: 2026-05-09T05:33:04.154461232Z). Replace timestamp: Some(7637760893646305898/c429911f5f747ce9a170b96ba127398e)
2026-05-09T05:33:04.154464Z ERROR zenoh::net::routing::dispatcher::pubsub: Error treating timestamp for received Data (incoming timestamp from c429911f5f747ce9a170b96ba127398e exceeding delta 500ms is rejected: 2026-05-09T05:33:04.942023893Z vs. now: 2026-05-09T05:33:04.154463072Z). Replace timestamp: Some(7637760893647362594/ade74ca0ac7c6389a28cbc898de27710)
2026-05-09T05:33:04.154467Z ERROR zenoh::net::routing::dispatcher::pubsub: Error treating timestamp for received Data (incoming timestamp from c429911f5f747ce9a170b96ba127398e exceeding delta 500ms is rejected: 2026-05-09T05:33:04.942023899Z vs. now: 2026-05-09T05:33:04.154466760Z). Replace timestamp: Some(7637760893646305900/c429911f5f747ce9a170b96ba127398e)
2026-05-09T05:33:04.154486Z ERROR zenoh::net::routing::dispatcher::pubsub: Error treating timestamp for received Data (incoming timestamp from c429911f5f747ce9a170b96ba127398e exceeding delta 500ms is rejected: 2026-05-09T05:33:04.942023894Z vs. now: 2026-05-09T05:33:04.154485882Z). Replace timestamp: Some(7637760893647362595/ade74ca0ac7c6389a28cbc898de27710)
2026-05-09T05:33:04.154493Z ERROR zenoh::net::routing::dispatcher::pubsub: Error treating timestamp for received Data (incoming timestamp from c429911f5f747ce9a170b96ba127398e exceeding delta 500ms is rejected: 2026-05-09T05:33:04.942023894Z vs. now: 2026-05-09T05:33:04.154492889Z). Replace timestamp: Some(7637760893647362596/ade74ca0ac7c6389a28cbc898de27710)
2026-05-09T05:33:04.154499Z ERROR zenoh::net::routing::dispatcher::pubsub: Error treating timestamp for received Data (incoming timestamp from c429911f5f747ce9a170b96ba127398e exceeding delta 500ms is rejected: 2026-05-09T05:33:04.942023895Z vs. now: 2026-05-09T05:33:04.154498909Z). Replace timestamp: Some(7637760893647362597/ade74ca0ac7c6389a28cbc898de27710)
2026-05-09T05:33:04.154504Z ERROR zenoh::net::routing::dispatcher::pubsub: Error treating timestamp for received Data (incoming timestamp from c429911f5f747ce9a170b96ba127398e exceeding delta 500ms is rejected: 2026-05-09T05:33:04.942023895Z vs. now: 2026-05-09T05:33:04.154504221Z). Replace timestamp: Some(7637760893647362598/ade74ca0ac7c6389a28cbc898de27710)
2026-05-09T05:33:04.154522Z ERROR zenoh::net::routing::dispatcher::pubsub: Error treating timestamp for received Data (incoming timestamp from c429911f5f747ce9a170b96ba127398e exceeding delta 500ms is rejected: 2026-05-09T05:33:04.942023896Z vs. now: 2026-05-09T05:33:04.154522431Z). Replace timestamp: Some(7637760893647362599/ade74ca0ac7c6389a28cbc898de27710)
2026-05-09T05:33:04.154556Z ERROR zenoh::net::routing::dispatcher::pubsub: Error treating timestamp for received Data (incoming timestamp from c429911f5f747ce9a170b96ba127398e exceeding delta 500ms is rejected: 2026-05-09T05:33:04.942023896Z vs. now: 2026-05-09T05:33:04.154554643Z). Replace timestamp: Some(7637760893647362600/ade74ca0ac7c6389a28cbc898de27710)
2026-05-09T05:33:04.154612Z ERROR zenoh::net::routing::dispatcher::pubsub: Error treating timestamp for received Data (incoming timestamp from c429911f5f747ce9a170b96ba127398e exceeding delta 500ms is rejected: 2026-05-09T05:33:04.942023897Z vs. now: 2026-05-09T05:33:04.154609237Z). Replace timestamp: Some(7637760893647362601/ade74ca0ac7c6389a28cbc898de27710)
2026-05-09T05:33:04.154653Z ERROR zenoh::net::routing::dispatcher::pubsub: Error treating timestamp for received Data (incoming timestamp from c429911f5f747ce9a170b96ba127398e exceeding delta 500ms is rejected: 2026-05-09T05:33:04.942023897Z vs. now: 2026-05-09T05:33:04.154651173Z). Replace timestamp: Some(7637760893647362602/ade74ca0ac7c6389a28cbc898de27710)
2026-05-09T05:33:04.154662Z ERROR zenoh::net::routing::dispatcher::pubsub: Error treating timestamp for received Data (incoming timestamp from c429911f5f747ce9a170b96ba127398e exceeding delta 500ms is rejected: 2026-05-09T05:33:04.942023898Z vs. now: 2026-05-09T05:33:04.154661488Z). Replace timestamp: Some(7637760893647362603/ade74ca0ac7c6389a28cbc898de27710)
2026-05-09T05:33:04.154677Z ERROR zenoh::net::routing::dispatcher::pubsub: Error treating timestamp for received Data (incoming timestamp from c429911f5f747ce9a170b96ba127398e exceeding delta 500ms is rejected: 2026-05-09T05:33:04.942023898Z vs. now: 2026-05-09T05:33:04.154677455Z). Replace timestamp: Some(7637760893647362604/ade74ca0ac7c6389a28cbc898de27710)
2026-05-09T05:33:04.154685Z ERROR zenoh::net::routing::dispatcher::pubsub: Error treating timestamp for received Data (incoming timestamp from c429911f5f747ce9a170b96ba127398e exceeding delta 500ms is rejected: 2026-05-09T05:33:04.942023899Z vs. now: 2026-05-09T05:33:04.154684987Z). Replace timestamp: Some(7637760893647362605/ade74ca0ac7c6389a28cbc898de27710)
2026-05-09T05:33:04.154689Z ERROR zenoh::net::routing::dispatcher::pubsub: Error treating timestamp for received Data (incoming timestamp from c429911f5f747ce9a170b96ba127398e exceeding delta 500ms is rejected: 2026-05-09T05:33:04.942023899Z vs. now: 2026-05-09T05:33:04.154689435Z). Replace timestamp: Some(7637760893647362606/ade74ca0ac7c6389a28cbc898de27710)
2026-05-09T05:33:04.155616Z ERROR zenoh::net::routing::dispatcher::pubsub: Error treating timestamp for received Data (incoming timestamp from c429911f5f747ce9a170b96ba127398e exceeding delta 500ms is rejected: 2026-05-09T05:33:04.942023899Z vs. now: 2026-05-09T05:33:04.155613754Z). Replace timestamp: Some(7637760893646305902/c429911f5f747ce9a170b96ba127398e)
2026-05-09T05:33:04.155660Z ERROR zenoh::net::routing::dispatcher::pubsub: Error treating timestamp for received Data (incoming timestamp from c429911f5f747ce9a170b96ba127398e exceeding delta 500ms is rejected: 2026-05-09T05:33:04.942023900Z vs. now: 2026-05-09T05:33:04.155658626Z). Replace timestamp: Some(7637760893646305904/c429911f5f747ce9a170b96ba127398e)
2026-05-09T05:33:04.155696Z ERROR zenoh::net::routing::dispatcher::pubsub: Error treating timestamp for received Data (incoming timestamp from c429911f5f747ce9a170b96ba127398e exceeding delta 500ms is rejected: 2026-05-09T05:33:04.942023900Z vs. now: 2026-05-09T05:33:04.155695018Z). Replace timestamp: Some(7637760893646305906/c429911f5f747ce9a170b96ba127398e)
2026-05-09T05:33:04.155749Z ERROR zenoh::net::routing::dispatcher::pubsub: Error treating timestamp for received Data (incoming timestamp from c429911f5f747ce9a170b96ba127398e exceeding delta 500ms is rejected: 2026-05-09T05:33:04.942023901Z vs. now: 2026-05-09T05:33:04.155748409Z). Replace timestamp: Some(7637760893646305908/c429911f5f747ce9a170b96ba127398e)
2026-05-09T05:33:04.155784Z ERROR zenoh::net::routing::dispatcher::pubsub: Error treating timestamp for received Data (incoming timestamp from c429911f5f747ce9a170b96ba127398e exceeding delta 500ms is rejected: 2026-05-09T05:33:04.942023901Z vs. now: 2026-05-09T05:33:04.155783341Z). Replace timestamp: Some(7637760893646305910/c429911f5f747ce9a170b96ba127398e)
2026-05-09T05:33:04.155814Z ERROR zenoh::net::routing::dispatcher::pubsub: Error treating timestamp for received Data (incoming timestamp from c429911f5f747ce9a170b96ba127398e exceeding delta 500ms is rejected: 2026-05-09T05:33:04.942023902Z vs. now: 2026-05-09T05:33:04.155812789Z). Replace timestamp: Some(7637760893646305912/c429911f5f747ce9a170b96ba127398e)
2026-05-09T05:33:04.155850Z ERROR zenoh::net::routing::dispatcher::pubsub: Error treating timestamp for received Data (incoming timestamp from c429911f5f747ce9a170b96ba127398e exceeding delta 500ms is rejected: 2026-05-09T05:33:04.942023899Z vs. now: 2026-05-09T05:33:04.155844197Z). Replace timestamp: Some(7637760893647362607/ade74ca0ac7c6389a28cbc898de27710)
2026-05-09T05:33:04.155867Z ERROR zenoh::net::routing::dispatcher::pubsub: Error treating timestamp for received Data (incoming timestamp from c429911f5f747ce9a170b96ba127398e exceeding delta 500ms is rejected: 2026-05-09T05:33:04.942023902Z vs. now: 2026-05-09T05:33:04.155865986Z). Replace timestamp: Some(7637760893646305914/c429911f5f747ce9a170b96ba127398e)
2026-05-09T05:33:04.156009Z ERROR zenoh::net::routing::dispatcher::pubsub: Error treating timestamp for received Data (incoming timestamp from c429911f5f747ce9a170b96ba127398e exceeding delta 500ms is rejected: 2026-05-09T05:33:04.942023902Z vs. now: 2026-05-09T05:33:04.156006512Z). Replace timestamp: Some(7637760893646305916/c429911f5f747ce9a170b96ba127398e)
2026-05-09T05:33:04.156009Z ERROR zenoh::net::routing::dispatcher::pubsub: Error treating timestamp for received Data (incoming timestamp from c429911f5f747ce9a170b96ba127398e exceeding delta 500ms is rejected: 2026-05-09T05:33:04.942023900Z vs. now: 2026-05-09T05:33:04.156005238Z). Replace timestamp: Some(7637760893647362608/ade74ca0ac7c6389a28cbc898de27710)
2026-05-09T05:33:04.156086Z ERROR zenoh::net::routing::dispatcher::pubsub: Error treating timestamp for received Data (incoming timestamp from c429911f5f747ce9a170b96ba127398e exceeding delta 500ms is rejected: 2026-05-09T05:33:04.942023903Z vs. now: 2026-05-09T05:33:04.156085302Z). Replace timestamp: Some(7637760893646305918/c429911f5f747ce9a170b96ba127398e)
2026-05-09T05:33:04.156122Z ERROR zenoh::net::routing::dispatcher::pubsub: Error treating timestamp for received Data (incoming timestamp from c429911f5f747ce9a170b96ba127398e exceeding delta 500ms is rejected: 2026-05-09T05:33:04.942023903Z vs. now: 2026-05-09T05:33:04.156120956Z). Replace timestamp: Some(7637760893646305920/c429911f5f747ce9a170b96ba127398e)
2026-05-09T05:33:04.156130Z ERROR zenoh::net::routing::dispatcher::pubsub: Error treating timestamp for received Data (incoming timestamp from c429911f5f747ce9a170b96ba127398e exceeding delta 500ms is rejected: 2026-05-09T05:33:04.942023904Z vs. now: 2026-05-09T05:33:04.156130162Z). Replace timestamp: Some(7637760893646305922/c429911f5f747ce9a170b96ba127398e)
2026-05-09T05:33:04.156132Z ERROR zenoh::net::routing::dispatcher::pubsub: Error treating timestamp for received Data (incoming timestamp from c429911f5f747ce9a170b96ba127398e exceeding delta 500ms is rejected: 2026-05-09T05:33:04.942023900Z vs. now: 2026-05-09T05:33:04.156129584Z). Replace timestamp: Some(7637760893647362609/ade74ca0ac7c6389a28cbc898de27710)
2026-05-09T05:33:04.156140Z ERROR zenoh::net::routing::dispatcher::pubsub: Error treating timestamp for received Data (incoming timestamp from c429911f5f747ce9a170b96ba127398e exceeding delta 500ms is rejected: 2026-05-09T05:33:04.942023904Z vs. now: 2026-05-09T05:33:04.156140026Z). Replace timestamp: Some(7637760893646305924/c429911f5f747ce9a170b96ba127398e)
2026-05-09T05:33:04.156145Z ERROR zenoh::net::routing::dispatcher::pubsub: Error treating timestamp for received Data (incoming timestamp from c429911f5f747ce9a170b96ba127398e exceeding delta 500ms is rejected: 2026-05-09T05:33:04.942023905Z vs. now: 2026-05-09T05:33:04.156145216Z). Replace timestamp: Some(7637760893646305926/c429911f5f747ce9a170b96ba127398e)
2026-05-09T05:33:04.156147Z ERROR zenoh::net::routing::dispatcher::pubsub: Error treating timestamp for received Data (incoming timestamp from c429911f5f747ce9a170b96ba127398e exceeding delta 500ms is rejected: 2026-05-09T05:33:04.942023901Z vs. now: 2026-05-09T05:33:04.156146702Z). Replace timestamp: Some(7637760893647362610/ade74ca0ac7c6389a28cbc898de27710)
2026-05-09T05:33:04.156150Z ERROR zenoh::net::routing::dispatcher::pubsub: Error treating timestamp for received Data (incoming timestamp from c429911f5f747ce9a170b96ba127398e exceeding delta 500ms is rejected: 2026-05-09T05:33:04.942023905Z vs. now: 2026-05-09T05:33:04.156149921Z). Replace timestamp: Some(7637760893646305928/c429911f5f747ce9a170b96ba127398e)
2026-05-09T05:33:04.156157Z ERROR zenoh::net::routing::dispatcher::pubsub: Error treating timestamp for received Data (incoming timestamp from c429911f5f747ce9a170b96ba127398e exceeding delta 500ms is rejected: 2026-05-09T05:33:04.942023906Z vs. now: 2026-05-09T05:33:04.156157680Z). Replace timestamp: Some(7637760893646305930/c429911f5f747ce9a170b96ba127398e)
2026-05-09T05:33:04.156164Z ERROR zenoh::net::routing::dispatcher::pubsub: Error treating timestamp for received Data (incoming timestamp from c429911f5f747ce9a170b96ba127398e exceeding delta 500ms is rejected: 2026-05-09T05:33:04.942023906Z vs. now: 2026-05-09T05:33:04.156164378Z). Replace timestamp: Some(7637760893646305932/c429911f5f747ce9a170b96ba127398e)
2026-05-09T05:33:04.156169Z ERROR zenoh::net::routing::dispatcher::pubsub: Error treating timestamp for received Data (incoming timestamp from c429911f5f747ce9a170b96ba127398e exceeding delta 500ms is rejected: 2026-05-09T05:33:04.942023907Z vs. now: 2026-05-09T05:33:04.156169586Z). Replace timestamp: Some(7637760893646305934/c429911f5f747ce9a170b96ba127398e)
2026-05-09T05:33:04.156171Z ERROR zenoh::net::routing::dispatcher::pubsub: Error treating timestamp for received Data (incoming timestamp from c429911f5f747ce9a170b96ba127398e exceeding delta 500ms is rejected: 2026-05-09T05:33:04.942023901Z vs. now: 2026-05-09T05:33:04.156171065Z). Replace timestamp: Some(7637760893647362611/ade74ca0ac7c6389a28cbc898de27710)
2026-05-09T05:33:04.156182Z ERROR zenoh::net::routing::dispatcher::pubsub: Error treating timestamp for received Data (incoming timestamp from c429911f5f747ce9a170b96ba127398e exceeding delta 500ms is rejected: 2026-05-09T05:33:04.942023902Z vs. now: 2026-05-09T05:33:04.156182346Z). Replace timestamp: Some(7637760893647362612/ade74ca0ac7c6389a28cbc898de27710)
2026-05-09T05:33:04.156228Z ERROR zenoh::net::routing::dispatcher::pubsub: Error treating timestamp for received Data (incoming timestamp from c429911f5f747ce9a170b96ba127398e exceeding delta 500ms is rejected: 2026-05-09T05:33:04.942023902Z vs. now: 2026-05-09T05:33:04.156226367Z). Replace timestamp: Some(7637760893647362613/ade74ca0ac7c6389a28cbc898de27710)
2026-05-09T05:33:04.156273Z ERROR zenoh::net::routing::dispatcher::pubsub: Error treating timestamp for received Data (incoming timestamp from c429911f5f747ce9a170b96ba127398e exceeding delta 500ms is rejected: 2026-05-09T05:33:04.942023903Z vs. now: 2026-05-09T05:33:04.156271596Z). Replace timestamp: Some(7637760893647362614/ade74ca0ac7c6389a28cbc898de27710)
2026-05-09T05:33:04.156313Z ERROR zenoh::net::routing::dispatcher::pubsub: Error treating timestamp for received Data (incoming timestamp from c429911f5f747ce9a170b96ba127398e exceeding delta 500ms is rejected: 2026-05-09T05:33:04.942023903Z vs. now: 2026-05-09T05:33:04.156311628Z). Replace timestamp: Some(7637760893647362615/ade74ca0ac7c6389a28cbc898de27710)
2026-05-09T05:33:04.156349Z ERROR zenoh::net::routing::dispatcher::pubsub: Error treating timestamp for received Data (incoming timestamp from c429911f5f747ce9a170b96ba127398e exceeding delta 500ms is rejected: 2026-05-09T05:33:04.942023904Z vs. now: 2026-05-09T05:33:04.156347674Z). Replace timestamp: Some(7637760893647362616/ade74ca0ac7c6389a28cbc898de27710)
2026-05-09T05:33:04.156385Z ERROR zenoh::net::routing::dispatcher::pubsub: Error treating timestamp for received Data (incoming timestamp from c429911f5f747ce9a170b96ba127398e exceeding delta 500ms is rejected: 2026-05-09T05:33:04.942023904Z vs. now: 2026-05-09T05:33:04.156383738Z). Replace timestamp: Some(7637760893647362617/ade74ca0ac7c6389a28cbc898de27710)
2026-05-09T05:33:04.156416Z ERROR zenoh::net::routing::dispatcher::pubsub: Error treating timestamp for received Data (incoming timestamp from c429911f5f747ce9a170b96ba127398e exceeding delta 500ms is rejected: 2026-05-09T05:33:04.942023905Z vs. now: 2026-05-09T05:33:04.156414688Z). Replace timestamp: Some(7637760893647362618/ade74ca0ac7c6389a28cbc898de27710)
2026-05-09T05:33:04.156428Z ERROR zenoh::net::routing::dispatcher::pubsub: Error treating timestamp for received Data (incoming timestamp from c429911f5f747ce9a170b96ba127398e exceeding delta 500ms is rejected: 2026-05-09T05:33:04.942023905Z vs. now: 2026-05-09T05:33:04.156428054Z). Replace timestamp: Some(7637760893647362619/ade74ca0ac7c6389a28cbc898de27710)
2026-05-09T05:33:04.156457Z ERROR zenoh::net::routing::dispatcher::pubsub: Error treating timestamp for received Data (incoming timestamp from c429911f5f747ce9a170b96ba127398e exceeding delta 500ms is rejected: 2026-05-09T05:33:04.942023905Z vs. now: 2026-05-09T05:33:04.156455961Z). Replace timestamp: Some(7637760893647362620/ade74ca0ac7c6389a28cbc898de27710)
2026-05-09T05:33:04.156465Z ERROR zenoh::net::routing::dispatcher::pubsub: Error treating timestamp for received Data (incoming timestamp from c429911f5f747ce9a170b96ba127398e exceeding delta 500ms is rejected: 2026-05-09T05:33:04.942023906Z vs. now: 2026-05-09T05:33:04.156465065Z). Replace timestamp: Some(7637760893647362621/ade74ca0ac7c6389a28cbc898de27710)
2026-05-09T05:33:04.156470Z ERROR zenoh::net::routing::dispatcher::pubsub: Error treating timestamp for received Data (incoming timestamp from c429911f5f747ce9a170b96ba127398e exceeding delta 500ms is rejected: 2026-05-09T05:33:04.942023906Z vs. now: 2026-05-09T05:33:04.156469565Z). Replace timestamp: Some(7637760893647362622/ade74ca0ac7c6389a28cbc898de27710)
2026-05-09T05:33:04.156481Z ERROR zenoh::net::routing::dispatcher::pubsub: Error treating timestamp for received Data (incoming timestamp from c429911f5f747ce9a170b96ba127398e exceeding delta 500ms is rejected: 2026-05-09T05:33:04.942023907Z vs. now: 2026-05-09T05:33:04.156481218Z). Replace timestamp: Some(7637760893647362623/ade74ca0ac7c6389a28cbc898de27710)
2026-05-09T05:33:04.157315Z ERROR zenoh::net::routing::dispatcher::pubsub: Error treating timestamp for received Data (incoming timestamp from c429911f5f747ce9a170b96ba127398e exceeding delta 500ms is rejected: 2026-05-09T05:33:04.942023907Z vs. now: 2026-05-09T05:33:04.157312960Z). Replace timestamp: Some(7637760893646305936/c429911f5f747ce9a170b96ba127398e)
2026-05-09T05:33:04.157374Z ERROR zenoh::net::routing::dispatcher::pubsub: Error treating timestamp for received Data (incoming timestamp from c429911f5f747ce9a170b96ba127398e exceeding delta 500ms is rejected: 2026-05-09T05:33:04.942023908Z vs. now: 2026-05-09T05:33:04.157373090Z). Replace timestamp: Some(7637760893646305938/c429911f5f747ce9a170b96ba127398e)
2026-05-09T05:33:04.157388Z ERROR zenoh::net::routing::dispatcher::pubsub: Error treating timestamp for received Data (incoming timestamp from c429911f5f747ce9a170b96ba127398e exceeding delta 500ms is rejected: 2026-05-09T05:33:04.942023908Z vs. now: 2026-05-09T05:33:04.157387894Z). Replace timestamp: Some(7637760893646305940/c429911f5f747ce9a170b96ba127398e)
2026-05-09T05:33:04.157394Z ERROR zenoh::net::routing::dispatcher::pubsub: Error treating timestamp for received Data (incoming timestamp from c429911f5f747ce9a170b96ba127398e exceeding delta 500ms is rejected: 2026-05-09T05:33:04.942023909Z vs. now: 2026-05-09T05:33:04.157393650Z). Replace timestamp: Some(7637760893646305942/c429911f5f747ce9a170b96ba127398e)
2026-05-09T05:33:04.157401Z ERROR zenoh::net::routing::dispatcher::pubsub: Error treating timestamp for received Data (incoming timestamp from c429911f5f747ce9a170b96ba127398e exceeding delta 500ms is rejected: 2026-05-09T05:33:04.942023909Z vs. now: 2026-05-09T05:33:04.157400843Z). Replace timestamp: Some(7637760893646305944/c429911f5f747ce9a170b96ba127398e)
2026-05-09T05:33:04.157406Z ERROR zenoh::net::routing::dispatcher::pubsub: Error treating timestamp for received Data (incoming timestamp from c429911f5f747ce9a170b96ba127398e exceeding delta 500ms is rejected: 2026-05-09T05:33:04.942023909Z vs. now: 2026-05-09T05:33:04.157405906Z). Replace timestamp: Some(7637760893646305946/c429911f5f747ce9a170b96ba127398e)
2026-05-09T05:33:04.157410Z ERROR zenoh::net::routing::dispatcher::pubsub: Error treating timestamp for received Data (incoming timestamp from c429911f5f747ce9a170b96ba127398e exceeding delta 500ms is rejected: 2026-05-09T05:33:04.942023910Z vs. now: 2026-05-09T05:33:04.157410417Z). Replace timestamp: Some(7637760893646305948/c429911f5f747ce9a170b96ba127398e)
2026-05-09T05:33:04.157415Z ERROR zenoh::net::routing::dispatcher::pubsub: Error treating timestamp for received Data (incoming timestamp from c429911f5f747ce9a170b96ba127398e exceeding delta 500ms is rejected: 2026-05-09T05:33:04.942023910Z vs. now: 2026-05-09T05:33:04.157415320Z). Replace timestamp: Some(7637760893646305950/c429911f5f747ce9a170b96ba127398e)
2026-05-09T05:33:04.157420Z ERROR zenoh::net::routing::dispatcher::pubsub: Error treating timestamp for received Data (incoming timestamp from c429911f5f747ce9a170b96ba127398e exceeding delta 500ms is rejected: 2026-05-09T05:33:04.942023911Z vs. now: 2026-05-09T05:33:04.157419932Z). Replace timestamp: Some(7637760893646305952/c429911f5f747ce9a170b96ba127398e)
2026-05-09T05:33:04.157425Z ERROR zenoh::net::routing::dispatcher::pubsub: Error treating timestamp for received Data (incoming timestamp from c429911f5f747ce9a170b96ba127398e exceeding delta 500ms is rejected: 2026-05-09T05:33:04.942023911Z vs. now: 2026-05-09T05:33:04.157424938Z). Replace timestamp: Some(7637760893646305954/c429911f5f747ce9a170b96ba127398e)
2026-05-09T05:33:04.157429Z ERROR zenoh::net::routing::dispatcher::pubsub: Error treating timestamp for received Data (incoming timestamp from c429911f5f747ce9a170b96ba127398e exceeding delta 500ms is rejected: 2026-05-09T05:33:04.942023912Z vs. now: 2026-05-09T05:33:04.157429252Z). Replace timestamp: Some(7637760893646305956/c429911f5f747ce9a170b96ba127398e)
2026-05-09T05:33:04.157433Z ERROR zenoh::net::routing::dispatcher::pubsub: Error treating timestamp for received Data (incoming timestamp from c429911f5f747ce9a170b96ba127398e exceeding delta 500ms is rejected: 2026-05-09T05:33:04.942023912Z vs. now: 2026-05-09T05:33:04.157433711Z). Replace timestamp: Some(7637760893646305958/c429911f5f747ce9a170b96ba127398e)
2026-05-09T05:33:04.157438Z ERROR zenoh::net::routing::dispatcher::pubsub: Error treating timestamp for received Data (incoming timestamp from c429911f5f747ce9a170b96ba127398e exceeding delta 500ms is rejected: 2026-05-09T05:33:04.942023913Z vs. now: 2026-05-09T05:33:04.157438171Z). Replace timestamp: Some(7637760893646305960/c429911f5f747ce9a170b96ba127398e)
2026-05-09T05:33:04.157528Z ERROR zenoh::net::routing::dispatcher::pubsub: Error treating timestamp for received Data (incoming timestamp from c429911f5f747ce9a170b96ba127398e exceeding delta 500ms is rejected: 2026-05-09T05:33:04.942023907Z vs. now: 2026-05-09T05:33:04.157525242Z). Replace timestamp: Some(7637760893647362624/ade74ca0ac7c6389a28cbc898de27710)
2026-05-09T05:33:04.157579Z ERROR zenoh::net::routing::dispatcher::pubsub: Error treating timestamp for received Data (incoming timestamp from c429911f5f747ce9a170b96ba127398e exceeding delta 500ms is rejected: 2026-05-09T05:33:04.942023908Z vs. now: 2026-05-09T05:33:04.157578085Z). Replace timestamp: Some(7637760893647362625/ade74ca0ac7c6389a28cbc898de27710)
2026-05-09T05:33:04.157610Z ERROR zenoh::net::routing::dispatcher::pubsub: Error treating timestamp for received Data (incoming timestamp from c429911f5f747ce9a170b96ba127398e exceeding delta 500ms is rejected: 2026-05-09T05:33:04.942023908Z vs. now: 2026-05-09T05:33:04.157608767Z). Replace timestamp: Some(7637760893647362626/ade74ca0ac7c6389a28cbc898de27710)
2026-05-09T05:33:04.157622Z ERROR zenoh::net::routing::dispatcher::pubsub: Error treating timestamp for received Data (incoming timestamp from c429911f5f747ce9a170b96ba127398e exceeding delta 500ms is rejected: 2026-05-09T05:33:04.942023909Z vs. now: 2026-05-09T05:33:04.157622260Z). Replace timestamp: Some(7637760893647362627/ade74ca0ac7c6389a28cbc898de27710)
2026-05-09T05:33:04.157628Z ERROR zenoh::net::routing::dispatcher::pubsub: Error treating timestamp for received Data (incoming timestamp from c429911f5f747ce9a170b96ba127398e exceeding delta 500ms is rejected: 2026-05-09T05:33:04.942023909Z vs. now: 2026-05-09T05:33:04.157627795Z). Replace timestamp: Some(7637760893647362628/ade74ca0ac7c6389a28cbc898de27710)
2026-05-09T05:33:04.157632Z ERROR zenoh::net::routing::dispatcher::pubsub: Error treating timestamp for received Data (incoming timestamp from c429911f5f747ce9a170b96ba127398e exceeding delta 500ms is rejected: 2026-05-09T05:33:04.942023910Z vs. now: 2026-05-09T05:33:04.157631804Z). Replace timestamp: Some(7637760893647362629/ade74ca0ac7c6389a28cbc898de27710)
2026-05-09T05:33:04.157635Z ERROR zenoh::net::routing::dispatcher::pubsub: Error treating timestamp for received Data (incoming timestamp from c429911f5f747ce9a170b96ba127398e exceeding delta 500ms is rejected: 2026-05-09T05:33:04.942023910Z vs. now: 2026-05-09T05:33:04.157635566Z). Replace timestamp: Some(7637760893647362630/ade74ca0ac7c6389a28cbc898de27710)
2026-05-09T05:33:04.157639Z ERROR zenoh::net::routing::dispatcher::pubsub: Error treating timestamp for received Data (incoming timestamp from c429911f5f747ce9a170b96ba127398e exceeding delta 500ms is rejected: 2026-05-09T05:33:04.942023911Z vs. now: 2026-05-09T05:33:04.157639254Z). Replace timestamp: Some(7637760893647362631/ade74ca0ac7c6389a28cbc898de27710)
2026-05-09T05:33:04.157643Z ERROR zenoh::net::routing::dispatcher::pubsub: Error treating timestamp for received Data (incoming timestamp from c429911f5f747ce9a170b96ba127398e exceeding delta 500ms is rejected: 2026-05-09T05:33:04.942023911Z vs. now: 2026-05-09T05:33:04.157642749Z). Replace timestamp: Some(7637760893647362632/ade74ca0ac7c6389a28cbc898de27710)
2026-05-09T05:33:04.157646Z ERROR zenoh::net::routing::dispatcher::pubsub: Error treating timestamp for received Data (incoming timestamp from c429911f5f747ce9a170b96ba127398e exceeding delta 500ms is rejected: 2026-05-09T05:33:04.942023912Z vs. now: 2026-05-09T05:33:04.157646362Z). Replace timestamp: Some(7637760893647362633/ade74ca0ac7c6389a28cbc898de27710)
2026-05-09T05:33:04.157650Z ERROR zenoh::net::routing::dispatcher::pubsub: Error treating timestamp for received Data (incoming timestamp from c429911f5f747ce9a170b96ba127398e exceeding delta 500ms is rejected: 2026-05-09T05:33:04.942023912Z vs. now: 2026-05-09T05:33:04.157649786Z). Replace timestamp: Some(7637760893647362634/ade74ca0ac7c6389a28cbc898de27710)
2026-05-09T05:33:04.157653Z ERROR zenoh::net::routing::dispatcher::pubsub: Error treating timestamp for received Data (incoming timestamp from c429911f5f747ce9a170b96ba127398e exceeding delta 500ms is rejected: 2026-05-09T05:33:04.942023912Z vs. now: 2026-05-09T05:33:04.157653258Z). Replace timestamp: Some(7637760893647362635/ade74ca0ac7c6389a28cbc898de27710)
2026-05-09T05:33:04.157657Z ERROR zenoh::net::routing::dispatcher::pubsub: Error treating timestamp for received Data (incoming timestamp from c429911f5f747ce9a170b96ba127398e exceeding delta 500ms is rejected: 2026-05-09T05:33:04.942023913Z vs. now: 2026-05-09T05:33:04.157657277Z). Replace timestamp: Some(7637760893647362636/ade74ca0ac7c6389a28cbc898de27710)
2026-05-09T05:33:04.157672Z ERROR zenoh::net::routing::dispatcher::pubsub: Error treating timestamp for received Data (incoming timestamp from c429911f5f747ce9a170b96ba127398e exceeding delta 500ms is rejected: 2026-05-09T05:33:04.942023913Z vs. now: 2026-05-09T05:33:04.157668107Z). Replace timestamp: Some(7637760893646305962/c429911f5f747ce9a170b96ba127398e)
2026-05-09T05:33:04.157783Z ERROR zenoh::net::routing::dispatcher::pubsub: Error treating timestamp for received Data (incoming timestamp from c429911f5f747ce9a170b96ba127398e exceeding delta 500ms is rejected: 2026-05-09T05:33:04.942023914Z vs. now: 2026-05-09T05:33:04.157780607Z). Replace timestamp: Some(7637760893646305964/c429911f5f747ce9a170b96ba127398e)
2026-05-09T05:33:04.157876Z ERROR zenoh::net::routing::dispatcher::pubsub: Error treating timestamp for received Data (incoming timestamp from c429911f5f747ce9a170b96ba127398e exceeding delta 500ms is rejected: 2026-05-09T05:33:04.942023914Z vs. now: 2026-05-09T05:33:04.157875106Z). Replace timestamp: Some(7637760893646305966/c429911f5f747ce9a170b96ba127398e)
2026-05-09T05:33:04.157900Z ERROR zenoh::net::routing::dispatcher::pubsub: Error treating timestamp for received Data (incoming timestamp from c429911f5f747ce9a170b96ba127398e exceeding delta 500ms is rejected: 2026-05-09T05:33:04.942023913Z vs. now: 2026-05-09T05:33:04.157897693Z). Replace timestamp: Some(7637760893647362637/ade74ca0ac7c6389a28cbc898de27710)
2026-05-09T05:33:04.157911Z ERROR zenoh::net::routing::dispatcher::pubsub: Error treating timestamp for received Data (incoming timestamp from c429911f5f747ce9a170b96ba127398e exceeding delta 500ms is rejected: 2026-05-09T05:33:04.942023915Z vs. now: 2026-05-09T05:33:04.157909744Z). Replace timestamp: Some(7637760893646305968/c429911f5f747ce9a170b96ba127398e)
2026-05-09T05:33:04.157966Z ERROR zenoh::net::routing::dispatcher::pubsub: Error treating timestamp for received Data (incoming timestamp from c429911f5f747ce9a170b96ba127398e exceeding delta 500ms is rejected: 2026-05-09T05:33:04.942023914Z vs. now: 2026-05-09T05:33:04.157965005Z). Replace timestamp: Some(7637760893647362638/ade74ca0ac7c6389a28cbc898de27710)
2026-05-09T05:33:04.158022Z ERROR zenoh::net::routing::dispatcher::pubsub: Error treating timestamp for received Data (incoming timestamp from c429911f5f747ce9a170b96ba127398e exceeding delta 500ms is rejected: 2026-05-09T05:33:04.942023914Z vs. now: 2026-05-09T05:33:04.158020717Z). Replace timestamp: Some(7637760893647362639/ade74ca0ac7c6389a28cbc898de27710)
2026-05-09T05:33:04.158053Z ERROR zenoh::net::routing::dispatcher::pubsub: Error treating timestamp for received Data (incoming timestamp from c429911f5f747ce9a170b96ba127398e exceeding delta 500ms is rejected: 2026-05-09T05:33:04.942023915Z vs. now: 2026-05-09T05:33:04.158052043Z). Replace timestamp: Some(7637760893647362640/ade74ca0ac7c6389a28cbc898de27710)
2026-05-09T05:33:04.159084Z ERROR zenoh::net::routing::dispatcher::pubsub: Error treating timestamp for received Data (incoming timestamp from c429911f5f747ce9a170b96ba127398e exceeding delta 500ms is rejected: 2026-05-09T05:33:04.942023915Z vs. now: 2026-05-09T05:33:04.159081609Z). Replace timestamp: Some(7637760893646305970/c429911f5f747ce9a170b96ba127398e)
2026-05-09T05:33:04.159150Z ERROR zenoh::net::routing::dispatcher::pubsub: Error treating timestamp for received Data (incoming timestamp from c429911f5f747ce9a170b96ba127398e exceeding delta 500ms is rejected: 2026-05-09T05:33:04.942023916Z vs. now: 2026-05-09T05:33:04.159148388Z). Replace timestamp: Some(7637760893646305972/c429911f5f747ce9a170b96ba127398e)
2026-05-09T05:33:04.159185Z ERROR zenoh::net::routing::dispatcher::pubsub: Error treating timestamp for received Data (incoming timestamp from c429911f5f747ce9a170b96ba127398e exceeding delta 500ms is rejected: 2026-05-09T05:33:04.942023916Z vs. now: 2026-05-09T05:33:04.159183763Z). Replace timestamp: Some(7637760893646305974/c429911f5f747ce9a170b96ba127398e)
2026-05-09T05:33:04.159220Z ERROR zenoh::net::routing::dispatcher::pubsub: Error treating timestamp for received Data (incoming timestamp from c429911f5f747ce9a170b96ba127398e exceeding delta 500ms is rejected: 2026-05-09T05:33:04.942023916Z vs. now: 2026-05-09T05:33:04.159218647Z). Replace timestamp: Some(7637760893646305976/c429911f5f747ce9a170b96ba127398e)
2026-05-09T05:33:04.159228Z ERROR zenoh::net::routing::dispatcher::pubsub: Error treating timestamp for received Data (incoming timestamp from c429911f5f747ce9a170b96ba127398e exceeding delta 500ms is rejected: 2026-05-09T05:33:04.942023917Z vs. now: 2026-05-09T05:33:04.159228348Z). Replace timestamp: Some(7637760893646305978/c429911f5f747ce9a170b96ba127398e)
2026-05-09T05:33:04.159261Z ERROR zenoh::net::routing::dispatcher::pubsub: Error treating timestamp for received Data (incoming timestamp from c429911f5f747ce9a170b96ba127398e exceeding delta 500ms is rejected: 2026-05-09T05:33:04.942023917Z vs. now: 2026-05-09T05:33:04.159260076Z). Replace timestamp: Some(7637760893646305980/c429911f5f747ce9a170b96ba127398e)
2026-05-09T05:33:04.159296Z ERROR zenoh::net::routing::dispatcher::pubsub: Error treating timestamp for received Data (incoming timestamp from c429911f5f747ce9a170b96ba127398e exceeding delta 500ms is rejected: 2026-05-09T05:33:04.942023918Z vs. now: 2026-05-09T05:33:04.159295012Z). Replace timestamp: Some(7637760893646305982/c429911f5f747ce9a170b96ba127398e)
2026-05-09T05:33:04.159310Z ERROR zenoh::net::routing::dispatcher::pubsub: Error treating timestamp for received Data (incoming timestamp from c429911f5f747ce9a170b96ba127398e exceeding delta 500ms is rejected: 2026-05-09T05:33:04.942023918Z vs. now: 2026-05-09T05:33:04.159304474Z). Replace timestamp: Some(7637760893646305984/c429911f5f747ce9a170b96ba127398e)
2026-05-09T05:33:04.159343Z ERROR zenoh::net::routing::dispatcher::pubsub: Error treating timestamp for received Data (incoming timestamp from c429911f5f747ce9a170b96ba127398e exceeding delta 500ms is rejected: 2026-05-09T05:33:04.942023919Z vs. now: 2026-05-09T05:33:04.159342196Z). Replace timestamp: Some(7637760893646305986/c429911f5f747ce9a170b96ba127398e)
2026-05-09T05:33:04.159352Z ERROR zenoh::net::routing::dispatcher::pubsub: Error treating timestamp for received Data (incoming timestamp from c429911f5f747ce9a170b96ba127398e exceeding delta 500ms is rejected: 2026-05-09T05:33:04.942023919Z vs. now: 2026-05-09T05:33:04.159351722Z). Replace timestamp: Some(7637760893646305988/c429911f5f747ce9a170b96ba127398e)
2026-05-09T05:33:04.159359Z ERROR zenoh::net::routing::dispatcher::pubsub: Error treating timestamp for received Data (incoming timestamp from c429911f5f747ce9a170b96ba127398e exceeding delta 500ms is rejected: 2026-05-09T05:33:04.942023920Z vs. now: 2026-05-09T05:33:04.159359262Z). Replace timestamp: Some(7637760893646305990/c429911f5f747ce9a170b96ba127398e)
2026-05-09T05:33:04.159391Z ERROR zenoh::net::routing::dispatcher::pubsub: Error treating timestamp for received Data (incoming timestamp from c429911f5f747ce9a170b96ba127398e exceeding delta 500ms is rejected: 2026-05-09T05:33:04.942023920Z vs. now: 2026-05-09T05:33:04.159389820Z). Replace timestamp: Some(7637760893646305992/c429911f5f747ce9a170b96ba127398e)
2026-05-09T05:33:04.159426Z ERROR zenoh::net::routing::dispatcher::pubsub: Error treating timestamp for received Data (incoming timestamp from c429911f5f747ce9a170b96ba127398e exceeding delta 500ms is rejected: 2026-05-09T05:33:04.942023921Z vs. now: 2026-05-09T05:33:04.159424715Z). Replace timestamp: Some(7637760893646305994/c429911f5f747ce9a170b96ba127398e)
2026-05-09T05:33:04.159434Z ERROR zenoh::net::routing::dispatcher::pubsub: Error treating timestamp for received Data (incoming timestamp from c429911f5f747ce9a170b96ba127398e exceeding delta 500ms is rejected: 2026-05-09T05:33:04.942023921Z vs. now: 2026-05-09T05:33:04.159434125Z). Replace timestamp: Some(7637760893646305996/c429911f5f747ce9a170b96ba127398e)
2026-05-09T05:33:04.159467Z ERROR zenoh::net::routing::dispatcher::pubsub: Error treating timestamp for received Data (incoming timestamp from c429911f5f747ce9a170b96ba127398e exceeding delta 500ms is rejected: 2026-05-09T05:33:04.942023922Z vs. now: 2026-05-09T05:33:04.159465816Z). Replace timestamp: Some(7637760893646305998/c429911f5f747ce9a170b96ba127398e)
2026-05-09T05:33:04.159510Z ERROR zenoh::net::routing::dispatcher::pubsub: Error treating timestamp for received Data (incoming timestamp from c429911f5f747ce9a170b96ba127398e exceeding delta 500ms is rejected: 2026-05-09T05:33:04.942023922Z vs. now: 2026-05-09T05:33:04.159500678Z). Replace timestamp: Some(7637760893646306000/c429911f5f747ce9a170b96ba127398e)
2026-05-09T05:33:04.159545Z ERROR zenoh::net::routing::dispatcher::pubsub: Error treating timestamp for received Data (incoming timestamp from c429911f5f747ce9a170b96ba127398e exceeding delta 500ms is rejected: 2026-05-09T05:33:04.942023922Z vs. now: 2026-05-09T05:33:04.159543701Z). Replace timestamp: Some(7637760893646306002/c429911f5f747ce9a170b96ba127398e)
2026-05-09T05:33:04.160450Z ERROR zenoh::net::routing::dispatcher::pubsub: Error treating timestamp for received Data (incoming timestamp from c429911f5f747ce9a170b96ba127398e exceeding delta 500ms is rejected: 2026-05-09T05:33:04.942023915Z vs. now: 2026-05-09T05:33:04.160447740Z). Replace timestamp: Some(7637760893647362641/ade74ca0ac7c6389a28cbc898de27710)
2026-05-09T05:33:04.160504Z ERROR zenoh::net::routing::dispatcher::pubsub: Error treating timestamp for received Data (incoming timestamp from c429911f5f747ce9a170b96ba127398e exceeding delta 500ms is rejected: 2026-05-09T05:33:04.942023916Z vs. now: 2026-05-09T05:33:04.160503071Z). Replace timestamp: Some(7637760893647362642/ade74ca0ac7c6389a28cbc898de27710)
2026-05-09T05:33:04.160536Z ERROR zenoh::net::routing::dispatcher::pubsub: Error treating timestamp for received Data (incoming timestamp from c429911f5f747ce9a170b96ba127398e exceeding delta 500ms is rejected: 2026-05-09T05:33:04.942023916Z vs. now: 2026-05-09T05:33:04.160534893Z). Replace timestamp: Some(7637760893647362643/ade74ca0ac7c6389a28cbc898de27710)
2026-05-09T05:33:04.160544Z ERROR zenoh::net::routing::dispatcher::pubsub: Error treating timestamp for received Data (incoming timestamp from c429911f5f747ce9a170b96ba127398e exceeding delta 500ms is rejected: 2026-05-09T05:33:04.942023917Z vs. now: 2026-05-09T05:33:04.160543874Z). Replace timestamp: Some(7637760893647362644/ade74ca0ac7c6389a28cbc898de27710)
2026-05-09T05:33:04.160549Z ERROR zenoh::net::routing::dispatcher::pubsub: Error treating timestamp for received Data (incoming timestamp from c429911f5f747ce9a170b96ba127398e exceeding delta 500ms is rejected: 2026-05-09T05:33:04.942023917Z vs. now: 2026-05-09T05:33:04.160548836Z). Replace timestamp: Some(7637760893647362645/ade74ca0ac7c6389a28cbc898de27710)
2026-05-09T05:33:04.160553Z ERROR zenoh::net::routing::dispatcher::pubsub: Error treating timestamp for received Data (incoming timestamp from c429911f5f747ce9a170b96ba127398e exceeding delta 500ms is rejected: 2026-05-09T05:33:04.942023918Z vs. now: 2026-05-09T05:33:04.160552945Z). Replace timestamp: Some(7637760893647362646/ade74ca0ac7c6389a28cbc898de27710)
2026-05-09T05:33:04.160559Z ERROR zenoh::net::routing::dispatcher::pubsub: Error treating timestamp for received Data (incoming timestamp from c429911f5f747ce9a170b96ba127398e exceeding delta 500ms is rejected: 2026-05-09T05:33:04.942023918Z vs. now: 2026-05-09T05:33:04.160559252Z). Replace timestamp: Some(7637760893647362647/ade74ca0ac7c6389a28cbc898de27710)
2026-05-09T05:33:04.160563Z ERROR zenoh::net::routing::dispatcher::pubsub: Error treating timestamp for received Data (incoming timestamp from c429911f5f747ce9a170b96ba127398e exceeding delta 500ms is rejected: 2026-05-09T05:33:04.942023919Z vs. now: 2026-05-09T05:33:04.160562985Z). Replace timestamp: Some(7637760893647362648/ade74ca0ac7c6389a28cbc898de27710)
2026-05-09T05:33:04.160590Z ERROR zenoh::net::routing::dispatcher::pubsub: Error treating timestamp for received Data (incoming timestamp from c429911f5f747ce9a170b96ba127398e exceeding delta 500ms is rejected: 2026-05-09T05:33:04.942023919Z vs. now: 2026-05-09T05:33:04.160588980Z). Replace timestamp: Some(7637760893647362649/ade74ca0ac7c6389a28cbc898de27710)
2026-05-09T05:33:04.160598Z ERROR zenoh::net::routing::dispatcher::pubsub: Error treating timestamp for received Data (incoming timestamp from c429911f5f747ce9a170b96ba127398e exceeding delta 500ms is rejected: 2026-05-09T05:33:04.942023919Z vs. now: 2026-05-09T05:33:04.160597548Z). Replace timestamp: Some(7637760893647362650/ade74ca0ac7c6389a28cbc898de27710)
2026-05-09T05:33:04.160605Z ERROR zenoh::net::routing::dispatcher::pubsub: Error treating timestamp for received Data (incoming timestamp from c429911f5f747ce9a170b96ba127398e exceeding delta 500ms is rejected: 2026-05-09T05:33:04.942023920Z vs. now: 2026-05-09T05:33:04.160604969Z). Replace timestamp: Some(7637760893647362651/ade74ca0ac7c6389a28cbc898de27710)
2026-05-09T05:33:04.160632Z ERROR zenoh::net::routing::dispatcher::pubsub: Error treating timestamp for received Data (incoming timestamp from c429911f5f747ce9a170b96ba127398e exceeding delta 500ms is rejected: 2026-05-09T05:33:04.942023920Z vs. now: 2026-05-09T05:33:04.160630964Z). Replace timestamp: Some(7637760893647362652/ade74ca0ac7c6389a28cbc898de27710)
2026-05-09T05:33:04.160641Z ERROR zenoh::net::routing::dispatcher::pubsub: Error treating timestamp for received Data (incoming timestamp from c429911f5f747ce9a170b96ba127398e exceeding delta 500ms is rejected: 2026-05-09T05:33:04.942023921Z vs. now: 2026-05-09T05:33:04.160640993Z). Replace timestamp: Some(7637760893647362653/ade74ca0ac7c6389a28cbc898de27710)
2026-05-09T05:33:04.160670Z ERROR zenoh::net::routing::dispatcher::pubsub: Error treating timestamp for received Data (incoming timestamp from c429911f5f747ce9a170b96ba127398e exceeding delta 500ms is rejected: 2026-05-09T05:33:04.942023921Z vs. now: 2026-05-09T05:33:04.160668713Z). Replace timestamp: Some(7637760893647362654/ade74ca0ac7c6389a28cbc898de27710)
2026-05-09T05:33:04.160678Z ERROR zenoh::net::routing::dispatcher::pubsub: Error treating timestamp for received Data (incoming timestamp from c429911f5f747ce9a170b96ba127398e exceeding delta 500ms is rejected: 2026-05-09T05:33:04.942023922Z vs. now: 2026-05-09T05:33:04.160677705Z). Replace timestamp: Some(7637760893647362655/ade74ca0ac7c6389a28cbc898de27710)
2026-05-09T05:33:04.160683Z ERROR zenoh::net::routing::dispatcher::pubsub: Error treating timestamp for received Data (incoming timestamp from c429911f5f747ce9a170b96ba127398e exceeding delta 500ms is rejected: 2026-05-09T05:33:04.942023922Z vs. now: 2026-05-09T05:33:04.160682936Z). Replace timestamp: Some(7637760893647362656/ade74ca0ac7c6389a28cbc898de27710)
2026-05-09T05:33:04.160687Z ERROR zenoh::net::routing::dispatcher::pubsub: Error treating timestamp for received Data (incoming timestamp from c429911f5f747ce9a170b96ba127398e exceeding delta 500ms is rejected: 2026-05-09T05:33:04.942023923Z vs. now: 2026-05-09T05:33:04.160687477Z). Replace timestamp: Some(7637760893647362657/ade74ca0ac7c6389a28cbc898de27710)
2026-05-09T05:33:04.160694Z ERROR zenoh::net::routing::dispatcher::pubsub: Error treating timestamp for received Data (incoming timestamp from c429911f5f747ce9a170b96ba127398e exceeding delta 500ms is rejected: 2026-05-09T05:33:04.942023923Z vs. now: 2026-05-09T05:33:04.160689507Z). Replace timestamp: Some(7637760893646306004/c429911f5f747ce9a170b96ba127398e)
2026-05-09T05:33:04.160783Z ERROR zenoh::net::routing::dispatcher::pubsub: Error treating timestamp for received Data (incoming timestamp from c429911f5f747ce9a170b96ba127398e exceeding delta 500ms is rejected: 2026-05-09T05:33:04.942023923Z vs. now: 2026-05-09T05:33:04.160780162Z). Replace timestamp: Some(7637760893646306006/c429911f5f747ce9a170b96ba127398e)
2026-05-09T05:33:04.160891Z ERROR zenoh::net::routing::dispatcher::pubsub: Error treating timestamp for received Data (incoming timestamp from c429911f5f747ce9a170b96ba127398e exceeding delta 500ms is rejected: 2026-05-09T05:33:04.942023923Z vs. now: 2026-05-09T05:33:04.160889783Z). Replace timestamp: Some(7637760893647362658/ade74ca0ac7c6389a28cbc898de27710)
2026-05-09T05:33:04.160897Z ERROR zenoh::net::routing::dispatcher::pubsub: Error treating timestamp for received Data (incoming timestamp from c429911f5f747ce9a170b96ba127398e exceeding delta 500ms is rejected: 2026-05-09T05:33:04.942023924Z vs. now: 2026-05-09T05:33:04.160894361Z). Replace timestamp: Some(7637760893646306008/c429911f5f747ce9a170b96ba127398e)
2026-05-09T05:33:04.160945Z ERROR zenoh::net::routing::dispatcher::pubsub: Error treating timestamp for received Data (incoming timestamp from c429911f5f747ce9a170b96ba127398e exceeding delta 500ms is rejected: 2026-05-09T05:33:04.942023924Z vs. now: 2026-05-09T05:33:04.160944492Z). Replace timestamp: Some(7637760893646306010/c429911f5f747ce9a170b96ba127398e)
2026-05-09T05:33:04.160966Z ERROR zenoh::net::routing::dispatcher::pubsub: Error treating timestamp for received Data (incoming timestamp from c429911f5f747ce9a170b96ba127398e exceeding delta 500ms is rejected: 2026-05-09T05:33:04.942023924Z vs. now: 2026-05-09T05:33:04.160964337Z). Replace timestamp: Some(7637760893647362659/ade74ca0ac7c6389a28cbc898de27710)
2026-05-09T05:33:04.160978Z ERROR zenoh::net::routing::dispatcher::pubsub: Error treating timestamp for received Data (incoming timestamp from c429911f5f747ce9a170b96ba127398e exceeding delta 500ms is rejected: 2026-05-09T05:33:04.942023924Z vs. now: 2026-05-09T05:33:04.160978210Z). Replace timestamp: Some(7637760893647362660/ade74ca0ac7c6389a28cbc898de27710)
2026-05-09T05:33:04.160986Z ERROR zenoh::net::routing::dispatcher::pubsub: Error treating timestamp for received Data (incoming timestamp from c429911f5f747ce9a170b96ba127398e exceeding delta 500ms is rejected: 2026-05-09T05:33:04.942023925Z vs. now: 2026-05-09T05:33:04.160984554Z). Replace timestamp: Some(7637760893646306012/c429911f5f747ce9a170b96ba127398e)
2026-05-09T05:33:04.160994Z ERROR zenoh::net::routing::dispatcher::pubsub: Error treating timestamp for received Data (incoming timestamp from c429911f5f747ce9a170b96ba127398e exceeding delta 500ms is rejected: 2026-05-09T05:33:04.942023925Z vs. now: 2026-05-09T05:33:04.160994325Z). Replace timestamp: Some(7637760893646306014/c429911f5f747ce9a170b96ba127398e)
2026-05-09T05:33:04.161000Z ERROR zenoh::net::routing::dispatcher::pubsub: Error treating timestamp for received Data (incoming timestamp from c429911f5f747ce9a170b96ba127398e exceeding delta 500ms is rejected: 2026-05-09T05:33:04.942023926Z vs. now: 2026-05-09T05:33:04.161000450Z). Replace timestamp: Some(7637760893646306016/c429911f5f747ce9a170b96ba127398e)
2026-05-09T05:33:04.161010Z ERROR zenoh::net::routing::dispatcher::pubsub: Error treating timestamp for received Data (incoming timestamp from c429911f5f747ce9a170b96ba127398e exceeding delta 500ms is rejected: 2026-05-09T05:33:04.942023925Z vs. now: 2026-05-09T05:33:04.161009580Z). Replace timestamp: Some(7637760893647362661/ade74ca0ac7c6389a28cbc898de27710)
2026-05-09T05:33:04.161078Z ERROR zenoh::net::routing::dispatcher::pubsub: Error treating timestamp for received Data (incoming timestamp from c429911f5f747ce9a170b96ba127398e exceeding delta 500ms is rejected: 2026-05-09T05:33:04.942023926Z vs. now: 2026-05-09T05:33:04.161076926Z). Replace timestamp: Some(7637760893646306018/c429911f5f747ce9a170b96ba127398e)
2026-05-09T05:33:04.161088Z ERROR zenoh::net::routing::dispatcher::pubsub: Error treating timestamp for received Data (incoming timestamp from c429911f5f747ce9a170b96ba127398e exceeding delta 500ms is rejected: 2026-05-09T05:33:04.942023927Z vs. now: 2026-05-09T05:33:04.161087972Z). Replace timestamp: Some(7637760893646306020/c429911f5f747ce9a170b96ba127398e)
2026-05-09T05:33:04.161098Z ERROR zenoh::net::routing::dispatcher::pubsub: Error treating timestamp for received Data (incoming timestamp from c429911f5f747ce9a170b96ba127398e exceeding delta 500ms is rejected: 2026-05-09T05:33:04.942023927Z vs. now: 2026-05-09T05:33:04.161097900Z). Replace timestamp: Some(7637760893646306022/c429911f5f747ce9a170b96ba127398e)
2026-05-09T05:33:04.161103Z ERROR zenoh::net::routing::dispatcher::pubsub: Error treating timestamp for received Data (incoming timestamp from c429911f5f747ce9a170b96ba127398e exceeding delta 500ms is rejected: 2026-05-09T05:33:04.942023928Z vs. now: 2026-05-09T05:33:04.161102698Z). Replace timestamp: Some(7637760893646306024/c429911f5f747ce9a170b96ba127398e)
2026-05-09T05:33:04.161101Z ERROR zenoh::net::routing::dispatcher::pubsub: Error treating timestamp for received Data (incoming timestamp from c429911f5f747ce9a170b96ba127398e exceeding delta 500ms is rejected: 2026-05-09T05:33:04.942023925Z vs. now: 2026-05-09T05:33:04.161098164Z). Replace timestamp: Some(7637760893647362662/ade74ca0ac7c6389a28cbc898de27710)
2026-05-09T05:33:04.161107Z ERROR zenoh::net::routing::dispatcher::pubsub: Error treating timestamp for received Data (incoming timestamp from c429911f5f747ce9a170b96ba127398e exceeding delta 500ms is rejected: 2026-05-09T05:33:04.942023928Z vs. now: 2026-05-09T05:33:04.161107600Z). Replace timestamp: Some(7637760893646306026/c429911f5f747ce9a170b96ba127398e)
2026-05-09T05:33:04.161112Z ERROR zenoh::net::routing::dispatcher::pubsub: Error treating timestamp for received Data (incoming timestamp from c429911f5f747ce9a170b96ba127398e exceeding delta 500ms is rejected: 2026-05-09T05:33:04.942023926Z vs. now: 2026-05-09T05:33:04.161111400Z). Replace timestamp: Some(7637760893647362663/ade74ca0ac7c6389a28cbc898de27710)
2026-05-09T05:33:04.161113Z ERROR zenoh::net::routing::dispatcher::pubsub: Error treating timestamp for received Data (incoming timestamp from c429911f5f747ce9a170b96ba127398e exceeding delta 500ms is rejected: 2026-05-09T05:33:04.942023929Z vs. now: 2026-05-09T05:33:04.161112827Z). Replace timestamp: Some(7637760893646306028/c429911f5f747ce9a170b96ba127398e)
2026-05-09T05:33:04.161217Z ERROR zenoh::net::routing::dispatcher::pubsub: Error treating timestamp for received Data (incoming timestamp from c429911f5f747ce9a170b96ba127398e exceeding delta 500ms is rejected: 2026-05-09T05:33:04.942023929Z vs. now: 2026-05-09T05:33:04.161215313Z). Replace timestamp: Some(7637760893646306030/c429911f5f747ce9a170b96ba127398e)
2026-05-09T05:33:04.161255Z ERROR zenoh::net::routing::dispatcher::pubsub: Error treating timestamp for received Data (incoming timestamp from c429911f5f747ce9a170b96ba127398e exceeding delta 500ms is rejected: 2026-05-09T05:33:04.942023929Z vs. now: 2026-05-09T05:33:04.161254365Z). Replace timestamp: Some(7637760893646306032/c429911f5f747ce9a170b96ba127398e)
2026-05-09T05:33:04.161264Z ERROR zenoh::net::routing::dispatcher::pubsub: Error treating timestamp for received Data (incoming timestamp from c429911f5f747ce9a170b96ba127398e exceeding delta 500ms is rejected: 2026-05-09T05:33:04.942023930Z vs. now: 2026-05-09T05:33:04.161263790Z). Replace timestamp: Some(7637760893646306034/c429911f5f747ce9a170b96ba127398e)
2026-05-09T05:33:04.161269Z ERROR zenoh::net::routing::dispatcher::pubsub: Error treating timestamp for received Data (incoming timestamp from c429911f5f747ce9a170b96ba127398e exceeding delta 500ms is rejected: 2026-05-09T05:33:04.942023930Z vs. now: 2026-05-09T05:33:04.161269296Z). Replace timestamp: Some(7637760893646306036/c429911f5f747ce9a170b96ba127398e)
2026-05-09T05:33:04.162430Z ERROR zenoh::net::routing::dispatcher::pubsub: Error treating timestamp for received Data (incoming timestamp from c429911f5f747ce9a170b96ba127398e exceeding delta 500ms is rejected: 2026-05-09T05:33:04.942023926Z vs. now: 2026-05-09T05:33:04.162424937Z). Replace timestamp: Some(7637760893647362664/ade74ca0ac7c6389a28cbc898de27710)
2026-05-09T05:33:04.162506Z ERROR zenoh::net::routing::dispatcher::pubsub: Error treating timestamp for received Data (incoming timestamp from c429911f5f747ce9a170b96ba127398e exceeding delta 500ms is rejected: 2026-05-09T05:33:04.942023931Z vs. now: 2026-05-09T05:33:04.162500978Z). Replace timestamp: Some(7637760893646306038/c429911f5f747ce9a170b96ba127398e)
2026-05-09T05:33:04.162534Z ERROR zenoh::net::routing::dispatcher::pubsub: Error treating timestamp for received Data (incoming timestamp from c429911f5f747ce9a170b96ba127398e exceeding delta 500ms is rejected: 2026-05-09T05:33:04.942023926Z vs. now: 2026-05-09T05:33:04.162531212Z). Replace timestamp: Some(7637760893647362665/ade74ca0ac7c6389a28cbc898de27710)
2026-05-09T05:33:04.162655Z ERROR zenoh::net::routing::dispatcher::pubsub: Error treating timestamp for received Data (incoming timestamp from c429911f5f747ce9a170b96ba127398e exceeding delta 500ms is rejected: 2026-05-09T05:33:04.942023931Z vs. now: 2026-05-09T05:33:04.162652258Z). Replace timestamp: Some(7637760893646306040/c429911f5f747ce9a170b96ba127398e)
2026-05-09T05:33:04.162700Z ERROR zenoh::net::routing::dispatcher::pubsub: Error treating timestamp for received Data (incoming timestamp from c429911f5f747ce9a170b96ba127398e exceeding delta 500ms is rejected: 2026-05-09T05:33:04.942023927Z vs. now: 2026-05-09T05:33:04.162696261Z). Replace timestamp: Some(7637760893647362666/ade74ca0ac7c6389a28cbc898de27710)
2026-05-09T05:33:04.162718Z ERROR zenoh::net::routing::dispatcher::pubsub: Error treating timestamp for received Data (incoming timestamp from c429911f5f747ce9a170b96ba127398e exceeding delta 500ms is rejected: 2026-05-09T05:33:04.942023927Z vs. now: 2026-05-09T05:33:04.162717335Z). Replace timestamp: Some(7637760893647362667/ade74ca0ac7c6389a28cbc898de27710)
2026-05-09T05:33:04.162728Z ERROR zenoh::net::routing::dispatcher::pubsub: Error treating timestamp for received Data (incoming timestamp from c429911f5f747ce9a170b96ba127398e exceeding delta 500ms is rejected: 2026-05-09T05:33:04.942023928Z vs. now: 2026-05-09T05:33:04.162727148Z). Replace timestamp: Some(7637760893647362668/ade74ca0ac7c6389a28cbc898de27710)
2026-05-09T05:33:04.162736Z ERROR zenoh::net::routing::dispatcher::pubsub: Error treating timestamp for received Data (incoming timestamp from c429911f5f747ce9a170b96ba127398e exceeding delta 500ms is rejected: 2026-05-09T05:33:04.942023928Z vs. now: 2026-05-09T05:33:04.162735995Z). Replace timestamp: Some(7637760893647362669/ade74ca0ac7c6389a28cbc898de27710)
2026-05-09T05:33:04.162744Z ERROR zenoh::net::routing::dispatcher::pubsub: Error treating timestamp for received Data (incoming timestamp from c429911f5f747ce9a170b96ba127398e exceeding delta 500ms is rejected: 2026-05-09T05:33:04.942023929Z vs. now: 2026-05-09T05:33:04.162744172Z). Replace timestamp: Some(7637760893647362670/ade74ca0ac7c6389a28cbc898de27710)
2026-05-09T05:33:04.162752Z ERROR zenoh::net::routing::dispatcher::pubsub: Error treating timestamp for received Data (incoming timestamp from c429911f5f747ce9a170b96ba127398e exceeding delta 500ms is rejected: 2026-05-09T05:33:04.942023929Z vs. now: 2026-05-09T05:33:04.162752383Z). Replace timestamp: Some(7637760893647362671/ade74ca0ac7c6389a28cbc898de27710)
2026-05-09T05:33:04.162760Z ERROR zenoh::net::routing::dispatcher::pubsub: Error treating timestamp for received Data (incoming timestamp from c429911f5f747ce9a170b96ba127398e exceeding delta 500ms is rejected: 2026-05-09T05:33:04.942023930Z vs. now: 2026-05-09T05:33:04.162760016Z). Replace timestamp: Some(7637760893647362672/ade74ca0ac7c6389a28cbc898de27710)
2026-05-09T05:33:04.162761Z ERROR zenoh::net::routing::dispatcher::pubsub: Error treating timestamp for received Data (incoming timestamp from c429911f5f747ce9a170b96ba127398e exceeding delta 500ms is rejected: 2026-05-09T05:33:04.942023932Z vs. now: 2026-05-09T05:33:04.162758131Z). Replace timestamp: Some(7637760893646306042/c429911f5f747ce9a170b96ba127398e)
2026-05-09T05:33:04.162890Z ERROR zenoh::net::routing::dispatcher::pubsub: Error treating timestamp for received Data (incoming timestamp from c429911f5f747ce9a170b96ba127398e exceeding delta 500ms is rejected: 2026-05-09T05:33:04.942023930Z vs. now: 2026-05-09T05:33:04.162886851Z). Replace timestamp: Some(7637760893647362673/ade74ca0ac7c6389a28cbc898de27710)
2026-05-09T05:33:04.162901Z ERROR zenoh::net::routing::dispatcher::pubsub: Error treating timestamp for received Data (incoming timestamp from c429911f5f747ce9a170b96ba127398e exceeding delta 500ms is rejected: 2026-05-09T05:33:04.942023932Z vs. now: 2026-05-09T05:33:04.162898869Z). Replace timestamp: Some(7637760893646306044/c429911f5f747ce9a170b96ba127398e)
2026-05-09T05:33:04.162981Z ERROR zenoh::net::routing::dispatcher::pubsub: Error treating timestamp for received Data (incoming timestamp from c429911f5f747ce9a170b96ba127398e exceeding delta 500ms is rejected: 2026-05-09T05:33:04.942023931Z vs. now: 2026-05-09T05:33:04.162978124Z). Replace timestamp: Some(7637760893647362674/ade74ca0ac7c6389a28cbc898de27710)
2026-05-09T05:33:04.163019Z ERROR zenoh::net::routing::dispatcher::pubsub: Error treating timestamp for received Data (incoming timestamp from c429911f5f747ce9a170b96ba127398e exceeding delta 500ms is rejected: 2026-05-09T05:33:04.942023931Z vs. now: 2026-05-09T05:33:04.163018350Z). Replace timestamp: Some(7637760893647362675/ade74ca0ac7c6389a28cbc898de27710)
2026-05-09T05:33:04.163029Z ERROR zenoh::net::routing::dispatcher::pubsub: Error treating timestamp for received Data (incoming timestamp from c429911f5f747ce9a170b96ba127398e exceeding delta 500ms is rejected: 2026-05-09T05:33:04.942023932Z vs. now: 2026-05-09T05:33:04.163028680Z). Replace timestamp: Some(7637760893647362676/ade74ca0ac7c6389a28cbc898de27710)
2026-05-09T05:33:04.163036Z ERROR zenoh::net::routing::dispatcher::pubsub: Error treating timestamp for received Data (incoming timestamp from c429911f5f747ce9a170b96ba127398e exceeding delta 500ms is rejected: 2026-05-09T05:33:04.942023933Z vs. now: 2026-05-09T05:33:04.163033832Z). Replace timestamp: Some(7637760893646306046/c429911f5f747ce9a170b96ba127398e)
2026-05-09T05:33:04.163097Z ERROR zenoh::net::routing::dispatcher::pubsub: Error treating timestamp for received Data (incoming timestamp from c429911f5f747ce9a170b96ba127398e exceeding delta 500ms is rejected: 2026-05-09T05:33:04.942023933Z vs. now: 2026-05-09T05:33:04.163096305Z). Replace timestamp: Some(7637760893646306048/c429911f5f747ce9a170b96ba127398e)
2026-05-09T05:33:04.163042Z ERROR zenoh::net::routing::dispatcher::pubsub: Error treating timestamp for received Data (incoming timestamp from c429911f5f747ce9a170b96ba127398e exceeding delta 500ms is rejected: 2026-05-09T05:33:04.942023932Z vs. now: 2026-05-09T05:33:04.163042415Z). Replace timestamp: Some(7637760893647362677/ade74ca0ac7c6389a28cbc898de27710)
2026-05-09T05:33:04.163174Z ERROR zenoh::net::routing::dispatcher::pubsub: Error treating timestamp for received Data (incoming timestamp from c429911f5f747ce9a170b96ba127398e exceeding delta 500ms is rejected: 2026-05-09T05:33:04.942023934Z vs. now: 2026-05-09T05:33:04.163172443Z). Replace timestamp: Some(7637760893646306050/c429911f5f747ce9a170b96ba127398e)
2026-05-09T05:33:04.163328Z ERROR zenoh::net::routing::dispatcher::pubsub: Error treating timestamp for received Data (incoming timestamp from c429911f5f747ce9a170b96ba127398e exceeding delta 500ms is rejected: 2026-05-09T05:33:04.942023933Z vs. now: 2026-05-09T05:33:04.163324960Z). Replace timestamp: Some(7637760893647362678/ade74ca0ac7c6389a28cbc898de27710)
2026-05-09T05:33:04.163363Z ERROR zenoh::net::routing::dispatcher::pubsub: Error treating timestamp for received Data (incoming timestamp from c429911f5f747ce9a170b96ba127398e exceeding delta 500ms is rejected: 2026-05-09T05:33:04.942023934Z vs. now: 2026-05-09T05:33:04.163361121Z). Replace timestamp: Some(7637760893646306052/c429911f5f747ce9a170b96ba127398e)
2026-05-09T05:33:04.163379Z ERROR zenoh::net::routing::dispatcher::pubsub: Error treating timestamp for received Data (incoming timestamp from c429911f5f747ce9a170b96ba127398e exceeding delta 500ms is rejected: 2026-05-09T05:33:04.942023935Z vs. now: 2026-05-09T05:33:04.163378232Z). Replace timestamp: Some(7637760893646306054/c429911f5f747ce9a170b96ba127398e)
2026-05-09T05:33:04.163380Z ERROR zenoh::net::routing::dispatcher::pubsub: Error treating timestamp for received Data (incoming timestamp from c429911f5f747ce9a170b96ba127398e exceeding delta 500ms is rejected: 2026-05-09T05:33:04.942023933Z vs. now: 2026-05-09T05:33:04.163378381Z). Replace timestamp: Some(7637760893647362679/ade74ca0ac7c6389a28cbc898de27710)
2026-05-09T05:33:04.163386Z ERROR zenoh::net::routing::dispatcher::pubsub: Error treating timestamp for received Data (incoming timestamp from c429911f5f747ce9a170b96ba127398e exceeding delta 500ms is rejected: 2026-05-09T05:33:04.942023935Z vs. now: 2026-05-09T05:33:04.163385403Z). Replace timestamp: Some(7637760893646306056/c429911f5f747ce9a170b96ba127398e)
2026-05-09T05:33:04.163391Z ERROR zenoh::net::routing::dispatcher::pubsub: Error treating timestamp for received Data (incoming timestamp from c429911f5f747ce9a170b96ba127398e exceeding delta 500ms is rejected: 2026-05-09T05:33:04.942023936Z vs. now: 2026-05-09T05:33:04.163391330Z). Replace timestamp: Some(7637760893646306058/c429911f5f747ce9a170b96ba127398e)
2026-05-09T05:33:04.163397Z ERROR zenoh::net::routing::dispatcher::pubsub: Error treating timestamp for received Data (incoming timestamp from c429911f5f747ce9a170b96ba127398e exceeding delta 500ms is rejected: 2026-05-09T05:33:04.942023933Z vs. now: 2026-05-09T05:33:04.163396288Z). Replace timestamp: Some(7637760893647362680/ade74ca0ac7c6389a28cbc898de27710)
2026-05-09T05:33:04.163469Z ERROR zenoh::net::routing::dispatcher::pubsub: Error treating timestamp for received Data (incoming timestamp from c429911f5f747ce9a170b96ba127398e exceeding delta 500ms is rejected: 2026-05-09T05:33:04.942023936Z vs. now: 2026-05-09T05:33:04.163467758Z). Replace timestamp: Some(7637760893646306060/c429911f5f747ce9a170b96ba127398e)
2026-05-09T05:33:04.163479Z ERROR zenoh::net::routing::dispatcher::pubsub: Error treating timestamp for received Data (incoming timestamp from c429911f5f747ce9a170b96ba127398e exceeding delta 500ms is rejected: 2026-05-09T05:33:04.942023936Z vs. now: 2026-05-09T05:33:04.163478897Z). Replace timestamp: Some(7637760893646306062/c429911f5f747ce9a170b96ba127398e)
2026-05-09T05:33:04.163486Z ERROR zenoh::net::routing::dispatcher::pubsub: Error treating timestamp for received Data (incoming timestamp from c429911f5f747ce9a170b96ba127398e exceeding delta 500ms is rejected: 2026-05-09T05:33:04.942023937Z vs. now: 2026-05-09T05:33:04.163486254Z). Replace timestamp: Some(7637760893646306064/c429911f5f747ce9a170b96ba127398e)
2026-05-09T05:33:04.163492Z ERROR zenoh::net::routing::dispatcher::pubsub: Error treating timestamp for received Data (incoming timestamp from c429911f5f747ce9a170b96ba127398e exceeding delta 500ms is rejected: 2026-05-09T05:33:04.942023937Z vs. now: 2026-05-09T05:33:04.163491853Z). Replace timestamp: Some(7637760893646306066/c429911f5f747ce9a170b96ba127398e)
2026-05-09T05:33:04.163500Z ERROR zenoh::net::routing::dispatcher::pubsub: Error treating timestamp for received Data (incoming timestamp from c429911f5f747ce9a170b96ba127398e exceeding delta 500ms is rejected: 2026-05-09T05:33:04.942023938Z vs. now: 2026-05-09T05:33:04.163499672Z). Replace timestamp: Some(7637760893646306068/c429911f5f747ce9a170b96ba127398e)
2026-05-09T05:33:04.163504Z ERROR zenoh::net::routing::dispatcher::pubsub: Error treating timestamp for received Data (incoming timestamp from c429911f5f747ce9a170b96ba127398e exceeding delta 500ms is rejected: 2026-05-09T05:33:04.942023938Z vs. now: 2026-05-09T05:33:04.163504530Z). Replace timestamp: Some(7637760893646306070/c429911f5f747ce9a170b96ba127398e)
2026-05-09T05:33:04.163509Z ERROR zenoh::net::routing::dispatcher::pubsub: Error treating timestamp for received Data (incoming timestamp from c429911f5f747ce9a170b96ba127398e exceeding delta 500ms is rejected: 2026-05-09T05:33:04.942023939Z vs. now: 2026-05-09T05:33:04.163509205Z). Replace timestamp: Some(7637760893646306072/c429911f5f747ce9a170b96ba127398e)
2026-05-09T05:33:04.163514Z ERROR zenoh::net::routing::dispatcher::pubsub: Error treating timestamp for received Data (incoming timestamp from c429911f5f747ce9a170b96ba127398e exceeding delta 500ms is rejected: 2026-05-09T05:33:04.942023939Z vs. now: 2026-05-09T05:33:04.163513873Z). Replace timestamp: Some(7637760893646306074/c429911f5f747ce9a170b96ba127398e)
2026-05-09T05:33:04.163518Z ERROR zenoh::net::routing::dispatcher::pubsub: Error treating timestamp for received Data (incoming timestamp from c429911f5f747ce9a170b96ba127398e exceeding delta 500ms is rejected: 2026-05-09T05:33:04.942023940Z vs. now: 2026-05-09T05:33:04.163518526Z). Replace timestamp: Some(7637760893646306076/c429911f5f747ce9a170b96ba127398e)
2026-05-09T05:33:04.163546Z ERROR zenoh::net::routing::dispatcher::pubsub: Error treating timestamp for received Data (incoming timestamp from c429911f5f747ce9a170b96ba127398e exceeding delta 500ms is rejected: 2026-05-09T05:33:04.942023934Z vs. now: 2026-05-09T05:33:04.163543731Z). Replace timestamp: Some(7637760893647362681/ade74ca0ac7c6389a28cbc898de27710)
2026-05-09T05:33:04.163565Z ERROR zenoh::net::routing::dispatcher::pubsub: Error treating timestamp for received Data (incoming timestamp from c429911f5f747ce9a170b96ba127398e exceeding delta 500ms is rejected: 2026-05-09T05:33:04.942023940Z vs. now: 2026-05-09T05:33:04.163563479Z). Replace timestamp: Some(7637760893646306078/c429911f5f747ce9a170b96ba127398e)
2026-05-09T05:33:04.163573Z ERROR zenoh::net::routing::dispatcher::pubsub: Error treating timestamp for received Data (incoming timestamp from c429911f5f747ce9a170b96ba127398e exceeding delta 500ms is rejected: 2026-05-09T05:33:04.942023941Z vs. now: 2026-05-09T05:33:04.163573109Z). Replace timestamp: Some(7637760893646306080/c429911f5f747ce9a170b96ba127398e)
2026-05-09T05:33:04.163586Z ERROR zenoh::net::routing::dispatcher::pubsub: Error treating timestamp for received Data (incoming timestamp from c429911f5f747ce9a170b96ba127398e exceeding delta 500ms is rejected: 2026-05-09T05:33:04.942023941Z vs. now: 2026-05-09T05:33:04.163586539Z). Replace timestamp: Some(7637760893646306082/c429911f5f747ce9a170b96ba127398e)
2026-05-09T05:33:04.163586Z ERROR zenoh::net::routing::dispatcher::pubsub: Error treating timestamp for received Data (incoming timestamp from c429911f5f747ce9a170b96ba127398e exceeding delta 500ms is rejected: 2026-05-09T05:33:04.942023934Z vs. now: 2026-05-09T05:33:04.163585026Z). Replace timestamp: Some(7637760893647362682/ade74ca0ac7c6389a28cbc898de27710)
2026-05-09T05:33:04.163667Z ERROR zenoh::net::routing::dispatcher::pubsub: Error treating timestamp for received Data (incoming timestamp from c429911f5f747ce9a170b96ba127398e exceeding delta 500ms is rejected: 2026-05-09T05:33:04.942023935Z vs. now: 2026-05-09T05:33:04.163665161Z). Replace timestamp: Some(7637760893647362683/ade74ca0ac7c6389a28cbc898de27710)
2026-05-09T05:33:04.163699Z ERROR zenoh::net::routing::dispatcher::pubsub: Error treating timestamp for received Data (incoming timestamp from c429911f5f747ce9a170b96ba127398e exceeding delta 500ms is rejected: 2026-05-09T05:33:04.942023935Z vs. now: 2026-05-09T05:33:04.163698134Z). Replace timestamp: Some(7637760893647362684/ade74ca0ac7c6389a28cbc898de27710)
2026-05-09T05:33:04.163723Z ERROR zenoh::net::routing::dispatcher::pubsub: Error treating timestamp for received Data (incoming timestamp from c429911f5f747ce9a170b96ba127398e exceeding delta 500ms is rejected: 2026-05-09T05:33:04.942023936Z vs. now: 2026-05-09T05:33:04.163722538Z). Replace timestamp: Some(7637760893647362685/ade74ca0ac7c6389a28cbc898de27710)
2026-05-09T05:33:04.163753Z ERROR zenoh::net::routing::dispatcher::pubsub: Error treating timestamp for received Data (incoming timestamp from c429911f5f747ce9a170b96ba127398e exceeding delta 500ms is rejected: 2026-05-09T05:33:04.942023936Z vs. now: 2026-05-09T05:33:04.163752016Z). Replace timestamp: Some(7637760893647362686/ade74ca0ac7c6389a28cbc898de27710)
2026-05-09T05:33:04.163767Z ERROR zenoh::net::routing::dispatcher::pubsub: Error treating timestamp for received Data (incoming timestamp from c429911f5f747ce9a170b96ba127398e exceeding delta 500ms is rejected: 2026-05-09T05:33:04.942023937Z vs. now: 2026-05-09T05:33:04.163766597Z). Replace timestamp: Some(7637760893647362687/ade74ca0ac7c6389a28cbc898de27710)
2026-05-09T05:33:04.163796Z ERROR zenoh::net::routing::dispatcher::pubsub: Error treating timestamp for received Data (incoming timestamp from c429911f5f747ce9a170b96ba127398e exceeding delta 500ms is rejected: 2026-05-09T05:33:04.942023937Z vs. now: 2026-05-09T05:33:04.163795040Z). Replace timestamp: Some(7637760893647362688/ade74ca0ac7c6389a28cbc898de27710)
2026-05-09T05:33:04.163805Z ERROR zenoh::net::routing::dispatcher::pubsub: Error treating timestamp for received Data (incoming timestamp from c429911f5f747ce9a170b96ba127398e exceeding delta 500ms is rejected: 2026-05-09T05:33:04.942023938Z vs. now: 2026-05-09T05:33:04.163804565Z). Replace timestamp: Some(7637760893647362689/ade74ca0ac7c6389a28cbc898de27710)
2026-05-09T05:33:04.163812Z ERROR zenoh::net::routing::dispatcher::pubsub: Error treating timestamp for received Data (incoming timestamp from c429911f5f747ce9a170b96ba127398e exceeding delta 500ms is rejected: 2026-05-09T05:33:04.942023938Z vs. now: 2026-05-09T05:33:04.163811807Z). Replace timestamp: Some(7637760893647362690/ade74ca0ac7c6389a28cbc898de27710)
2026-05-09T05:33:04.163840Z ERROR zenoh::net::routing::dispatcher::pubsub: Error treating timestamp for received Data (incoming timestamp from c429911f5f747ce9a170b96ba127398e exceeding delta 500ms is rejected: 2026-05-09T05:33:04.942023939Z vs. now: 2026-05-09T05:33:04.163838264Z). Replace timestamp: Some(7637760893647362691/ade74ca0ac7c6389a28cbc898de27710)
2026-05-09T05:33:04.163850Z ERROR zenoh::net::routing::dispatcher::pubsub: Error treating timestamp for received Data (incoming timestamp from c429911f5f747ce9a170b96ba127398e exceeding delta 500ms is rejected: 2026-05-09T05:33:04.942023939Z vs. now: 2026-05-09T05:33:04.163849928Z). Replace timestamp: Some(7637760893647362692/ade74ca0ac7c6389a28cbc898de27710)
2026-05-09T05:33:04.163857Z ERROR zenoh::net::routing::dispatcher::pubsub: Error treating timestamp for received Data (incoming timestamp from c429911f5f747ce9a170b96ba127398e exceeding delta 500ms is rejected: 2026-05-09T05:33:04.942023939Z vs. now: 2026-05-09T05:33:04.163856607Z). Replace timestamp: Some(7637760893647362693/ade74ca0ac7c6389a28cbc898de27710)
2026-05-09T05:33:04.163866Z ERROR zenoh::net::routing::dispatcher::pubsub: Error treating timestamp for received Data (incoming timestamp from c429911f5f747ce9a170b96ba127398e exceeding delta 500ms is rejected: 2026-05-09T05:33:04.942023940Z vs. now: 2026-05-09T05:33:04.163865813Z). Replace timestamp: Some(7637760893647362694/ade74ca0ac7c6389a28cbc898de27710)
2026-05-09T05:33:04.163870Z ERROR zenoh::net::routing::dispatcher::pubsub: Error treating timestamp for received Data (incoming timestamp from c429911f5f747ce9a170b96ba127398e exceeding delta 500ms is rejected: 2026-05-09T05:33:04.942023940Z vs. now: 2026-05-09T05:33:04.163870253Z). Replace timestamp: Some(7637760893647362695/ade74ca0ac7c6389a28cbc898de27710)
2026-05-09T05:33:04.163876Z ERROR zenoh::net::routing::dispatcher::pubsub: Error treating timestamp for received Data (incoming timestamp from c429911f5f747ce9a170b96ba127398e exceeding delta 500ms is rejected: 2026-05-09T05:33:04.942023941Z vs. now: 2026-05-09T05:33:04.163875975Z). Replace timestamp: Some(7637760893647362696/ade74ca0ac7c6389a28cbc898de27710)
2026-05-09T05:33:04.163881Z ERROR zenoh::net::routing::dispatcher::pubsub: Error treating timestamp for received Data (incoming timestamp from c429911f5f747ce9a170b96ba127398e exceeding delta 500ms is rejected: 2026-05-09T05:33:04.942023941Z vs. now: 2026-05-09T05:33:04.163881638Z). Replace timestamp: Some(7637760893647362697/ade74ca0ac7c6389a28cbc898de27710)
2026-05-09T05:33:04.165045Z ERROR zenoh::net::routing::dispatcher::pubsub: Error treating timestamp for received Data (incoming timestamp from c429911f5f747ce9a170b96ba127398e exceeding delta 500ms is rejected: 2026-05-09T05:33:04.942023942Z vs. now: 2026-05-09T05:33:04.165043168Z). Replace timestamp: Some(7637760893646306084/c429911f5f747ce9a170b96ba127398e)
2026-05-09T05:33:04.165106Z ERROR zenoh::net::routing::dispatcher::pubsub: Error treating timestamp for received Data (incoming timestamp from c429911f5f747ce9a170b96ba127398e exceeding delta 500ms is rejected: 2026-05-09T05:33:04.942023942Z vs. now: 2026-05-09T05:33:04.165104624Z). Replace timestamp: Some(7637760893646306086/c429911f5f747ce9a170b96ba127398e)
2026-05-09T05:33:04.165117Z ERROR zenoh::net::routing::dispatcher::pubsub: Error treating timestamp for received Data (incoming timestamp from c429911f5f747ce9a170b96ba127398e exceeding delta 500ms is rejected: 2026-05-09T05:33:04.942023943Z vs. now: 2026-05-09T05:33:04.165116411Z). Replace timestamp: Some(7637760893646306088/c429911f5f747ce9a170b96ba127398e)
2026-05-09T05:33:04.165123Z ERROR zenoh::net::routing::dispatcher::pubsub: Error treating timestamp for received Data (incoming timestamp from c429911f5f747ce9a170b96ba127398e exceeding delta 500ms is rejected: 2026-05-09T05:33:04.942023943Z vs. now: 2026-05-09T05:33:04.165122647Z). Replace timestamp: Some(7637760893646306090/c429911f5f747ce9a170b96ba127398e)
2026-05-09T05:33:04.165127Z ERROR zenoh::net::routing::dispatcher::pubsub: Error treating timestamp for received Data (incoming timestamp from c429911f5f747ce9a170b96ba127398e exceeding delta 500ms is rejected: 2026-05-09T05:33:04.942023943Z vs. now: 2026-05-09T05:33:04.165127650Z). Replace timestamp: Some(7637760893646306092/c429911f5f747ce9a170b96ba127398e)
2026-05-09T05:33:04.165132Z ERROR zenoh::net::routing::dispatcher::pubsub: Error treating timestamp for received Data (incoming timestamp from c429911f5f747ce9a170b96ba127398e exceeding delta 500ms is rejected: 2026-05-09T05:33:04.942023944Z vs. now: 2026-05-09T05:33:04.165132378Z). Replace timestamp: Some(7637760893646306094/c429911f5f747ce9a170b96ba127398e)
2026-05-09T05:33:04.165137Z ERROR zenoh::net::routing::dispatcher::pubsub: Error treating timestamp for received Data (incoming timestamp from c429911f5f747ce9a170b96ba127398e exceeding delta 500ms is rejected: 2026-05-09T05:33:04.942023944Z vs. now: 2026-05-09T05:33:04.165137012Z). Replace timestamp: Some(7637760893646306096/c429911f5f747ce9a170b96ba127398e)
2026-05-09T05:33:04.165141Z ERROR zenoh::net::routing::dispatcher::pubsub: Error treating timestamp for received Data (incoming timestamp from c429911f5f747ce9a170b96ba127398e exceeding delta 500ms is rejected: 2026-05-09T05:33:04.942023945Z vs. now: 2026-05-09T05:33:04.165141378Z). Replace timestamp: Some(7637760893646306098/c429911f5f747ce9a170b96ba127398e)
2026-05-09T05:33:04.165145Z ERROR zenoh::net::routing::dispatcher::pubsub: Error treating timestamp for received Data (incoming timestamp from c429911f5f747ce9a170b96ba127398e exceeding delta 500ms is rejected: 2026-05-09T05:33:04.942023945Z vs. now: 2026-05-09T05:33:04.165145603Z). Replace timestamp: Some(7637760893646306100/c429911f5f747ce9a170b96ba127398e)
2026-05-09T05:33:04.165150Z ERROR zenoh::net::routing::dispatcher::pubsub: Error treating timestamp for received Data (incoming timestamp from c429911f5f747ce9a170b96ba127398e exceeding delta 500ms is rejected: 2026-05-09T05:33:04.942023946Z vs. now: 2026-05-09T05:33:04.165150080Z). Replace timestamp: Some(7637760893646306102/c429911f5f747ce9a170b96ba127398e)
2026-05-09T05:33:04.165154Z ERROR zenoh::net::routing::dispatcher::pubsub: Error treating timestamp for received Data (incoming timestamp from c429911f5f747ce9a170b96ba127398e exceeding delta 500ms is rejected: 2026-05-09T05:33:04.942023946Z vs. now: 2026-05-09T05:33:04.165154409Z). Replace timestamp: Some(7637760893646306104/c429911f5f747ce9a170b96ba127398e)
2026-05-09T05:33:04.165159Z ERROR zenoh::net::routing::dispatcher::pubsub: Error treating timestamp for received Data (incoming timestamp from c429911f5f747ce9a170b96ba127398e exceeding delta 500ms is rejected: 2026-05-09T05:33:04.942023947Z vs. now: 2026-05-09T05:33:04.165158950Z). Replace timestamp: Some(7637760893646306106/c429911f5f747ce9a170b96ba127398e)
2026-05-09T05:33:04.165164Z ERROR zenoh::net::routing::dispatcher::pubsub: Error treating timestamp for received Data (incoming timestamp from c429911f5f747ce9a170b96ba127398e exceeding delta 500ms is rejected: 2026-05-09T05:33:04.942023947Z vs. now: 2026-05-09T05:33:04.165164691Z). Replace timestamp: Some(7637760893646306108/c429911f5f747ce9a170b96ba127398e)
2026-05-09T05:33:04.165169Z ERROR zenoh::net::routing::dispatcher::pubsub: Error treating timestamp for received Data (incoming timestamp from c429911f5f747ce9a170b96ba127398e exceeding delta 500ms is rejected: 2026-05-09T05:33:04.942023948Z vs. now: 2026-05-09T05:33:04.165169452Z). Replace timestamp: Some(7637760893646306110/c429911f5f747ce9a170b96ba127398e)
2026-05-09T05:33:04.165175Z ERROR zenoh::net::routing::dispatcher::pubsub: Error treating timestamp for received Data (incoming timestamp from c429911f5f747ce9a170b96ba127398e exceeding delta 500ms is rejected: 2026-05-09T05:33:04.942023948Z vs. now: 2026-05-09T05:33:04.165175185Z). Replace timestamp: Some(7637760893646306112/c429911f5f747ce9a170b96ba127398e)
2026-05-09T05:33:04.165179Z ERROR zenoh::net::routing::dispatcher::pubsub: Error treating timestamp for received Data (incoming timestamp from c429911f5f747ce9a170b96ba127398e exceeding delta 500ms is rejected: 2026-05-09T05:33:04.942023949Z vs. now: 2026-05-09T05:33:04.165179428Z). Replace timestamp: Some(7637760893646306114/c429911f5f747ce9a170b96ba127398e)
2026-05-09T05:33:04.165312Z ERROR zenoh::net::routing::dispatcher::pubsub: Error treating timestamp for received Data (incoming timestamp from c429911f5f747ce9a170b96ba127398e exceeding delta 500ms is rejected: 2026-05-09T05:33:04.942023942Z vs. now: 2026-05-09T05:33:04.165306058Z). Replace timestamp: Some(7637760893647362698/ade74ca0ac7c6389a28cbc898de27710)
2026-05-09T05:33:04.165432Z ERROR zenoh::net::routing::dispatcher::pubsub: Error treating timestamp for received Data (incoming timestamp from c429911f5f747ce9a170b96ba127398e exceeding delta 500ms is rejected: 2026-05-09T05:33:04.942023942Z vs. now: 2026-05-09T05:33:04.165428978Z). Replace timestamp: Some(7637760893647362699/ade74ca0ac7c6389a28cbc898de27710)
2026-05-09T05:33:04.165483Z ERROR zenoh::net::routing::dispatcher::pubsub: Error treating timestamp for received Data (incoming timestamp from c429911f5f747ce9a170b96ba127398e exceeding delta 500ms is rejected: 2026-05-09T05:33:04.942023943Z vs. now: 2026-05-09T05:33:04.165480897Z). Replace timestamp: Some(7637760893647362700/ade74ca0ac7c6389a28cbc898de27710)
2026-05-09T05:33:04.165540Z ERROR zenoh::net::routing::dispatcher::pubsub: Error treating timestamp for received Data (incoming timestamp from c429911f5f747ce9a170b96ba127398e exceeding delta 500ms is rejected: 2026-05-09T05:33:04.942023943Z vs. now: 2026-05-09T05:33:04.165536855Z). Replace timestamp: Some(7637760893647362701/ade74ca0ac7c6389a28cbc898de27710)
2026-05-09T05:33:04.165605Z ERROR zenoh::net::routing::dispatcher::pubsub: Error treating timestamp for received Data (incoming timestamp from c429911f5f747ce9a170b96ba127398e exceeding delta 500ms is rejected: 2026-05-09T05:33:04.942023944Z vs. now: 2026-05-09T05:33:04.165601537Z). Replace timestamp: Some(7637760893647362702/ade74ca0ac7c6389a28cbc898de27710)
2026-05-09T05:33:04.165648Z ERROR zenoh::net::routing::dispatcher::pubsub: Error treating timestamp for received Data (incoming timestamp from c429911f5f747ce9a170b96ba127398e exceeding delta 500ms is rejected: 2026-05-09T05:33:04.942023949Z vs. now: 2026-05-09T05:33:04.165645831Z). Replace timestamp: Some(7637760893646306116/c429911f5f747ce9a170b96ba127398e)
2026-05-09T05:33:04.165705Z ERROR zenoh::net::routing::dispatcher::pubsub: Error treating timestamp for received Data (incoming timestamp from c429911f5f747ce9a170b96ba127398e exceeding delta 500ms is rejected: 2026-05-09T05:33:04.942023944Z vs. now: 2026-05-09T05:33:04.165702060Z). Replace timestamp: Some(7637760893647362703/ade74ca0ac7c6389a28cbc898de27710)
2026-05-09T05:33:04.165724Z ERROR zenoh::net::routing::dispatcher::pubsub: Error treating timestamp for received Data (incoming timestamp from c429911f5f747ce9a170b96ba127398e exceeding delta 500ms is rejected: 2026-05-09T05:33:04.942023945Z vs. now: 2026-05-09T05:33:04.165723451Z). Replace timestamp: Some(7637760893647362704/ade74ca0ac7c6389a28cbc898de27710)
2026-05-09T05:33:04.165735Z ERROR zenoh::net::routing::dispatcher::pubsub: Error treating timestamp for received Data (incoming timestamp from c429911f5f747ce9a170b96ba127398e exceeding delta 500ms is rejected: 2026-05-09T05:33:04.942023945Z vs. now: 2026-05-09T05:33:04.165734262Z). Replace timestamp: Some(7637760893647362705/ade74ca0ac7c6389a28cbc898de27710)
2026-05-09T05:33:04.165827Z ERROR zenoh::net::routing::dispatcher::pubsub: Error treating timestamp for received Data (incoming timestamp from c429911f5f747ce9a170b96ba127398e exceeding delta 500ms is rejected: 2026-05-09T05:33:04.942023946Z vs. now: 2026-05-09T05:33:04.165824384Z). Replace timestamp: Some(7637760893647362706/ade74ca0ac7c6389a28cbc898de27710)
2026-05-09T05:33:04.165926Z ERROR zenoh::net::routing::dispatcher::pubsub: Error treating timestamp for received Data (incoming timestamp from c429911f5f747ce9a170b96ba127398e exceeding delta 500ms is rejected: 2026-05-09T05:33:04.942023946Z vs. now: 2026-05-09T05:33:04.165923343Z). Replace timestamp: Some(7637760893647362707/ade74ca0ac7c6389a28cbc898de27710)
2026-05-09T05:33:04.165954Z ERROR zenoh::net::routing::dispatcher::pubsub: Error treating timestamp for received Data (incoming timestamp from c429911f5f747ce9a170b96ba127398e exceeding delta 500ms is rejected: 2026-05-09T05:33:04.942023946Z vs. now: 2026-05-09T05:33:04.165953387Z). Replace timestamp: Some(7637760893647362708/ade74ca0ac7c6389a28cbc898de27710)
2026-05-09T05:33:04.165968Z ERROR zenoh::net::routing::dispatcher::pubsub: Error treating timestamp for received Data (incoming timestamp from c429911f5f747ce9a170b96ba127398e exceeding delta 500ms is rejected: 2026-05-09T05:33:04.942023947Z vs. now: 2026-05-09T05:33:04.165967718Z). Replace timestamp: Some(7637760893647362709/ade74ca0ac7c6389a28cbc898de27710)
2026-05-09T05:33:04.165980Z ERROR zenoh::net::routing::dispatcher::pubsub: Error treating timestamp for received Data (incoming timestamp from c429911f5f747ce9a170b96ba127398e exceeding delta 500ms is rejected: 2026-05-09T05:33:04.942023947Z vs. now: 2026-05-09T05:33:04.165980153Z). Replace timestamp: Some(7637760893647362710/ade74ca0ac7c6389a28cbc898de27710)
2026-05-09T05:33:04.166077Z ERROR zenoh::net::routing::dispatcher::pubsub: Error treating timestamp for received Data (incoming timestamp from c429911f5f747ce9a170b96ba127398e exceeding delta 500ms is rejected: 2026-05-09T05:33:04.942023948Z vs. now: 2026-05-09T05:33:04.166074027Z). Replace timestamp: Some(7637760893647362711/ade74ca0ac7c6389a28cbc898de27710)
2026-05-09T05:33:04.166141Z ERROR zenoh::net::routing::dispatcher::pubsub: Error treating timestamp for received Data (incoming timestamp from c429911f5f747ce9a170b96ba127398e exceeding delta 500ms is rejected: 2026-05-09T05:33:04.942023948Z vs. now: 2026-05-09T05:33:04.166139734Z). Replace timestamp: Some(7637760893647362712/ade74ca0ac7c6389a28cbc898de27710)
2026-05-09T05:33:04.166145Z  INFO lightbench::patterns::producer_consumer: Benchmark duration complete, draining in-flight items (timeout: 3s)
2026-05-09T05:33:04.166201Z ERROR zenoh::net::routing::dispatcher::pubsub: Error treating timestamp for received Data (incoming timestamp from c429911f5f747ce9a170b96ba127398e exceeding delta 500ms is rejected: 2026-05-09T05:33:04.942023949Z vs. now: 2026-05-09T05:33:04.166200068Z). Replace timestamp: Some(7637760893647362713/ade74ca0ac7c6389a28cbc898de27710)
2026-05-09T05:33:04.166374Z ERROR zenoh::net::routing::dispatcher::pubsub: Error treating timestamp for received Data (incoming timestamp from c429911f5f747ce9a170b96ba127398e exceeding delta 500ms is rejected: 2026-05-09T05:33:04.942023949Z vs. now: 2026-05-09T05:33:04.166368235Z). Replace timestamp: Some(7637760893647362714/ade74ca0ac7c6389a28cbc898de27710)
[   9.991s]   99999 produced | 94987 consumed | 5012 in-flight | p50=0.23ms
[  10.991s]   99999 produced | 94987 consumed | 5012 in-flight | p50=0.23ms
[  11.991s]   99999 produced | 94987 consumed | 5012 in-flight | p50=0.23ms
[  12.991s]   99999 produced | 94987 consumed | 5012 in-flight | p50=0.23ms
2026-05-09T05:33:07.168007Z  WARN lightbench::patterns::producer_consumer: 5012 items still in-flight after drain timeout
[  13.993s]   99999 produced | 94987 consumed | 5012 in-flight | p50=0.23ms

PRODUCER/CONSUMER RESULTS
  Duration: 10.0s | Producers: 1 | Consumers: 2 | Target: 10000 msg/s
  In-flight: 5012

  Produced
    Throughput:  7141.20 ops/s
    Operations:  99999 total, 99999 ok, 0 errors (100.0% success)

  Consumed (queue latency)
    Throughput:  7035.66 ops/s
    Operations:  94987 total, 94987 ok, 0 errors (100.0% success)
    Latency (ms):
      min=0.031  p50=0.234  p95=1.332  p99=2.413  max=2.748
      mean=0.366  stddev=0.408

  CSV: mitiflow-bench/results/cg_mitiflow_local_256b.csv

