   Compiling mitiflow-bench v0.1.0 (/home/pawis/mitiflow/mitiflow-bench)
    Finished `release` profile [optimized] target(s) in 5.78s
     Running `target/release/bench_durable_pubsub --transport mitiflow --rate 1000 --duration 10 --payload-size 256 --csv mitiflow-bench/results/durable_pubsub_mitiflow_local_256b_after_fix.csv`
Running durable pub/sub benchmark with config: BenchmarkConfig {
    rate: Some(
        1000.0,
    ),
    rate_per_worker: None,
    workers: 1,
    duration: 10,
    ramp_up: None,
    ramp_start_rate: 0.0,
    burst_factor: 0.1,
    csv: Some(
        "mitiflow-bench/results/durable_pubsub_mitiflow_local_256b_after_fix.csv",
    ),
    no_progress: false,
    hide_ramp_progress: false,
    drain_timeout: 30,
}
2026-05-09T05:38:10.261416Z  INFO lightbench::patterns::producer_consumer: ProducerConsumer: 1 producers @ 1000 msg/s, 1 consumers, 10s
[   0.000s]   0 produced | 0 consumed | 0 in-flight | p50=0.00ms
[   1.000s]   425 produced | 426 consumed | 0 in-flight | p50=0.25ms
[   2.000s]   846 produced | 847 consumed | 0 in-flight | p50=0.25ms
[   3.000s]   1270 produced | 1271 consumed | 0 in-flight | p50=0.25ms
[   4.000s]   1694 produced | 1695 consumed | 0 in-flight | p50=0.25ms
[   5.000s]   2122 produced | 2123 consumed | 0 in-flight | p50=0.25ms
[   6.000s]   2548 produced | 2549 consumed | 0 in-flight | p50=0.25ms
[   7.000s]   2972 produced | 2973 consumed | 0 in-flight | p50=0.25ms
[   8.000s]   3398 produced | 3399 consumed | 0 in-flight | p50=0.25ms
2026-05-09T05:38:18.151722Z ERROR zenoh::net::routing::dispatcher::pubsub: Error treating timestamp for received Data (incoming timestamp from 132fe0f4d76ec14e5c92e886f9ba7ed1 exceeding delta 500ms is rejected: 2026-05-09T05:38:18.986891054Z vs. now: 2026-05-09T05:38:18.151701537Z). Replace timestamp: Some(7637762242458739810/132fe0f4d76ec14e5c92e886f9ba7ed1)
2026-05-09T05:38:18.151923Z ERROR zenoh::net::routing::dispatcher::pubsub: Error treating timestamp for received Data (incoming timestamp from 132fe0f4d76ec14e5c92e886f9ba7ed1 exceeding delta 500ms is rejected: 2026-05-09T05:38:18.986891055Z vs. now: 2026-05-09T05:38:18.151919071Z). Replace timestamp: Some(7637762242458739812/132fe0f4d76ec14e5c92e886f9ba7ed1)
2026-05-09T05:38:18.152120Z ERROR zenoh::net::routing::dispatcher::pubsub: Error treating timestamp for received Data (incoming timestamp from 132fe0f4d76ec14e5c92e886f9ba7ed1 exceeding delta 500ms is rejected: 2026-05-09T05:38:18.986891055Z vs. now: 2026-05-09T05:38:18.152106271Z). Replace timestamp: Some(7637762242459338497/4743181682fc353a9bad4de4c4919cb0)
2026-05-09T05:38:18.152254Z ERROR zenoh::net::routing::dispatcher::pubsub: Error treating timestamp for received Data (incoming timestamp from 132fe0f4d76ec14e5c92e886f9ba7ed1 exceeding delta 500ms is rejected: 2026-05-09T05:38:18.986891055Z vs. now: 2026-05-09T05:38:18.152250905Z). Replace timestamp: Some(7637762242459338498/4743181682fc353a9bad4de4c4919cb0)
2026-05-09T05:38:18.154551Z ERROR zenoh::net::routing::dispatcher::pubsub: Error treating timestamp for received Data (incoming timestamp from 132fe0f4d76ec14e5c92e886f9ba7ed1 exceeding delta 500ms is rejected: 2026-05-09T05:38:18.986891055Z vs. now: 2026-05-09T05:38:18.154545188Z). Replace timestamp: Some(7637762242458739814/132fe0f4d76ec14e5c92e886f9ba7ed1)
2026-05-09T05:38:18.154679Z ERROR zenoh::net::routing::dispatcher::pubsub: Error treating timestamp for received Data (incoming timestamp from 132fe0f4d76ec14e5c92e886f9ba7ed1 exceeding delta 500ms is rejected: 2026-05-09T05:38:18.986891056Z vs. now: 2026-05-09T05:38:18.154675190Z). Replace timestamp: Some(7637762242458739816/132fe0f4d76ec14e5c92e886f9ba7ed1)
2026-05-09T05:38:18.154743Z ERROR zenoh::net::routing::dispatcher::pubsub: Error treating timestamp for received Data (incoming timestamp from 132fe0f4d76ec14e5c92e886f9ba7ed1 exceeding delta 500ms is rejected: 2026-05-09T05:38:18.986891056Z vs. now: 2026-05-09T05:38:18.154739809Z). Replace timestamp: Some(7637762242459338499/4743181682fc353a9bad4de4c4919cb0)
2026-05-09T05:38:18.154929Z ERROR zenoh::net::routing::dispatcher::pubsub: Error treating timestamp for received Data (incoming timestamp from 132fe0f4d76ec14e5c92e886f9ba7ed1 exceeding delta 500ms is rejected: 2026-05-09T05:38:18.986891056Z vs. now: 2026-05-09T05:38:18.154925883Z). Replace timestamp: Some(7637762242459338500/4743181682fc353a9bad4de4c4919cb0)
2026-05-09T05:38:18.156381Z ERROR zenoh::net::routing::dispatcher::pubsub: Error treating timestamp for received Data (incoming timestamp from 132fe0f4d76ec14e5c92e886f9ba7ed1 exceeding delta 500ms is rejected: 2026-05-09T05:38:18.986891056Z vs. now: 2026-05-09T05:38:18.156377174Z). Replace timestamp: Some(7637762242458739818/132fe0f4d76ec14e5c92e886f9ba7ed1)
2026-05-09T05:38:18.156480Z ERROR zenoh::net::routing::dispatcher::pubsub: Error treating timestamp for received Data (incoming timestamp from 132fe0f4d76ec14e5c92e886f9ba7ed1 exceeding delta 500ms is rejected: 2026-05-09T05:38:18.986891057Z vs. now: 2026-05-09T05:38:18.156478979Z). Replace timestamp: Some(7637762242458739820/132fe0f4d76ec14e5c92e886f9ba7ed1)
2026-05-09T05:38:18.156620Z ERROR zenoh::net::routing::dispatcher::pubsub: Error treating timestamp for received Data (incoming timestamp from 132fe0f4d76ec14e5c92e886f9ba7ed1 exceeding delta 500ms is rejected: 2026-05-09T05:38:18.986891056Z vs. now: 2026-05-09T05:38:18.156616558Z). Replace timestamp: Some(7637762242459338501/4743181682fc353a9bad4de4c4919cb0)
2026-05-09T05:38:18.156667Z ERROR zenoh::net::routing::dispatcher::pubsub: Error treating timestamp for received Data (incoming timestamp from 132fe0f4d76ec14e5c92e886f9ba7ed1 exceeding delta 500ms is rejected: 2026-05-09T05:38:18.986891057Z vs. now: 2026-05-09T05:38:18.156665870Z). Replace timestamp: Some(7637762242459338502/4743181682fc353a9bad4de4c4919cb0)
2026-05-09T05:38:18.158112Z ERROR zenoh::net::routing::dispatcher::pubsub: Error treating timestamp for received Data (incoming timestamp from 132fe0f4d76ec14e5c92e886f9ba7ed1 exceeding delta 500ms is rejected: 2026-05-09T05:38:18.986891057Z vs. now: 2026-05-09T05:38:18.158109073Z). Replace timestamp: Some(7637762242458739822/132fe0f4d76ec14e5c92e886f9ba7ed1)
2026-05-09T05:38:18.158210Z ERROR zenoh::net::routing::dispatcher::pubsub: Error treating timestamp for received Data (incoming timestamp from 132fe0f4d76ec14e5c92e886f9ba7ed1 exceeding delta 500ms is rejected: 2026-05-09T05:38:18.986891058Z vs. now: 2026-05-09T05:38:18.158208889Z). Replace timestamp: Some(7637762242458739824/132fe0f4d76ec14e5c92e886f9ba7ed1)
2026-05-09T05:38:18.158409Z ERROR zenoh::net::routing::dispatcher::pubsub: Error treating timestamp for received Data (incoming timestamp from 132fe0f4d76ec14e5c92e886f9ba7ed1 exceeding delta 500ms is rejected: 2026-05-09T05:38:18.986891057Z vs. now: 2026-05-09T05:38:18.158401710Z). Replace timestamp: Some(7637762242459338503/4743181682fc353a9bad4de4c4919cb0)
2026-05-09T05:38:18.158534Z ERROR zenoh::net::routing::dispatcher::pubsub: Error treating timestamp for received Data (incoming timestamp from 132fe0f4d76ec14e5c92e886f9ba7ed1 exceeding delta 500ms is rejected: 2026-05-09T05:38:18.986891058Z vs. now: 2026-05-09T05:38:18.158530854Z). Replace timestamp: Some(7637762242459338504/4743181682fc353a9bad4de4c4919cb0)
2026-05-09T05:38:18.160664Z ERROR zenoh::net::routing::dispatcher::pubsub: Error treating timestamp for received Data (incoming timestamp from 132fe0f4d76ec14e5c92e886f9ba7ed1 exceeding delta 500ms is rejected: 2026-05-09T05:38:18.986891058Z vs. now: 2026-05-09T05:38:18.160660755Z). Replace timestamp: Some(7637762242458739826/132fe0f4d76ec14e5c92e886f9ba7ed1)
2026-05-09T05:38:18.160774Z ERROR zenoh::net::routing::dispatcher::pubsub: Error treating timestamp for received Data (incoming timestamp from 132fe0f4d76ec14e5c92e886f9ba7ed1 exceeding delta 500ms is rejected: 2026-05-09T05:38:18.986891059Z vs. now: 2026-05-09T05:38:18.160772905Z). Replace timestamp: Some(7637762242458739828/132fe0f4d76ec14e5c92e886f9ba7ed1)
2026-05-09T05:38:18.160931Z ERROR zenoh::net::routing::dispatcher::pubsub: Error treating timestamp for received Data (incoming timestamp from 132fe0f4d76ec14e5c92e886f9ba7ed1 exceeding delta 500ms is rejected: 2026-05-09T05:38:18.986891058Z vs. now: 2026-05-09T05:38:18.160925322Z). Replace timestamp: Some(7637762242459338505/4743181682fc353a9bad4de4c4919cb0)
2026-05-09T05:38:18.161111Z ERROR zenoh::net::routing::dispatcher::pubsub: Error treating timestamp for received Data (incoming timestamp from 132fe0f4d76ec14e5c92e886f9ba7ed1 exceeding delta 500ms is rejected: 2026-05-09T05:38:18.986891059Z vs. now: 2026-05-09T05:38:18.161107705Z). Replace timestamp: Some(7637762242459338506/4743181682fc353a9bad4de4c4919cb0)
2026-05-09T05:38:18.163594Z ERROR zenoh::net::routing::dispatcher::pubsub: Error treating timestamp for received Data (incoming timestamp from 132fe0f4d76ec14e5c92e886f9ba7ed1 exceeding delta 500ms is rejected: 2026-05-09T05:38:18.986891059Z vs. now: 2026-05-09T05:38:18.163589474Z). Replace timestamp: Some(7637762242458739830/132fe0f4d76ec14e5c92e886f9ba7ed1)
2026-05-09T05:38:18.163733Z ERROR zenoh::net::routing::dispatcher::pubsub: Error treating timestamp for received Data (incoming timestamp from 132fe0f4d76ec14e5c92e886f9ba7ed1 exceeding delta 500ms is rejected: 2026-05-09T05:38:18.986891059Z vs. now: 2026-05-09T05:38:18.163729866Z). Replace timestamp: Some(7637762242458739832/132fe0f4d76ec14e5c92e886f9ba7ed1)
2026-05-09T05:38:18.163810Z ERROR zenoh::net::routing::dispatcher::pubsub: Error treating timestamp for received Data (incoming timestamp from 132fe0f4d76ec14e5c92e886f9ba7ed1 exceeding delta 500ms is rejected: 2026-05-09T05:38:18.986891059Z vs. now: 2026-05-09T05:38:18.163806033Z). Replace timestamp: Some(7637762242459338507/4743181682fc353a9bad4de4c4919cb0)
2026-05-09T05:38:18.163893Z ERROR zenoh::net::routing::dispatcher::pubsub: Error treating timestamp for received Data (incoming timestamp from 132fe0f4d76ec14e5c92e886f9ba7ed1 exceeding delta 500ms is rejected: 2026-05-09T05:38:18.986891060Z vs. now: 2026-05-09T05:38:18.163891379Z). Replace timestamp: Some(7637762242459338508/4743181682fc353a9bad4de4c4919cb0)
2026-05-09T05:38:18.166323Z ERROR zenoh::net::routing::dispatcher::pubsub: Error treating timestamp for received Data (incoming timestamp from 132fe0f4d76ec14e5c92e886f9ba7ed1 exceeding delta 500ms is rejected: 2026-05-09T05:38:18.986891060Z vs. now: 2026-05-09T05:38:18.166317545Z). Replace timestamp: Some(7637762242458739834/132fe0f4d76ec14e5c92e886f9ba7ed1)
2026-05-09T05:38:18.166554Z ERROR zenoh::net::routing::dispatcher::pubsub: Error treating timestamp for received Data (incoming timestamp from 132fe0f4d76ec14e5c92e886f9ba7ed1 exceeding delta 500ms is rejected: 2026-05-09T05:38:18.986891060Z vs. now: 2026-05-09T05:38:18.166551687Z). Replace timestamp: Some(7637762242458739836/132fe0f4d76ec14e5c92e886f9ba7ed1)
2026-05-09T05:38:18.166627Z ERROR zenoh::net::routing::dispatcher::pubsub: Error treating timestamp for received Data (incoming timestamp from 132fe0f4d76ec14e5c92e886f9ba7ed1 exceeding delta 500ms is rejected: 2026-05-09T05:38:18.986891060Z vs. now: 2026-05-09T05:38:18.166623213Z). Replace timestamp: Some(7637762242459338509/4743181682fc353a9bad4de4c4919cb0)
2026-05-09T05:38:18.166863Z ERROR zenoh::net::routing::dispatcher::pubsub: Error treating timestamp for received Data (incoming timestamp from 132fe0f4d76ec14e5c92e886f9ba7ed1 exceeding delta 500ms is rejected: 2026-05-09T05:38:18.986891061Z vs. now: 2026-05-09T05:38:18.166861024Z). Replace timestamp: Some(7637762242459338510/4743181682fc353a9bad4de4c4919cb0)
2026-05-09T05:38:18.168276Z ERROR zenoh::net::routing::dispatcher::pubsub: Error treating timestamp for received Data (incoming timestamp from 132fe0f4d76ec14e5c92e886f9ba7ed1 exceeding delta 500ms is rejected: 2026-05-09T05:38:18.986891061Z vs. now: 2026-05-09T05:38:18.168271114Z). Replace timestamp: Some(7637762242458739838/132fe0f4d76ec14e5c92e886f9ba7ed1)
2026-05-09T05:38:18.168501Z ERROR zenoh::net::routing::dispatcher::pubsub: Error treating timestamp for received Data (incoming timestamp from 132fe0f4d76ec14e5c92e886f9ba7ed1 exceeding delta 500ms is rejected: 2026-05-09T05:38:18.986891061Z vs. now: 2026-05-09T05:38:18.168498420Z). Replace timestamp: Some(7637762242458739840/132fe0f4d76ec14e5c92e886f9ba7ed1)
2026-05-09T05:38:18.168518Z ERROR zenoh::net::routing::dispatcher::pubsub: Error treating timestamp for received Data (incoming timestamp from 132fe0f4d76ec14e5c92e886f9ba7ed1 exceeding delta 500ms is rejected: 2026-05-09T05:38:18.986891061Z vs. now: 2026-05-09T05:38:18.168514256Z). Replace timestamp: Some(7637762242459338511/4743181682fc353a9bad4de4c4919cb0)
2026-05-09T05:38:18.168763Z ERROR zenoh::net::routing::dispatcher::pubsub: Error treating timestamp for received Data (incoming timestamp from 132fe0f4d76ec14e5c92e886f9ba7ed1 exceeding delta 500ms is rejected: 2026-05-09T05:38:18.986891062Z vs. now: 2026-05-09T05:38:18.168760784Z). Replace timestamp: Some(7637762242459338512/4743181682fc353a9bad4de4c4919cb0)
2026-05-09T05:38:18.170984Z ERROR zenoh::net::routing::dispatcher::pubsub: Error treating timestamp for received Data (incoming timestamp from 132fe0f4d76ec14e5c92e886f9ba7ed1 exceeding delta 500ms is rejected: 2026-05-09T05:38:18.986891062Z vs. now: 2026-05-09T05:38:18.170978863Z). Replace timestamp: Some(7637762242458739842/132fe0f4d76ec14e5c92e886f9ba7ed1)
2026-05-09T05:38:18.171218Z ERROR zenoh::net::routing::dispatcher::pubsub: Error treating timestamp for received Data (incoming timestamp from 132fe0f4d76ec14e5c92e886f9ba7ed1 exceeding delta 500ms is rejected: 2026-05-09T05:38:18.986891062Z vs. now: 2026-05-09T05:38:18.171214797Z). Replace timestamp: Some(7637762242458739844/132fe0f4d76ec14e5c92e886f9ba7ed1)
2026-05-09T05:38:18.171299Z ERROR zenoh::net::routing::dispatcher::pubsub: Error treating timestamp for received Data (incoming timestamp from 132fe0f4d76ec14e5c92e886f9ba7ed1 exceeding delta 500ms is rejected: 2026-05-09T05:38:18.986891062Z vs. now: 2026-05-09T05:38:18.171295915Z). Replace timestamp: Some(7637762242459338513/4743181682fc353a9bad4de4c4919cb0)
2026-05-09T05:38:18.171452Z ERROR zenoh::net::routing::dispatcher::pubsub: Error treating timestamp for received Data (incoming timestamp from 132fe0f4d76ec14e5c92e886f9ba7ed1 exceeding delta 500ms is rejected: 2026-05-09T05:38:18.986891062Z vs. now: 2026-05-09T05:38:18.171449848Z). Replace timestamp: Some(7637762242459338514/4743181682fc353a9bad4de4c4919cb0)
2026-05-09T05:38:18.173983Z ERROR zenoh::net::routing::dispatcher::pubsub: Error treating timestamp for received Data (incoming timestamp from 132fe0f4d76ec14e5c92e886f9ba7ed1 exceeding delta 500ms is rejected: 2026-05-09T05:38:18.986891063Z vs. now: 2026-05-09T05:38:18.173979365Z). Replace timestamp: Some(7637762242458739846/132fe0f4d76ec14e5c92e886f9ba7ed1)
2026-05-09T05:38:18.174125Z ERROR zenoh::net::routing::dispatcher::pubsub: Error treating timestamp for received Data (incoming timestamp from 132fe0f4d76ec14e5c92e886f9ba7ed1 exceeding delta 500ms is rejected: 2026-05-09T05:38:18.986891063Z vs. now: 2026-05-09T05:38:18.174122308Z). Replace timestamp: Some(7637762242458739848/132fe0f4d76ec14e5c92e886f9ba7ed1)
2026-05-09T05:38:18.174271Z ERROR zenoh::net::routing::dispatcher::pubsub: Error treating timestamp for received Data (incoming timestamp from 132fe0f4d76ec14e5c92e886f9ba7ed1 exceeding delta 500ms is rejected: 2026-05-09T05:38:18.986891063Z vs. now: 2026-05-09T05:38:18.174268242Z). Replace timestamp: Some(7637762242459338515/4743181682fc353a9bad4de4c4919cb0)
2026-05-09T05:38:18.174336Z ERROR zenoh::net::routing::dispatcher::pubsub: Error treating timestamp for received Data (incoming timestamp from 132fe0f4d76ec14e5c92e886f9ba7ed1 exceeding delta 500ms is rejected: 2026-05-09T05:38:18.986891063Z vs. now: 2026-05-09T05:38:18.174334281Z). Replace timestamp: Some(7637762242459338516/4743181682fc353a9bad4de4c4919cb0)
2026-05-09T05:38:18.176637Z ERROR zenoh::net::routing::dispatcher::pubsub: Error treating timestamp for received Data (incoming timestamp from 132fe0f4d76ec14e5c92e886f9ba7ed1 exceeding delta 500ms is rejected: 2026-05-09T05:38:18.986891064Z vs. now: 2026-05-09T05:38:18.176631917Z). Replace timestamp: Some(7637762242458739850/132fe0f4d76ec14e5c92e886f9ba7ed1)
2026-05-09T05:38:18.176758Z ERROR zenoh::net::routing::dispatcher::pubsub: Error treating timestamp for received Data (incoming timestamp from 132fe0f4d76ec14e5c92e886f9ba7ed1 exceeding delta 500ms is rejected: 2026-05-09T05:38:18.986891064Z vs. now: 2026-05-09T05:38:18.176756554Z). Replace timestamp: Some(7637762242458739852/132fe0f4d76ec14e5c92e886f9ba7ed1)
2026-05-09T05:38:18.176958Z ERROR zenoh::net::routing::dispatcher::pubsub: Error treating timestamp for received Data (incoming timestamp from 132fe0f4d76ec14e5c92e886f9ba7ed1 exceeding delta 500ms is rejected: 2026-05-09T05:38:18.986891064Z vs. now: 2026-05-09T05:38:18.176953700Z). Replace timestamp: Some(7637762242459338517/4743181682fc353a9bad4de4c4919cb0)
2026-05-09T05:38:18.177036Z ERROR zenoh::net::routing::dispatcher::pubsub: Error treating timestamp for received Data (incoming timestamp from 132fe0f4d76ec14e5c92e886f9ba7ed1 exceeding delta 500ms is rejected: 2026-05-09T05:38:18.986891064Z vs. now: 2026-05-09T05:38:18.177034200Z). Replace timestamp: Some(7637762242459338518/4743181682fc353a9bad4de4c4919cb0)
2026-05-09T05:38:18.179395Z ERROR zenoh::net::routing::dispatcher::pubsub: Error treating timestamp for received Data (incoming timestamp from 132fe0f4d76ec14e5c92e886f9ba7ed1 exceeding delta 500ms is rejected: 2026-05-09T05:38:18.986891065Z vs. now: 2026-05-09T05:38:18.179392260Z). Replace timestamp: Some(7637762242458739854/132fe0f4d76ec14e5c92e886f9ba7ed1)
2026-05-09T05:38:18.179507Z ERROR zenoh::net::routing::dispatcher::pubsub: Error treating timestamp for received Data (incoming timestamp from 132fe0f4d76ec14e5c92e886f9ba7ed1 exceeding delta 500ms is rejected: 2026-05-09T05:38:18.986891065Z vs. now: 2026-05-09T05:38:18.179505591Z). Replace timestamp: Some(7637762242458739856/132fe0f4d76ec14e5c92e886f9ba7ed1)
2026-05-09T05:38:18.179724Z ERROR zenoh::net::routing::dispatcher::pubsub: Error treating timestamp for received Data (incoming timestamp from 132fe0f4d76ec14e5c92e886f9ba7ed1 exceeding delta 500ms is rejected: 2026-05-09T05:38:18.986891065Z vs. now: 2026-05-09T05:38:18.179721296Z). Replace timestamp: Some(7637762242459338519/4743181682fc353a9bad4de4c4919cb0)
2026-05-09T05:38:18.179794Z ERROR zenoh::net::routing::dispatcher::pubsub: Error treating timestamp for received Data (incoming timestamp from 132fe0f4d76ec14e5c92e886f9ba7ed1 exceeding delta 500ms is rejected: 2026-05-09T05:38:18.986891065Z vs. now: 2026-05-09T05:38:18.179792408Z). Replace timestamp: Some(7637762242459338520/4743181682fc353a9bad4de4c4919cb0)
2026-05-09T05:38:18.182023Z ERROR zenoh::net::routing::dispatcher::pubsub: Error treating timestamp for received Data (incoming timestamp from 132fe0f4d76ec14e5c92e886f9ba7ed1 exceeding delta 500ms is rejected: 2026-05-09T05:38:18.986891066Z vs. now: 2026-05-09T05:38:18.182017707Z). Replace timestamp: Some(7637762242458739858/132fe0f4d76ec14e5c92e886f9ba7ed1)
2026-05-09T05:38:18.182261Z ERROR zenoh::net::routing::dispatcher::pubsub: Error treating timestamp for received Data (incoming timestamp from 132fe0f4d76ec14e5c92e886f9ba7ed1 exceeding delta 500ms is rejected: 2026-05-09T05:38:18.986891066Z vs. now: 2026-05-09T05:38:18.182257671Z). Replace timestamp: Some(7637762242458739860/132fe0f4d76ec14e5c92e886f9ba7ed1)
2026-05-09T05:38:18.182355Z ERROR zenoh::net::routing::dispatcher::pubsub: Error treating timestamp for received Data (incoming timestamp from 132fe0f4d76ec14e5c92e886f9ba7ed1 exceeding delta 500ms is rejected: 2026-05-09T05:38:18.986891066Z vs. now: 2026-05-09T05:38:18.182348744Z). Replace timestamp: Some(7637762242459338521/4743181682fc353a9bad4de4c4919cb0)
2026-05-09T05:38:18.182413Z ERROR zenoh::net::routing::dispatcher::pubsub: Error treating timestamp for received Data (incoming timestamp from 132fe0f4d76ec14e5c92e886f9ba7ed1 exceeding delta 500ms is rejected: 2026-05-09T05:38:18.986891066Z vs. now: 2026-05-09T05:38:18.182411850Z). Replace timestamp: Some(7637762242459338522/4743181682fc353a9bad4de4c4919cb0)
2026-05-09T05:38:18.184836Z ERROR zenoh::net::routing::dispatcher::pubsub: Error treating timestamp for received Data (incoming timestamp from 132fe0f4d76ec14e5c92e886f9ba7ed1 exceeding delta 500ms is rejected: 2026-05-09T05:38:18.986891066Z vs. now: 2026-05-09T05:38:18.184832611Z). Replace timestamp: Some(7637762242458739862/132fe0f4d76ec14e5c92e886f9ba7ed1)
2026-05-09T05:38:18.184963Z ERROR zenoh::net::routing::dispatcher::pubsub: Error treating timestamp for received Data (incoming timestamp from 132fe0f4d76ec14e5c92e886f9ba7ed1 exceeding delta 500ms is rejected: 2026-05-09T05:38:18.986891067Z vs. now: 2026-05-09T05:38:18.184961260Z). Replace timestamp: Some(7637762242458739864/132fe0f4d76ec14e5c92e886f9ba7ed1)
2026-05-09T05:38:18.185107Z ERROR zenoh::net::routing::dispatcher::pubsub: Error treating timestamp for received Data (incoming timestamp from 132fe0f4d76ec14e5c92e886f9ba7ed1 exceeding delta 500ms is rejected: 2026-05-09T05:38:18.986891067Z vs. now: 2026-05-09T05:38:18.185104371Z). Replace timestamp: Some(7637762242459338523/4743181682fc353a9bad4de4c4919cb0)
2026-05-09T05:38:18.185163Z ERROR zenoh::net::routing::dispatcher::pubsub: Error treating timestamp for received Data (incoming timestamp from 132fe0f4d76ec14e5c92e886f9ba7ed1 exceeding delta 500ms is rejected: 2026-05-09T05:38:18.986891067Z vs. now: 2026-05-09T05:38:18.185161766Z). Replace timestamp: Some(7637762242459338524/4743181682fc353a9bad4de4c4919cb0)
2026-05-09T05:38:18.187582Z ERROR zenoh::net::routing::dispatcher::pubsub: Error treating timestamp for received Data (incoming timestamp from 132fe0f4d76ec14e5c92e886f9ba7ed1 exceeding delta 500ms is rejected: 2026-05-09T05:38:18.986891067Z vs. now: 2026-05-09T05:38:18.187577185Z). Replace timestamp: Some(7637762242458739866/132fe0f4d76ec14e5c92e886f9ba7ed1)
2026-05-09T05:38:18.187809Z ERROR zenoh::net::routing::dispatcher::pubsub: Error treating timestamp for received Data (incoming timestamp from 132fe0f4d76ec14e5c92e886f9ba7ed1 exceeding delta 500ms is rejected: 2026-05-09T05:38:18.986891068Z vs. now: 2026-05-09T05:38:18.187806126Z). Replace timestamp: Some(7637762242458739868/132fe0f4d76ec14e5c92e886f9ba7ed1)
2026-05-09T05:38:18.187903Z ERROR zenoh::net::routing::dispatcher::pubsub: Error treating timestamp for received Data (incoming timestamp from 132fe0f4d76ec14e5c92e886f9ba7ed1 exceeding delta 500ms is rejected: 2026-05-09T05:38:18.986891068Z vs. now: 2026-05-09T05:38:18.187899370Z). Replace timestamp: Some(7637762242459338525/4743181682fc353a9bad4de4c4919cb0)
2026-05-09T05:38:18.188073Z ERROR zenoh::net::routing::dispatcher::pubsub: Error treating timestamp for received Data (incoming timestamp from 132fe0f4d76ec14e5c92e886f9ba7ed1 exceeding delta 500ms is rejected: 2026-05-09T05:38:18.986891068Z vs. now: 2026-05-09T05:38:18.188070789Z). Replace timestamp: Some(7637762242459338526/4743181682fc353a9bad4de4c4919cb0)
2026-05-09T05:38:18.190547Z ERROR zenoh::net::routing::dispatcher::pubsub: Error treating timestamp for received Data (incoming timestamp from 132fe0f4d76ec14e5c92e886f9ba7ed1 exceeding delta 500ms is rejected: 2026-05-09T05:38:18.986891068Z vs. now: 2026-05-09T05:38:18.190544270Z). Replace timestamp: Some(7637762242458739870/132fe0f4d76ec14e5c92e886f9ba7ed1)
2026-05-09T05:38:18.190649Z ERROR zenoh::net::routing::dispatcher::pubsub: Error treating timestamp for received Data (incoming timestamp from 132fe0f4d76ec14e5c92e886f9ba7ed1 exceeding delta 500ms is rejected: 2026-05-09T05:38:18.986891069Z vs. now: 2026-05-09T05:38:18.190647584Z). Replace timestamp: Some(7637762242458739872/132fe0f4d76ec14e5c92e886f9ba7ed1)
2026-05-09T05:38:18.190784Z ERROR zenoh::net::routing::dispatcher::pubsub: Error treating timestamp for received Data (incoming timestamp from 132fe0f4d76ec14e5c92e886f9ba7ed1 exceeding delta 500ms is rejected: 2026-05-09T05:38:18.986891069Z vs. now: 2026-05-09T05:38:18.190780018Z). Replace timestamp: Some(7637762242459338527/4743181682fc353a9bad4de4c4919cb0)
2026-05-09T05:38:18.190869Z ERROR zenoh::net::routing::dispatcher::pubsub: Error treating timestamp for received Data (incoming timestamp from 132fe0f4d76ec14e5c92e886f9ba7ed1 exceeding delta 500ms is rejected: 2026-05-09T05:38:18.986891069Z vs. now: 2026-05-09T05:38:18.190867164Z). Replace timestamp: Some(7637762242459338528/4743181682fc353a9bad4de4c4919cb0)
2026-05-09T05:38:18.192067Z ERROR zenoh::net::routing::dispatcher::pubsub: Error treating timestamp for received Data (incoming timestamp from 132fe0f4d76ec14e5c92e886f9ba7ed1 exceeding delta 500ms is rejected: 2026-05-09T05:38:18.986891069Z vs. now: 2026-05-09T05:38:18.192064465Z). Replace timestamp: Some(7637762242458739874/132fe0f4d76ec14e5c92e886f9ba7ed1)
2026-05-09T05:38:18.192162Z ERROR zenoh::net::routing::dispatcher::pubsub: Error treating timestamp for received Data (incoming timestamp from 132fe0f4d76ec14e5c92e886f9ba7ed1 exceeding delta 500ms is rejected: 2026-05-09T05:38:18.986891070Z vs. now: 2026-05-09T05:38:18.192160897Z). Replace timestamp: Some(7637762242458739876/132fe0f4d76ec14e5c92e886f9ba7ed1)
2026-05-09T05:38:18.192306Z ERROR zenoh::net::routing::dispatcher::pubsub: Error treating timestamp for received Data (incoming timestamp from 132fe0f4d76ec14e5c92e886f9ba7ed1 exceeding delta 500ms is rejected: 2026-05-09T05:38:18.986891069Z vs. now: 2026-05-09T05:38:18.192302883Z). Replace timestamp: Some(7637762242459338529/4743181682fc353a9bad4de4c4919cb0)
2026-05-09T05:38:18.192370Z ERROR zenoh::net::routing::dispatcher::pubsub: Error treating timestamp for received Data (incoming timestamp from 132fe0f4d76ec14e5c92e886f9ba7ed1 exceeding delta 500ms is rejected: 2026-05-09T05:38:18.986891070Z vs. now: 2026-05-09T05:38:18.192368676Z). Replace timestamp: Some(7637762242459338530/4743181682fc353a9bad4de4c4919cb0)
2026-05-09T05:38:18.194655Z ERROR zenoh::net::routing::dispatcher::pubsub: Error treating timestamp for received Data (incoming timestamp from 132fe0f4d76ec14e5c92e886f9ba7ed1 exceeding delta 500ms is rejected: 2026-05-09T05:38:18.986891070Z vs. now: 2026-05-09T05:38:18.194642362Z). Replace timestamp: Some(7637762242458739878/132fe0f4d76ec14e5c92e886f9ba7ed1)
2026-05-09T05:38:18.194795Z ERROR zenoh::net::routing::dispatcher::pubsub: Error treating timestamp for received Data (incoming timestamp from 132fe0f4d76ec14e5c92e886f9ba7ed1 exceeding delta 500ms is rejected: 2026-05-09T05:38:18.986891071Z vs. now: 2026-05-09T05:38:18.194792487Z). Replace timestamp: Some(7637762242458739880/132fe0f4d76ec14e5c92e886f9ba7ed1)
2026-05-09T05:38:18.194907Z ERROR zenoh::net::routing::dispatcher::pubsub: Error treating timestamp for received Data (incoming timestamp from 132fe0f4d76ec14e5c92e886f9ba7ed1 exceeding delta 500ms is rejected: 2026-05-09T05:38:18.986891070Z vs. now: 2026-05-09T05:38:18.194902398Z). Replace timestamp: Some(7637762242459338531/4743181682fc353a9bad4de4c4919cb0)
2026-05-09T05:38:18.194975Z ERROR zenoh::net::routing::dispatcher::pubsub: Error treating timestamp for received Data (incoming timestamp from 132fe0f4d76ec14e5c92e886f9ba7ed1 exceeding delta 500ms is rejected: 2026-05-09T05:38:18.986891071Z vs. now: 2026-05-09T05:38:18.194973711Z). Replace timestamp: Some(7637762242459338532/4743181682fc353a9bad4de4c4919cb0)
2026-05-09T05:38:18.197376Z ERROR zenoh::net::routing::dispatcher::pubsub: Error treating timestamp for received Data (incoming timestamp from 132fe0f4d76ec14e5c92e886f9ba7ed1 exceeding delta 500ms is rejected: 2026-05-09T05:38:18.986891071Z vs. now: 2026-05-09T05:38:18.197364055Z). Replace timestamp: Some(7637762242458739882/132fe0f4d76ec14e5c92e886f9ba7ed1)
2026-05-09T05:38:18.197578Z ERROR zenoh::net::routing::dispatcher::pubsub: Error treating timestamp for received Data (incoming timestamp from 132fe0f4d76ec14e5c92e886f9ba7ed1 exceeding delta 500ms is rejected: 2026-05-09T05:38:18.986891072Z vs. now: 2026-05-09T05:38:18.197576456Z). Replace timestamp: Some(7637762242458739884/132fe0f4d76ec14e5c92e886f9ba7ed1)
2026-05-09T05:38:18.197684Z ERROR zenoh::net::routing::dispatcher::pubsub: Error treating timestamp for received Data (incoming timestamp from 132fe0f4d76ec14e5c92e886f9ba7ed1 exceeding delta 500ms is rejected: 2026-05-09T05:38:18.986891071Z vs. now: 2026-05-09T05:38:18.197679807Z). Replace timestamp: Some(7637762242459338533/4743181682fc353a9bad4de4c4919cb0)
2026-05-09T05:38:18.197760Z ERROR zenoh::net::routing::dispatcher::pubsub: Error treating timestamp for received Data (incoming timestamp from 132fe0f4d76ec14e5c92e886f9ba7ed1 exceeding delta 500ms is rejected: 2026-05-09T05:38:18.986891072Z vs. now: 2026-05-09T05:38:18.197758630Z). Replace timestamp: Some(7637762242459338534/4743181682fc353a9bad4de4c4919cb0)
2026-05-09T05:38:18.199017Z ERROR zenoh::net::routing::dispatcher::pubsub: Error treating timestamp for received Data (incoming timestamp from 132fe0f4d76ec14e5c92e886f9ba7ed1 exceeding delta 500ms is rejected: 2026-05-09T05:38:18.986891072Z vs. now: 2026-05-09T05:38:18.199013107Z). Replace timestamp: Some(7637762242458739886/132fe0f4d76ec14e5c92e886f9ba7ed1)
2026-05-09T05:38:18.199153Z ERROR zenoh::net::routing::dispatcher::pubsub: Error treating timestamp for received Data (incoming timestamp from 132fe0f4d76ec14e5c92e886f9ba7ed1 exceeding delta 500ms is rejected: 2026-05-09T05:38:18.986891073Z vs. now: 2026-05-09T05:38:18.199151464Z). Replace timestamp: Some(7637762242458739888/132fe0f4d76ec14e5c92e886f9ba7ed1)
2026-05-09T05:38:18.199261Z ERROR zenoh::net::routing::dispatcher::pubsub: Error treating timestamp for received Data (incoming timestamp from 132fe0f4d76ec14e5c92e886f9ba7ed1 exceeding delta 500ms is rejected: 2026-05-09T05:38:18.986891072Z vs. now: 2026-05-09T05:38:18.199256391Z). Replace timestamp: Some(7637762242459338535/4743181682fc353a9bad4de4c4919cb0)
2026-05-09T05:38:18.199339Z ERROR zenoh::net::routing::dispatcher::pubsub: Error treating timestamp for received Data (incoming timestamp from 132fe0f4d76ec14e5c92e886f9ba7ed1 exceeding delta 500ms is rejected: 2026-05-09T05:38:18.986891073Z vs. now: 2026-05-09T05:38:18.199338682Z). Replace timestamp: Some(7637762242459338536/4743181682fc353a9bad4de4c4919cb0)
2026-05-09T05:38:18.201546Z ERROR zenoh::net::routing::dispatcher::pubsub: Error treating timestamp for received Data (incoming timestamp from 132fe0f4d76ec14e5c92e886f9ba7ed1 exceeding delta 500ms is rejected: 2026-05-09T05:38:18.986891073Z vs. now: 2026-05-09T05:38:18.201542877Z). Replace timestamp: Some(7637762242458739890/132fe0f4d76ec14e5c92e886f9ba7ed1)
2026-05-09T05:38:18.201697Z ERROR zenoh::net::routing::dispatcher::pubsub: Error treating timestamp for received Data (incoming timestamp from 132fe0f4d76ec14e5c92e886f9ba7ed1 exceeding delta 500ms is rejected: 2026-05-09T05:38:18.986891073Z vs. now: 2026-05-09T05:38:18.201695346Z). Replace timestamp: Some(7637762242458739892/132fe0f4d76ec14e5c92e886f9ba7ed1)
2026-05-09T05:38:18.201837Z ERROR zenoh::net::routing::dispatcher::pubsub: Error treating timestamp for received Data (incoming timestamp from 132fe0f4d76ec14e5c92e886f9ba7ed1 exceeding delta 500ms is rejected: 2026-05-09T05:38:18.986891073Z vs. now: 2026-05-09T05:38:18.201833100Z). Replace timestamp: Some(7637762242459338537/4743181682fc353a9bad4de4c4919cb0)
2026-05-09T05:38:18.201911Z ERROR zenoh::net::routing::dispatcher::pubsub: Error treating timestamp for received Data (incoming timestamp from 132fe0f4d76ec14e5c92e886f9ba7ed1 exceeding delta 500ms is rejected: 2026-05-09T05:38:18.986891074Z vs. now: 2026-05-09T05:38:18.201910019Z). Replace timestamp: Some(7637762242459338538/4743181682fc353a9bad4de4c4919cb0)
2026-05-09T05:38:18.203306Z ERROR zenoh::net::routing::dispatcher::pubsub: Error treating timestamp for received Data (incoming timestamp from 132fe0f4d76ec14e5c92e886f9ba7ed1 exceeding delta 500ms is rejected: 2026-05-09T05:38:18.986891074Z vs. now: 2026-05-09T05:38:18.203302883Z). Replace timestamp: Some(7637762242458739894/132fe0f4d76ec14e5c92e886f9ba7ed1)
2026-05-09T05:38:18.203422Z ERROR zenoh::net::routing::dispatcher::pubsub: Error treating timestamp for received Data (incoming timestamp from 132fe0f4d76ec14e5c92e886f9ba7ed1 exceeding delta 500ms is rejected: 2026-05-09T05:38:18.986891074Z vs. now: 2026-05-09T05:38:18.203420558Z). Replace timestamp: Some(7637762242458739896/132fe0f4d76ec14e5c92e886f9ba7ed1)
2026-05-09T05:38:18.203553Z ERROR zenoh::net::routing::dispatcher::pubsub: Error treating timestamp for received Data (incoming timestamp from 132fe0f4d76ec14e5c92e886f9ba7ed1 exceeding delta 500ms is rejected: 2026-05-09T05:38:18.986891074Z vs. now: 2026-05-09T05:38:18.203550220Z). Replace timestamp: Some(7637762242459338539/4743181682fc353a9bad4de4c4919cb0)
2026-05-09T05:38:18.203621Z ERROR zenoh::net::routing::dispatcher::pubsub: Error treating timestamp for received Data (incoming timestamp from 132fe0f4d76ec14e5c92e886f9ba7ed1 exceeding delta 500ms is rejected: 2026-05-09T05:38:18.986891075Z vs. now: 2026-05-09T05:38:18.203619633Z). Replace timestamp: Some(7637762242459338540/4743181682fc353a9bad4de4c4919cb0)
2026-05-09T05:38:18.205860Z ERROR zenoh::net::routing::dispatcher::pubsub: Error treating timestamp for received Data (incoming timestamp from 132fe0f4d76ec14e5c92e886f9ba7ed1 exceeding delta 500ms is rejected: 2026-05-09T05:38:18.986891075Z vs. now: 2026-05-09T05:38:18.205853154Z). Replace timestamp: Some(7637762242458739898/132fe0f4d76ec14e5c92e886f9ba7ed1)
2026-05-09T05:38:18.205994Z ERROR zenoh::net::routing::dispatcher::pubsub: Error treating timestamp for received Data (incoming timestamp from 132fe0f4d76ec14e5c92e886f9ba7ed1 exceeding delta 500ms is rejected: 2026-05-09T05:38:18.986891075Z vs. now: 2026-05-09T05:38:18.205992811Z). Replace timestamp: Some(7637762242458739900/132fe0f4d76ec14e5c92e886f9ba7ed1)
2026-05-09T05:38:18.206067Z ERROR zenoh::net::routing::dispatcher::pubsub: Error treating timestamp for received Data (incoming timestamp from 132fe0f4d76ec14e5c92e886f9ba7ed1 exceeding delta 500ms is rejected: 2026-05-09T05:38:18.986891075Z vs. now: 2026-05-09T05:38:18.206063297Z). Replace timestamp: Some(7637762242459338541/4743181682fc353a9bad4de4c4919cb0)
2026-05-09T05:38:18.206109Z ERROR zenoh::net::routing::dispatcher::pubsub: Error treating timestamp for received Data (incoming timestamp from 132fe0f4d76ec14e5c92e886f9ba7ed1 exceeding delta 500ms is rejected: 2026-05-09T05:38:18.986891076Z vs. now: 2026-05-09T05:38:18.206107755Z). Replace timestamp: Some(7637762242459338542/4743181682fc353a9bad4de4c4919cb0)
2026-05-09T05:38:18.208339Z ERROR zenoh::net::routing::dispatcher::pubsub: Error treating timestamp for received Data (incoming timestamp from 132fe0f4d76ec14e5c92e886f9ba7ed1 exceeding delta 500ms is rejected: 2026-05-09T05:38:18.986891076Z vs. now: 2026-05-09T05:38:18.208335598Z). Replace timestamp: Some(7637762242458739902/132fe0f4d76ec14e5c92e886f9ba7ed1)
2026-05-09T05:38:18.208453Z ERROR zenoh::net::routing::dispatcher::pubsub: Error treating timestamp for received Data (incoming timestamp from 132fe0f4d76ec14e5c92e886f9ba7ed1 exceeding delta 500ms is rejected: 2026-05-09T05:38:18.986891076Z vs. now: 2026-05-09T05:38:18.208451935Z). Replace timestamp: Some(7637762242458739904/132fe0f4d76ec14e5c92e886f9ba7ed1)
2026-05-09T05:38:18.208570Z ERROR zenoh::net::routing::dispatcher::pubsub: Error treating timestamp for received Data (incoming timestamp from 132fe0f4d76ec14e5c92e886f9ba7ed1 exceeding delta 500ms is rejected: 2026-05-09T05:38:18.986891076Z vs. now: 2026-05-09T05:38:18.208566957Z). Replace timestamp: Some(7637762242459338543/4743181682fc353a9bad4de4c4919cb0)
2026-05-09T05:38:18.208637Z ERROR zenoh::net::routing::dispatcher::pubsub: Error treating timestamp for received Data (incoming timestamp from 132fe0f4d76ec14e5c92e886f9ba7ed1 exceeding delta 500ms is rejected: 2026-05-09T05:38:18.986891076Z vs. now: 2026-05-09T05:38:18.208636027Z). Replace timestamp: Some(7637762242459338544/4743181682fc353a9bad4de4c4919cb0)
2026-05-09T05:38:18.209994Z ERROR zenoh::net::routing::dispatcher::pubsub: Error treating timestamp for received Data (incoming timestamp from 132fe0f4d76ec14e5c92e886f9ba7ed1 exceeding delta 500ms is rejected: 2026-05-09T05:38:18.986891077Z vs. now: 2026-05-09T05:38:18.209988885Z). Replace timestamp: Some(7637762242458739906/132fe0f4d76ec14e5c92e886f9ba7ed1)
2026-05-09T05:38:18.210227Z ERROR zenoh::net::routing::dispatcher::pubsub: Error treating timestamp for received Data (incoming timestamp from 132fe0f4d76ec14e5c92e886f9ba7ed1 exceeding delta 500ms is rejected: 2026-05-09T05:38:18.986891077Z vs. now: 2026-05-09T05:38:18.210223604Z). Replace timestamp: Some(7637762242458739908/132fe0f4d76ec14e5c92e886f9ba7ed1)
2026-05-09T05:38:18.210322Z ERROR zenoh::net::routing::dispatcher::pubsub: Error treating timestamp for received Data (incoming timestamp from 132fe0f4d76ec14e5c92e886f9ba7ed1 exceeding delta 500ms is rejected: 2026-05-09T05:38:18.986891077Z vs. now: 2026-05-09T05:38:18.210316223Z). Replace timestamp: Some(7637762242459338545/4743181682fc353a9bad4de4c4919cb0)
2026-05-09T05:38:18.210569Z ERROR zenoh::net::routing::dispatcher::pubsub: Error treating timestamp for received Data (incoming timestamp from 132fe0f4d76ec14e5c92e886f9ba7ed1 exceeding delta 500ms is rejected: 2026-05-09T05:38:18.986891077Z vs. now: 2026-05-09T05:38:18.210564457Z). Replace timestamp: Some(7637762242459338546/4743181682fc353a9bad4de4c4919cb0)
2026-05-09T05:38:18.212691Z ERROR zenoh::net::routing::dispatcher::pubsub: Error treating timestamp for received Data (incoming timestamp from 132fe0f4d76ec14e5c92e886f9ba7ed1 exceeding delta 500ms is rejected: 2026-05-09T05:38:18.986891078Z vs. now: 2026-05-09T05:38:18.212686722Z). Replace timestamp: Some(7637762242458739910/132fe0f4d76ec14e5c92e886f9ba7ed1)
2026-05-09T05:38:18.212941Z ERROR zenoh::net::routing::dispatcher::pubsub: Error treating timestamp for received Data (incoming timestamp from 132fe0f4d76ec14e5c92e886f9ba7ed1 exceeding delta 500ms is rejected: 2026-05-09T05:38:18.986891078Z vs. now: 2026-05-09T05:38:18.212937717Z). Replace timestamp: Some(7637762242459338547/4743181682fc353a9bad4de4c4919cb0)
2026-05-09T05:38:18.212974Z ERROR zenoh::net::routing::dispatcher::pubsub: Error treating timestamp for received Data (incoming timestamp from 132fe0f4d76ec14e5c92e886f9ba7ed1 exceeding delta 500ms is rejected: 2026-05-09T05:38:18.986891078Z vs. now: 2026-05-09T05:38:18.212970436Z). Replace timestamp: Some(7637762242458739912/132fe0f4d76ec14e5c92e886f9ba7ed1)
2026-05-09T05:38:18.213301Z ERROR zenoh::net::routing::dispatcher::pubsub: Error treating timestamp for received Data (incoming timestamp from 132fe0f4d76ec14e5c92e886f9ba7ed1 exceeding delta 500ms is rejected: 2026-05-09T05:38:18.986891078Z vs. now: 2026-05-09T05:38:18.213295788Z). Replace timestamp: Some(7637762242459338548/4743181682fc353a9bad4de4c4919cb0)
2026-05-09T05:38:18.215792Z ERROR zenoh::net::routing::dispatcher::pubsub: Error treating timestamp for received Data (incoming timestamp from 132fe0f4d76ec14e5c92e886f9ba7ed1 exceeding delta 500ms is rejected: 2026-05-09T05:38:18.986891079Z vs. now: 2026-05-09T05:38:18.215789807Z). Replace timestamp: Some(7637762242458739914/132fe0f4d76ec14e5c92e886f9ba7ed1)
2026-05-09T05:38:18.215895Z ERROR zenoh::net::routing::dispatcher::pubsub: Error treating timestamp for received Data (incoming timestamp from 132fe0f4d76ec14e5c92e886f9ba7ed1 exceeding delta 500ms is rejected: 2026-05-09T05:38:18.986891079Z vs. now: 2026-05-09T05:38:18.215893861Z). Replace timestamp: Some(7637762242458739916/132fe0f4d76ec14e5c92e886f9ba7ed1)
2026-05-09T05:38:18.216107Z ERROR zenoh::net::routing::dispatcher::pubsub: Error treating timestamp for received Data (incoming timestamp from 132fe0f4d76ec14e5c92e886f9ba7ed1 exceeding delta 500ms is rejected: 2026-05-09T05:38:18.986891079Z vs. now: 2026-05-09T05:38:18.216100481Z). Replace timestamp: Some(7637762242459338549/4743181682fc353a9bad4de4c4919cb0)
2026-05-09T05:38:18.216234Z ERROR zenoh::net::routing::dispatcher::pubsub: Error treating timestamp for received Data (incoming timestamp from 132fe0f4d76ec14e5c92e886f9ba7ed1 exceeding delta 500ms is rejected: 2026-05-09T05:38:18.986891079Z vs. now: 2026-05-09T05:38:18.216230702Z). Replace timestamp: Some(7637762242459338550/4743181682fc353a9bad4de4c4919cb0)
2026-05-09T05:38:18.218414Z ERROR zenoh::net::routing::dispatcher::pubsub: Error treating timestamp for received Data (incoming timestamp from 132fe0f4d76ec14e5c92e886f9ba7ed1 exceeding delta 500ms is rejected: 2026-05-09T05:38:18.986891079Z vs. now: 2026-05-09T05:38:18.218410384Z). Replace timestamp: Some(7637762242458739918/132fe0f4d76ec14e5c92e886f9ba7ed1)
2026-05-09T05:38:18.218523Z ERROR zenoh::net::routing::dispatcher::pubsub: Error treating timestamp for received Data (incoming timestamp from 132fe0f4d76ec14e5c92e886f9ba7ed1 exceeding delta 500ms is rejected: 2026-05-09T05:38:18.986891080Z vs. now: 2026-05-09T05:38:18.218521845Z). Replace timestamp: Some(7637762242458739920/132fe0f4d76ec14e5c92e886f9ba7ed1)
2026-05-09T05:38:18.218712Z ERROR zenoh::net::routing::dispatcher::pubsub: Error treating timestamp for received Data (incoming timestamp from 132fe0f4d76ec14e5c92e886f9ba7ed1 exceeding delta 500ms is rejected: 2026-05-09T05:38:18.986891080Z vs. now: 2026-05-09T05:38:18.218706206Z). Replace timestamp: Some(7637762242459338551/4743181682fc353a9bad4de4c4919cb0)
2026-05-09T05:38:18.218831Z ERROR zenoh::net::routing::dispatcher::pubsub: Error treating timestamp for received Data (incoming timestamp from 132fe0f4d76ec14e5c92e886f9ba7ed1 exceeding delta 500ms is rejected: 2026-05-09T05:38:18.986891080Z vs. now: 2026-05-09T05:38:18.218827859Z). Replace timestamp: Some(7637762242459338552/4743181682fc353a9bad4de4c4919cb0)
2026-05-09T05:38:18.219807Z ERROR zenoh::net::routing::dispatcher::pubsub: Error treating timestamp for received Data (incoming timestamp from 132fe0f4d76ec14e5c92e886f9ba7ed1 exceeding delta 500ms is rejected: 2026-05-09T05:38:18.986891080Z vs. now: 2026-05-09T05:38:18.219804053Z). Replace timestamp: Some(7637762242458739922/132fe0f4d76ec14e5c92e886f9ba7ed1)
2026-05-09T05:38:18.219918Z ERROR zenoh::net::routing::dispatcher::pubsub: Error treating timestamp for received Data (incoming timestamp from 132fe0f4d76ec14e5c92e886f9ba7ed1 exceeding delta 500ms is rejected: 2026-05-09T05:38:18.986891081Z vs. now: 2026-05-09T05:38:18.219917037Z). Replace timestamp: Some(7637762242458739924/132fe0f4d76ec14e5c92e886f9ba7ed1)
2026-05-09T05:38:18.220026Z ERROR zenoh::net::routing::dispatcher::pubsub: Error treating timestamp for received Data (incoming timestamp from 132fe0f4d76ec14e5c92e886f9ba7ed1 exceeding delta 500ms is rejected: 2026-05-09T05:38:18.986891081Z vs. now: 2026-05-09T05:38:18.220022802Z). Replace timestamp: Some(7637762242459338553/4743181682fc353a9bad4de4c4919cb0)
2026-05-09T05:38:18.220097Z ERROR zenoh::net::routing::dispatcher::pubsub: Error treating timestamp for received Data (incoming timestamp from 132fe0f4d76ec14e5c92e886f9ba7ed1 exceeding delta 500ms is rejected: 2026-05-09T05:38:18.986891081Z vs. now: 2026-05-09T05:38:18.220096000Z). Replace timestamp: Some(7637762242459338554/4743181682fc353a9bad4de4c4919cb0)
2026-05-09T05:38:18.222350Z ERROR zenoh::net::routing::dispatcher::pubsub: Error treating timestamp for received Data (incoming timestamp from 132fe0f4d76ec14e5c92e886f9ba7ed1 exceeding delta 500ms is rejected: 2026-05-09T05:38:18.986891081Z vs. now: 2026-05-09T05:38:18.222347573Z). Replace timestamp: Some(7637762242458739926/132fe0f4d76ec14e5c92e886f9ba7ed1)
2026-05-09T05:38:18.222457Z ERROR zenoh::net::routing::dispatcher::pubsub: Error treating timestamp for received Data (incoming timestamp from 132fe0f4d76ec14e5c92e886f9ba7ed1 exceeding delta 500ms is rejected: 2026-05-09T05:38:18.986891082Z vs. now: 2026-05-09T05:38:18.222455282Z). Replace timestamp: Some(7637762242458739928/132fe0f4d76ec14e5c92e886f9ba7ed1)
2026-05-09T05:38:18.222591Z ERROR zenoh::net::routing::dispatcher::pubsub: Error treating timestamp for received Data (incoming timestamp from 132fe0f4d76ec14e5c92e886f9ba7ed1 exceeding delta 500ms is rejected: 2026-05-09T05:38:18.986891082Z vs. now: 2026-05-09T05:38:18.222587735Z). Replace timestamp: Some(7637762242459338555/4743181682fc353a9bad4de4c4919cb0)
2026-05-09T05:38:18.222654Z ERROR zenoh::net::routing::dispatcher::pubsub: Error treating timestamp for received Data (incoming timestamp from 132fe0f4d76ec14e5c92e886f9ba7ed1 exceeding delta 500ms is rejected: 2026-05-09T05:38:18.986891082Z vs. now: 2026-05-09T05:38:18.222653114Z). Replace timestamp: Some(7637762242459338556/4743181682fc353a9bad4de4c4919cb0)
2026-05-09T05:38:18.224962Z ERROR zenoh::net::routing::dispatcher::pubsub: Error treating timestamp for received Data (incoming timestamp from 132fe0f4d76ec14e5c92e886f9ba7ed1 exceeding delta 500ms is rejected: 2026-05-09T05:38:18.986891082Z vs. now: 2026-05-09T05:38:18.224959229Z). Replace timestamp: Some(7637762242458739930/132fe0f4d76ec14e5c92e886f9ba7ed1)
2026-05-09T05:38:18.225065Z ERROR zenoh::net::routing::dispatcher::pubsub: Error treating timestamp for received Data (incoming timestamp from 132fe0f4d76ec14e5c92e886f9ba7ed1 exceeding delta 500ms is rejected: 2026-05-09T05:38:18.986891083Z vs. now: 2026-05-09T05:38:18.225063827Z). Replace timestamp: Some(7637762242458739932/132fe0f4d76ec14e5c92e886f9ba7ed1)
2026-05-09T05:38:18.225261Z ERROR zenoh::net::routing::dispatcher::pubsub: Error treating timestamp for received Data (incoming timestamp from 132fe0f4d76ec14e5c92e886f9ba7ed1 exceeding delta 500ms is rejected: 2026-05-09T05:38:18.986891083Z vs. now: 2026-05-09T05:38:18.225255177Z). Replace timestamp: Some(7637762242459338557/4743181682fc353a9bad4de4c4919cb0)
2026-05-09T05:38:18.225383Z ERROR zenoh::net::routing::dispatcher::pubsub: Error treating timestamp for received Data (incoming timestamp from 132fe0f4d76ec14e5c92e886f9ba7ed1 exceeding delta 500ms is rejected: 2026-05-09T05:38:18.986891083Z vs. now: 2026-05-09T05:38:18.225379602Z). Replace timestamp: Some(7637762242459338558/4743181682fc353a9bad4de4c4919cb0)
2026-05-09T05:38:18.227518Z ERROR zenoh::net::routing::dispatcher::pubsub: Error treating timestamp for received Data (incoming timestamp from 132fe0f4d76ec14e5c92e886f9ba7ed1 exceeding delta 500ms is rejected: 2026-05-09T05:38:18.986891083Z vs. now: 2026-05-09T05:38:18.227511090Z). Replace timestamp: Some(7637762242458739934/132fe0f4d76ec14e5c92e886f9ba7ed1)
2026-05-09T05:38:18.227743Z ERROR zenoh::net::routing::dispatcher::pubsub: Error treating timestamp for received Data (incoming timestamp from 132fe0f4d76ec14e5c92e886f9ba7ed1 exceeding delta 500ms is rejected: 2026-05-09T05:38:18.986891084Z vs. now: 2026-05-09T05:38:18.227740258Z). Replace timestamp: Some(7637762242458739936/132fe0f4d76ec14e5c92e886f9ba7ed1)
2026-05-09T05:38:18.227837Z ERROR zenoh::net::routing::dispatcher::pubsub: Error treating timestamp for received Data (incoming timestamp from 132fe0f4d76ec14e5c92e886f9ba7ed1 exceeding delta 500ms is rejected: 2026-05-09T05:38:18.986891083Z vs. now: 2026-05-09T05:38:18.227833346Z). Replace timestamp: Some(7637762242459338559/4743181682fc353a9bad4de4c4919cb0)
2026-05-09T05:38:18.228079Z ERROR zenoh::net::routing::dispatcher::pubsub: Error treating timestamp for received Data (incoming timestamp from 132fe0f4d76ec14e5c92e886f9ba7ed1 exceeding delta 500ms is rejected: 2026-05-09T05:38:18.986891084Z vs. now: 2026-05-09T05:38:18.228076939Z). Replace timestamp: Some(7637762242459338560/4743181682fc353a9bad4de4c4919cb0)
2026-05-09T05:38:18.230306Z ERROR zenoh::net::routing::dispatcher::pubsub: Error treating timestamp for received Data (incoming timestamp from 132fe0f4d76ec14e5c92e886f9ba7ed1 exceeding delta 500ms is rejected: 2026-05-09T05:38:18.986891084Z vs. now: 2026-05-09T05:38:18.230303273Z). Replace timestamp: Some(7637762242458739938/132fe0f4d76ec14e5c92e886f9ba7ed1)
2026-05-09T05:38:18.230422Z ERROR zenoh::net::routing::dispatcher::pubsub: Error treating timestamp for received Data (incoming timestamp from 132fe0f4d76ec14e5c92e886f9ba7ed1 exceeding delta 500ms is rejected: 2026-05-09T05:38:18.986891085Z vs. now: 2026-05-09T05:38:18.230421275Z). Replace timestamp: Some(7637762242458739940/132fe0f4d76ec14e5c92e886f9ba7ed1)
2026-05-09T05:38:18.230588Z ERROR zenoh::net::routing::dispatcher::pubsub: Error treating timestamp for received Data (incoming timestamp from 132fe0f4d76ec14e5c92e886f9ba7ed1 exceeding delta 500ms is rejected: 2026-05-09T05:38:18.986891084Z vs. now: 2026-05-09T05:38:18.230582256Z). Replace timestamp: Some(7637762242459338561/4743181682fc353a9bad4de4c4919cb0)
2026-05-09T05:38:18.230672Z ERROR zenoh::net::routing::dispatcher::pubsub: Error treating timestamp for received Data (incoming timestamp from 132fe0f4d76ec14e5c92e886f9ba7ed1 exceeding delta 500ms is rejected: 2026-05-09T05:38:18.986891085Z vs. now: 2026-05-09T05:38:18.230669298Z). Replace timestamp: Some(7637762242459338562/4743181682fc353a9bad4de4c4919cb0)
2026-05-09T05:38:18.231933Z ERROR zenoh::net::routing::dispatcher::pubsub: Error treating timestamp for received Data (incoming timestamp from 132fe0f4d76ec14e5c92e886f9ba7ed1 exceeding delta 500ms is rejected: 2026-05-09T05:38:18.986891085Z vs. now: 2026-05-09T05:38:18.231930707Z). Replace timestamp: Some(7637762242458739942/132fe0f4d76ec14e5c92e886f9ba7ed1)
2026-05-09T05:38:18.232033Z ERROR zenoh::net::routing::dispatcher::pubsub: Error treating timestamp for received Data (incoming timestamp from 132fe0f4d76ec14e5c92e886f9ba7ed1 exceeding delta 500ms is rejected: 2026-05-09T05:38:18.986891086Z vs. now: 2026-05-09T05:38:18.232032385Z). Replace timestamp: Some(7637762242458739944/132fe0f4d76ec14e5c92e886f9ba7ed1)
2026-05-09T05:38:18.232189Z ERROR zenoh::net::routing::dispatcher::pubsub: Error treating timestamp for received Data (incoming timestamp from 132fe0f4d76ec14e5c92e886f9ba7ed1 exceeding delta 500ms is rejected: 2026-05-09T05:38:18.986891085Z vs. now: 2026-05-09T05:38:18.232182652Z). Replace timestamp: Some(7637762242459338563/4743181682fc353a9bad4de4c4919cb0)
2026-05-09T05:38:18.232308Z ERROR zenoh::net::routing::dispatcher::pubsub: Error treating timestamp for received Data (incoming timestamp from 132fe0f4d76ec14e5c92e886f9ba7ed1 exceeding delta 500ms is rejected: 2026-05-09T05:38:18.986891086Z vs. now: 2026-05-09T05:38:18.232305397Z). Replace timestamp: Some(7637762242459338564/4743181682fc353a9bad4de4c4919cb0)
2026-05-09T05:38:18.234484Z ERROR zenoh::net::routing::dispatcher::pubsub: Error treating timestamp for received Data (incoming timestamp from 132fe0f4d76ec14e5c92e886f9ba7ed1 exceeding delta 500ms is rejected: 2026-05-09T05:38:18.986891086Z vs. now: 2026-05-09T05:38:18.234481831Z). Replace timestamp: Some(7637762242458739946/132fe0f4d76ec14e5c92e886f9ba7ed1)
2026-05-09T05:38:18.234592Z ERROR zenoh::net::routing::dispatcher::pubsub: Error treating timestamp for received Data (incoming timestamp from 132fe0f4d76ec14e5c92e886f9ba7ed1 exceeding delta 500ms is rejected: 2026-05-09T05:38:18.986891086Z vs. now: 2026-05-09T05:38:18.234591183Z). Replace timestamp: Some(7637762242458739948/132fe0f4d76ec14e5c92e886f9ba7ed1)
2026-05-09T05:38:18.234729Z ERROR zenoh::net::routing::dispatcher::pubsub: Error treating timestamp for received Data (incoming timestamp from 132fe0f4d76ec14e5c92e886f9ba7ed1 exceeding delta 500ms is rejected: 2026-05-09T05:38:18.986891086Z vs. now: 2026-05-09T05:38:18.234725424Z). Replace timestamp: Some(7637762242459338565/4743181682fc353a9bad4de4c4919cb0)
2026-05-09T05:38:18.234804Z ERROR zenoh::net::routing::dispatcher::pubsub: Error treating timestamp for received Data (incoming timestamp from 132fe0f4d76ec14e5c92e886f9ba7ed1 exceeding delta 500ms is rejected: 2026-05-09T05:38:18.986891087Z vs. now: 2026-05-09T05:38:18.234802057Z). Replace timestamp: Some(7637762242459338566/4743181682fc353a9bad4de4c4919cb0)
2026-05-09T05:38:18.235942Z ERROR zenoh::net::routing::dispatcher::pubsub: Error treating timestamp for received Data (incoming timestamp from 132fe0f4d76ec14e5c92e886f9ba7ed1 exceeding delta 500ms is rejected: 2026-05-09T05:38:18.986891087Z vs. now: 2026-05-09T05:38:18.235939965Z). Replace timestamp: Some(7637762242458739950/132fe0f4d76ec14e5c92e886f9ba7ed1)
2026-05-09T05:38:18.236040Z ERROR zenoh::net::routing::dispatcher::pubsub: Error treating timestamp for received Data (incoming timestamp from 132fe0f4d76ec14e5c92e886f9ba7ed1 exceeding delta 500ms is rejected: 2026-05-09T05:38:18.986891087Z vs. now: 2026-05-09T05:38:18.236039218Z). Replace timestamp: Some(7637762242458739952/132fe0f4d76ec14e5c92e886f9ba7ed1)
2026-05-09T05:38:18.236176Z ERROR zenoh::net::routing::dispatcher::pubsub: Error treating timestamp for received Data (incoming timestamp from 132fe0f4d76ec14e5c92e886f9ba7ed1 exceeding delta 500ms is rejected: 2026-05-09T05:38:18.986891087Z vs. now: 2026-05-09T05:38:18.236171358Z). Replace timestamp: Some(7637762242459338567/4743181682fc353a9bad4de4c4919cb0)
2026-05-09T05:38:18.236253Z ERROR zenoh::net::routing::dispatcher::pubsub: Error treating timestamp for received Data (incoming timestamp from 132fe0f4d76ec14e5c92e886f9ba7ed1 exceeding delta 500ms is rejected: 2026-05-09T05:38:18.986891088Z vs. now: 2026-05-09T05:38:18.236251127Z). Replace timestamp: Some(7637762242459338568/4743181682fc353a9bad4de4c4919cb0)
2026-05-09T05:38:18.238404Z ERROR zenoh::net::routing::dispatcher::pubsub: Error treating timestamp for received Data (incoming timestamp from 132fe0f4d76ec14e5c92e886f9ba7ed1 exceeding delta 500ms is rejected: 2026-05-09T05:38:18.986891088Z vs. now: 2026-05-09T05:38:18.238401376Z). Replace timestamp: Some(7637762242458739954/132fe0f4d76ec14e5c92e886f9ba7ed1)
2026-05-09T05:38:18.238503Z ERROR zenoh::net::routing::dispatcher::pubsub: Error treating timestamp for received Data (incoming timestamp from 132fe0f4d76ec14e5c92e886f9ba7ed1 exceeding delta 500ms is rejected: 2026-05-09T05:38:18.986891088Z vs. now: 2026-05-09T05:38:18.238502130Z). Replace timestamp: Some(7637762242458739956/132fe0f4d76ec14e5c92e886f9ba7ed1)
2026-05-09T05:38:18.238593Z ERROR zenoh::net::routing::dispatcher::pubsub: Error treating timestamp for received Data (incoming timestamp from 132fe0f4d76ec14e5c92e886f9ba7ed1 exceeding delta 500ms is rejected: 2026-05-09T05:38:18.986891088Z vs. now: 2026-05-09T05:38:18.238589544Z). Replace timestamp: Some(7637762242459338569/4743181682fc353a9bad4de4c4919cb0)
2026-05-09T05:38:18.238662Z ERROR zenoh::net::routing::dispatcher::pubsub: Error treating timestamp for received Data (incoming timestamp from 132fe0f4d76ec14e5c92e886f9ba7ed1 exceeding delta 500ms is rejected: 2026-05-09T05:38:18.986891089Z vs. now: 2026-05-09T05:38:18.238660917Z). Replace timestamp: Some(7637762242459338570/4743181682fc353a9bad4de4c4919cb0)
2026-05-09T05:38:18.240001Z ERROR zenoh::net::routing::dispatcher::pubsub: Error treating timestamp for received Data (incoming timestamp from 132fe0f4d76ec14e5c92e886f9ba7ed1 exceeding delta 500ms is rejected: 2026-05-09T05:38:18.986891089Z vs. now: 2026-05-09T05:38:18.239998900Z). Replace timestamp: Some(7637762242458739958/132fe0f4d76ec14e5c92e886f9ba7ed1)
2026-05-09T05:38:18.240101Z ERROR zenoh::net::routing::dispatcher::pubsub: Error treating timestamp for received Data (incoming timestamp from 132fe0f4d76ec14e5c92e886f9ba7ed1 exceeding delta 500ms is rejected: 2026-05-09T05:38:18.986891089Z vs. now: 2026-05-09T05:38:18.240100064Z). Replace timestamp: Some(7637762242458739960/132fe0f4d76ec14e5c92e886f9ba7ed1)
2026-05-09T05:38:18.240376Z ERROR zenoh::net::routing::dispatcher::pubsub: Error treating timestamp for received Data (incoming timestamp from 132fe0f4d76ec14e5c92e886f9ba7ed1 exceeding delta 500ms is rejected: 2026-05-09T05:38:18.986891089Z vs. now: 2026-05-09T05:38:18.240372517Z). Replace timestamp: Some(7637762242459338571/4743181682fc353a9bad4de4c4919cb0)
2026-05-09T05:38:18.240426Z ERROR zenoh::net::routing::dispatcher::pubsub: Error treating timestamp for received Data (incoming timestamp from 132fe0f4d76ec14e5c92e886f9ba7ed1 exceeding delta 500ms is rejected: 2026-05-09T05:38:18.986891090Z vs. now: 2026-05-09T05:38:18.240424730Z). Replace timestamp: Some(7637762242459338572/4743181682fc353a9bad4de4c4919cb0)
2026-05-09T05:38:18.242509Z ERROR zenoh::net::routing::dispatcher::pubsub: Error treating timestamp for received Data (incoming timestamp from 132fe0f4d76ec14e5c92e886f9ba7ed1 exceeding delta 500ms is rejected: 2026-05-09T05:38:18.986891090Z vs. now: 2026-05-09T05:38:18.242506333Z). Replace timestamp: Some(7637762242458739962/132fe0f4d76ec14e5c92e886f9ba7ed1)
2026-05-09T05:38:18.242611Z ERROR zenoh::net::routing::dispatcher::pubsub: Error treating timestamp for received Data (incoming timestamp from 132fe0f4d76ec14e5c92e886f9ba7ed1 exceeding delta 500ms is rejected: 2026-05-09T05:38:18.986891090Z vs. now: 2026-05-09T05:38:18.242610120Z). Replace timestamp: Some(7637762242458739964/132fe0f4d76ec14e5c92e886f9ba7ed1)
2026-05-09T05:38:18.242743Z ERROR zenoh::net::routing::dispatcher::pubsub: Error treating timestamp for received Data (incoming timestamp from 132fe0f4d76ec14e5c92e886f9ba7ed1 exceeding delta 500ms is rejected: 2026-05-09T05:38:18.986891090Z vs. now: 2026-05-09T05:38:18.242731527Z). Replace timestamp: Some(7637762242459338573/4743181682fc353a9bad4de4c4919cb0)
2026-05-09T05:38:18.242831Z ERROR zenoh::net::routing::dispatcher::pubsub: Error treating timestamp for received Data (incoming timestamp from 132fe0f4d76ec14e5c92e886f9ba7ed1 exceeding delta 500ms is rejected: 2026-05-09T05:38:18.986891090Z vs. now: 2026-05-09T05:38:18.242829800Z). Replace timestamp: Some(7637762242459338574/4743181682fc353a9bad4de4c4919cb0)
2026-05-09T05:38:18.244039Z ERROR zenoh::net::routing::dispatcher::pubsub: Error treating timestamp for received Data (incoming timestamp from 132fe0f4d76ec14e5c92e886f9ba7ed1 exceeding delta 500ms is rejected: 2026-05-09T05:38:18.986891091Z vs. now: 2026-05-09T05:38:18.244034056Z). Replace timestamp: Some(7637762242458739966/132fe0f4d76ec14e5c92e886f9ba7ed1)
2026-05-09T05:38:18.244220Z ERROR zenoh::net::routing::dispatcher::pubsub: Error treating timestamp for received Data (incoming timestamp from 132fe0f4d76ec14e5c92e886f9ba7ed1 exceeding delta 500ms is rejected: 2026-05-09T05:38:18.986891091Z vs. now: 2026-05-09T05:38:18.244217173Z). Replace timestamp: Some(7637762242458739968/132fe0f4d76ec14e5c92e886f9ba7ed1)
2026-05-09T05:38:18.244320Z ERROR zenoh::net::routing::dispatcher::pubsub: Error treating timestamp for received Data (incoming timestamp from 132fe0f4d76ec14e5c92e886f9ba7ed1 exceeding delta 500ms is rejected: 2026-05-09T05:38:18.986891091Z vs. now: 2026-05-09T05:38:18.244316280Z). Replace timestamp: Some(7637762242459338575/4743181682fc353a9bad4de4c4919cb0)
2026-05-09T05:38:18.244364Z ERROR zenoh::net::routing::dispatcher::pubsub: Error treating timestamp for received Data (incoming timestamp from 132fe0f4d76ec14e5c92e886f9ba7ed1 exceeding delta 500ms is rejected: 2026-05-09T05:38:18.986891091Z vs. now: 2026-05-09T05:38:18.244362463Z). Replace timestamp: Some(7637762242459338576/4743181682fc353a9bad4de4c4919cb0)
2026-05-09T05:38:18.246670Z ERROR zenoh::net::routing::dispatcher::pubsub: Error treating timestamp for received Data (incoming timestamp from 132fe0f4d76ec14e5c92e886f9ba7ed1 exceeding delta 500ms is rejected: 2026-05-09T05:38:18.986891092Z vs. now: 2026-05-09T05:38:18.246660419Z). Replace timestamp: Some(7637762242458739970/132fe0f4d76ec14e5c92e886f9ba7ed1)
2026-05-09T05:38:18.246863Z ERROR zenoh::net::routing::dispatcher::pubsub: Error treating timestamp for received Data (incoming timestamp from 132fe0f4d76ec14e5c92e886f9ba7ed1 exceeding delta 500ms is rejected: 2026-05-09T05:38:18.986891092Z vs. now: 2026-05-09T05:38:18.246858832Z). Replace timestamp: Some(7637762242458739972/132fe0f4d76ec14e5c92e886f9ba7ed1)
2026-05-09T05:38:18.246878Z ERROR zenoh::net::routing::dispatcher::pubsub: Error treating timestamp for received Data (incoming timestamp from 132fe0f4d76ec14e5c92e886f9ba7ed1 exceeding delta 500ms is rejected: 2026-05-09T05:38:18.986891092Z vs. now: 2026-05-09T05:38:18.246874586Z). Replace timestamp: Some(7637762242459338577/4743181682fc353a9bad4de4c4919cb0)
2026-05-09T05:38:18.247093Z ERROR zenoh::net::routing::dispatcher::pubsub: Error treating timestamp for received Data (incoming timestamp from 132fe0f4d76ec14e5c92e886f9ba7ed1 exceeding delta 500ms is rejected: 2026-05-09T05:38:18.986891092Z vs. now: 2026-05-09T05:38:18.247090988Z). Replace timestamp: Some(7637762242459338578/4743181682fc353a9bad4de4c4919cb0)
2026-05-09T05:38:18.249295Z ERROR zenoh::net::routing::dispatcher::pubsub: Error treating timestamp for received Data (incoming timestamp from 132fe0f4d76ec14e5c92e886f9ba7ed1 exceeding delta 500ms is rejected: 2026-05-09T05:38:18.986891093Z vs. now: 2026-05-09T05:38:18.249292065Z). Replace timestamp: Some(7637762242458739974/132fe0f4d76ec14e5c92e886f9ba7ed1)
2026-05-09T05:38:18.249403Z ERROR zenoh::net::routing::dispatcher::pubsub: Error treating timestamp for received Data (incoming timestamp from 132fe0f4d76ec14e5c92e886f9ba7ed1 exceeding delta 500ms is rejected: 2026-05-09T05:38:18.986891093Z vs. now: 2026-05-09T05:38:18.249400966Z). Replace timestamp: Some(7637762242458739976/132fe0f4d76ec14e5c92e886f9ba7ed1)
2026-05-09T05:38:18.249534Z ERROR zenoh::net::routing::dispatcher::pubsub: Error treating timestamp for received Data (incoming timestamp from 132fe0f4d76ec14e5c92e886f9ba7ed1 exceeding delta 500ms is rejected: 2026-05-09T05:38:18.986891093Z vs. now: 2026-05-09T05:38:18.249528267Z). Replace timestamp: Some(7637762242459338579/4743181682fc353a9bad4de4c4919cb0)
2026-05-09T05:38:18.249603Z ERROR zenoh::net::routing::dispatcher::pubsub: Error treating timestamp for received Data (incoming timestamp from 132fe0f4d76ec14e5c92e886f9ba7ed1 exceeding delta 500ms is rejected: 2026-05-09T05:38:18.986891093Z vs. now: 2026-05-09T05:38:18.249600612Z). Replace timestamp: Some(7637762242459338580/4743181682fc353a9bad4de4c4919cb0)
2026-05-09T05:38:18.251839Z ERROR zenoh::net::routing::dispatcher::pubsub: Error treating timestamp for received Data (incoming timestamp from 132fe0f4d76ec14e5c92e886f9ba7ed1 exceeding delta 500ms is rejected: 2026-05-09T05:38:18.986891093Z vs. now: 2026-05-09T05:38:18.251836062Z). Replace timestamp: Some(7637762242458739978/132fe0f4d76ec14e5c92e886f9ba7ed1)
2026-05-09T05:38:18.251947Z ERROR zenoh::net::routing::dispatcher::pubsub: Error treating timestamp for received Data (incoming timestamp from 132fe0f4d76ec14e5c92e886f9ba7ed1 exceeding delta 500ms is rejected: 2026-05-09T05:38:18.986891094Z vs. now: 2026-05-09T05:38:18.251946033Z). Replace timestamp: Some(7637762242458739980/132fe0f4d76ec14e5c92e886f9ba7ed1)
2026-05-09T05:38:18.252076Z ERROR zenoh::net::routing::dispatcher::pubsub: Error treating timestamp for received Data (incoming timestamp from 132fe0f4d76ec14e5c92e886f9ba7ed1 exceeding delta 500ms is rejected: 2026-05-09T05:38:18.986891094Z vs. now: 2026-05-09T05:38:18.252070677Z). Replace timestamp: Some(7637762242459338581/4743181682fc353a9bad4de4c4919cb0)
2026-05-09T05:38:18.252153Z ERROR zenoh::net::routing::dispatcher::pubsub: Error treating timestamp for received Data (incoming timestamp from 132fe0f4d76ec14e5c92e886f9ba7ed1 exceeding delta 500ms is rejected: 2026-05-09T05:38:18.986891094Z vs. now: 2026-05-09T05:38:18.252149284Z). Replace timestamp: Some(7637762242459338582/4743181682fc353a9bad4de4c4919cb0)
2026-05-09T05:38:18.254368Z ERROR zenoh::net::routing::dispatcher::pubsub: Error treating timestamp for received Data (incoming timestamp from 132fe0f4d76ec14e5c92e886f9ba7ed1 exceeding delta 500ms is rejected: 2026-05-09T05:38:18.986891094Z vs. now: 2026-05-09T05:38:18.254365709Z). Replace timestamp: Some(7637762242458739982/132fe0f4d76ec14e5c92e886f9ba7ed1)
2026-05-09T05:38:18.254471Z ERROR zenoh::net::routing::dispatcher::pubsub: Error treating timestamp for received Data (incoming timestamp from 132fe0f4d76ec14e5c92e886f9ba7ed1 exceeding delta 500ms is rejected: 2026-05-09T05:38:18.986891095Z vs. now: 2026-05-09T05:38:18.254470055Z). Replace timestamp: Some(7637762242458739984/132fe0f4d76ec14e5c92e886f9ba7ed1)
2026-05-09T05:38:18.254588Z ERROR zenoh::net::routing::dispatcher::pubsub: Error treating timestamp for received Data (incoming timestamp from 132fe0f4d76ec14e5c92e886f9ba7ed1 exceeding delta 500ms is rejected: 2026-05-09T05:38:18.986891095Z vs. now: 2026-05-09T05:38:18.254583404Z). Replace timestamp: Some(7637762242459338583/4743181682fc353a9bad4de4c4919cb0)
2026-05-09T05:38:18.254667Z ERROR zenoh::net::routing::dispatcher::pubsub: Error treating timestamp for received Data (incoming timestamp from 132fe0f4d76ec14e5c92e886f9ba7ed1 exceeding delta 500ms is rejected: 2026-05-09T05:38:18.986891095Z vs. now: 2026-05-09T05:38:18.254665211Z). Replace timestamp: Some(7637762242459338584/4743181682fc353a9bad4de4c4919cb0)
2026-05-09T05:38:18.256890Z ERROR zenoh::net::routing::dispatcher::pubsub: Error treating timestamp for received Data (incoming timestamp from 132fe0f4d76ec14e5c92e886f9ba7ed1 exceeding delta 500ms is rejected: 2026-05-09T05:38:18.986891095Z vs. now: 2026-05-09T05:38:18.256886945Z). Replace timestamp: Some(7637762242458739986/132fe0f4d76ec14e5c92e886f9ba7ed1)
2026-05-09T05:38:18.256993Z ERROR zenoh::net::routing::dispatcher::pubsub: Error treating timestamp for received Data (incoming timestamp from 132fe0f4d76ec14e5c92e886f9ba7ed1 exceeding delta 500ms is rejected: 2026-05-09T05:38:18.986891096Z vs. now: 2026-05-09T05:38:18.256992080Z). Replace timestamp: Some(7637762242458739988/132fe0f4d76ec14e5c92e886f9ba7ed1)
2026-05-09T05:38:18.257132Z ERROR zenoh::net::routing::dispatcher::pubsub: Error treating timestamp for received Data (incoming timestamp from 132fe0f4d76ec14e5c92e886f9ba7ed1 exceeding delta 500ms is rejected: 2026-05-09T05:38:18.986891096Z vs. now: 2026-05-09T05:38:18.257127643Z). Replace timestamp: Some(7637762242459338585/4743181682fc353a9bad4de4c4919cb0)
2026-05-09T05:38:18.257183Z ERROR zenoh::net::routing::dispatcher::pubsub: Error treating timestamp for received Data (incoming timestamp from 132fe0f4d76ec14e5c92e886f9ba7ed1 exceeding delta 500ms is rejected: 2026-05-09T05:38:18.986891096Z vs. now: 2026-05-09T05:38:18.257182096Z). Replace timestamp: Some(7637762242459338586/4743181682fc353a9bad4de4c4919cb0)
2026-05-09T05:38:18.259398Z ERROR zenoh::net::routing::dispatcher::pubsub: Error treating timestamp for received Data (incoming timestamp from 132fe0f4d76ec14e5c92e886f9ba7ed1 exceeding delta 500ms is rejected: 2026-05-09T05:38:18.986891096Z vs. now: 2026-05-09T05:38:18.259389107Z). Replace timestamp: Some(7637762242458739990/132fe0f4d76ec14e5c92e886f9ba7ed1)
2026-05-09T05:38:18.259555Z ERROR zenoh::net::routing::dispatcher::pubsub: Error treating timestamp for received Data (incoming timestamp from 132fe0f4d76ec14e5c92e886f9ba7ed1 exceeding delta 500ms is rejected: 2026-05-09T05:38:18.986891097Z vs. now: 2026-05-09T05:38:18.259553645Z). Replace timestamp: Some(7637762242458739992/132fe0f4d76ec14e5c92e886f9ba7ed1)
2026-05-09T05:38:18.259615Z ERROR zenoh::net::routing::dispatcher::pubsub: Error treating timestamp for received Data (incoming timestamp from 132fe0f4d76ec14e5c92e886f9ba7ed1 exceeding delta 500ms is rejected: 2026-05-09T05:38:18.986891096Z vs. now: 2026-05-09T05:38:18.259612259Z). Replace timestamp: Some(7637762242459338587/4743181682fc353a9bad4de4c4919cb0)
2026-05-09T05:38:18.259769Z ERROR zenoh::net::routing::dispatcher::pubsub: Error treating timestamp for received Data (incoming timestamp from 132fe0f4d76ec14e5c92e886f9ba7ed1 exceeding delta 500ms is rejected: 2026-05-09T05:38:18.986891097Z vs. now: 2026-05-09T05:38:18.259765938Z). Replace timestamp: Some(7637762242459338588/4743181682fc353a9bad4de4c4919cb0)
2026-05-09T05:38:18.261927Z ERROR zenoh::net::routing::dispatcher::pubsub: Error treating timestamp for received Data (incoming timestamp from 132fe0f4d76ec14e5c92e886f9ba7ed1 exceeding delta 500ms is rejected: 2026-05-09T05:38:18.986891097Z vs. now: 2026-05-09T05:38:18.261923209Z). Replace timestamp: Some(7637762242458739994/132fe0f4d76ec14e5c92e886f9ba7ed1)
2026-05-09T05:38:18.262047Z ERROR zenoh::net::routing::dispatcher::pubsub: Error treating timestamp for received Data (incoming timestamp from 132fe0f4d76ec14e5c92e886f9ba7ed1 exceeding delta 500ms is rejected: 2026-05-09T05:38:18.986891098Z vs. now: 2026-05-09T05:38:18.262045913Z). Replace timestamp: Some(7637762242458739996/132fe0f4d76ec14e5c92e886f9ba7ed1)
2026-05-09T05:38:18.262134Z ERROR zenoh::net::routing::dispatcher::pubsub: Error treating timestamp for received Data (incoming timestamp from 132fe0f4d76ec14e5c92e886f9ba7ed1 exceeding delta 500ms is rejected: 2026-05-09T05:38:18.986891097Z vs. now: 2026-05-09T05:38:18.262130313Z). Replace timestamp: Some(7637762242459338589/4743181682fc353a9bad4de4c4919cb0)
2026-05-09T05:38:18.262182Z ERROR zenoh::net::routing::dispatcher::pubsub: Error treating timestamp for received Data (incoming timestamp from 132fe0f4d76ec14e5c92e886f9ba7ed1 exceeding delta 500ms is rejected: 2026-05-09T05:38:18.986891098Z vs. now: 2026-05-09T05:38:18.262180172Z). Replace timestamp: Some(7637762242459338590/4743181682fc353a9bad4de4c4919cb0)
2026-05-09T05:38:18.264560Z ERROR zenoh::net::routing::dispatcher::pubsub: Error treating timestamp for received Data (incoming timestamp from 132fe0f4d76ec14e5c92e886f9ba7ed1 exceeding delta 500ms is rejected: 2026-05-09T05:38:18.986891098Z vs. now: 2026-05-09T05:38:18.264553946Z). Replace timestamp: Some(7637762242458739998/132fe0f4d76ec14e5c92e886f9ba7ed1)
2026-05-09T05:38:18.264798Z ERROR zenoh::net::routing::dispatcher::pubsub: Error treating timestamp for received Data (incoming timestamp from 132fe0f4d76ec14e5c92e886f9ba7ed1 exceeding delta 500ms is rejected: 2026-05-09T05:38:18.986891098Z vs. now: 2026-05-09T05:38:18.264794782Z). Replace timestamp: Some(7637762242459338591/4743181682fc353a9bad4de4c4919cb0)
2026-05-09T05:38:18.264800Z ERROR zenoh::net::routing::dispatcher::pubsub: Error treating timestamp for received Data (incoming timestamp from 132fe0f4d76ec14e5c92e886f9ba7ed1 exceeding delta 500ms is rejected: 2026-05-09T05:38:18.986891099Z vs. now: 2026-05-09T05:38:18.264796094Z). Replace timestamp: Some(7637762242458740000/132fe0f4d76ec14e5c92e886f9ba7ed1)
2026-05-09T05:38:18.265129Z ERROR zenoh::net::routing::dispatcher::pubsub: Error treating timestamp for received Data (incoming timestamp from 132fe0f4d76ec14e5c92e886f9ba7ed1 exceeding delta 500ms is rejected: 2026-05-09T05:38:18.986891099Z vs. now: 2026-05-09T05:38:18.265126221Z). Replace timestamp: Some(7637762242459338592/4743181682fc353a9bad4de4c4919cb0)
2026-05-09T05:38:18.267516Z ERROR zenoh::net::routing::dispatcher::pubsub: Error treating timestamp for received Data (incoming timestamp from 132fe0f4d76ec14e5c92e886f9ba7ed1 exceeding delta 500ms is rejected: 2026-05-09T05:38:18.986891099Z vs. now: 2026-05-09T05:38:18.267513980Z). Replace timestamp: Some(7637762242458740002/132fe0f4d76ec14e5c92e886f9ba7ed1)
2026-05-09T05:38:18.267679Z ERROR zenoh::net::routing::dispatcher::pubsub: Error treating timestamp for received Data (incoming timestamp from 132fe0f4d76ec14e5c92e886f9ba7ed1 exceeding delta 500ms is rejected: 2026-05-09T05:38:18.986891100Z vs. now: 2026-05-09T05:38:18.267676723Z). Replace timestamp: Some(7637762242458740004/132fe0f4d76ec14e5c92e886f9ba7ed1)
2026-05-09T05:38:18.267745Z ERROR zenoh::net::routing::dispatcher::pubsub: Error treating timestamp for received Data (incoming timestamp from 132fe0f4d76ec14e5c92e886f9ba7ed1 exceeding delta 500ms is rejected: 2026-05-09T05:38:18.986891099Z vs. now: 2026-05-09T05:38:18.267742370Z). Replace timestamp: Some(7637762242459338593/4743181682fc353a9bad4de4c4919cb0)
2026-05-09T05:38:18.267891Z ERROR zenoh::net::routing::dispatcher::pubsub: Error treating timestamp for received Data (incoming timestamp from 132fe0f4d76ec14e5c92e886f9ba7ed1 exceeding delta 500ms is rejected: 2026-05-09T05:38:18.986891100Z vs. now: 2026-05-09T05:38:18.267885797Z). Replace timestamp: Some(7637762242459338594/4743181682fc353a9bad4de4c4919cb0)
2026-05-09T05:38:18.269028Z ERROR zenoh::net::routing::dispatcher::pubsub: Error treating timestamp for received Data (incoming timestamp from 132fe0f4d76ec14e5c92e886f9ba7ed1 exceeding delta 500ms is rejected: 2026-05-09T05:38:18.986891100Z vs. now: 2026-05-09T05:38:18.269024767Z). Replace timestamp: Some(7637762242458740006/132fe0f4d76ec14e5c92e886f9ba7ed1)
2026-05-09T05:38:18.269139Z ERROR zenoh::net::routing::dispatcher::pubsub: Error treating timestamp for received Data (incoming timestamp from 132fe0f4d76ec14e5c92e886f9ba7ed1 exceeding delta 500ms is rejected: 2026-05-09T05:38:18.986891100Z vs. now: 2026-05-09T05:38:18.269137260Z). Replace timestamp: Some(7637762242458740008/132fe0f4d76ec14e5c92e886f9ba7ed1)
2026-05-09T05:38:18.269213Z ERROR zenoh::net::routing::dispatcher::pubsub: Error treating timestamp for received Data (incoming timestamp from 132fe0f4d76ec14e5c92e886f9ba7ed1 exceeding delta 500ms is rejected: 2026-05-09T05:38:18.986891100Z vs. now: 2026-05-09T05:38:18.269209993Z). Replace timestamp: Some(7637762242459338595/4743181682fc353a9bad4de4c4919cb0)
2026-05-09T05:38:18.269248Z ERROR zenoh::net::routing::dispatcher::pubsub: Error treating timestamp for received Data (incoming timestamp from 132fe0f4d76ec14e5c92e886f9ba7ed1 exceeding delta 500ms is rejected: 2026-05-09T05:38:18.986891101Z vs. now: 2026-05-09T05:38:18.269248195Z). Replace timestamp: Some(7637762242459338596/4743181682fc353a9bad4de4c4919cb0)
2026-05-09T05:38:18.271568Z ERROR zenoh::net::routing::dispatcher::pubsub: Error treating timestamp for received Data (incoming timestamp from 132fe0f4d76ec14e5c92e886f9ba7ed1 exceeding delta 500ms is rejected: 2026-05-09T05:38:18.986891101Z vs. now: 2026-05-09T05:38:18.271565412Z). Replace timestamp: Some(7637762242458740010/132fe0f4d76ec14e5c92e886f9ba7ed1)
2026-05-09T05:38:18.271674Z ERROR zenoh::net::routing::dispatcher::pubsub: Error treating timestamp for received Data (incoming timestamp from 132fe0f4d76ec14e5c92e886f9ba7ed1 exceeding delta 500ms is rejected: 2026-05-09T05:38:18.986891101Z vs. now: 2026-05-09T05:38:18.271672965Z). Replace timestamp: Some(7637762242458740012/132fe0f4d76ec14e5c92e886f9ba7ed1)
2026-05-09T05:38:18.271823Z ERROR zenoh::net::routing::dispatcher::pubsub: Error treating timestamp for received Data (incoming timestamp from 132fe0f4d76ec14e5c92e886f9ba7ed1 exceeding delta 500ms is rejected: 2026-05-09T05:38:18.986891101Z vs. now: 2026-05-09T05:38:18.271819555Z). Replace timestamp: Some(7637762242459338597/4743181682fc353a9bad4de4c4919cb0)
2026-05-09T05:38:18.271886Z ERROR zenoh::net::routing::dispatcher::pubsub: Error treating timestamp for received Data (incoming timestamp from 132fe0f4d76ec14e5c92e886f9ba7ed1 exceeding delta 500ms is rejected: 2026-05-09T05:38:18.986891102Z vs. now: 2026-05-09T05:38:18.271884911Z). Replace timestamp: Some(7637762242459338598/4743181682fc353a9bad4de4c4919cb0)
2026-05-09T05:38:18.273064Z ERROR zenoh::net::routing::dispatcher::pubsub: Error treating timestamp for received Data (incoming timestamp from 132fe0f4d76ec14e5c92e886f9ba7ed1 exceeding delta 500ms is rejected: 2026-05-09T05:38:18.986891102Z vs. now: 2026-05-09T05:38:18.273061362Z). Replace timestamp: Some(7637762242458740014/132fe0f4d76ec14e5c92e886f9ba7ed1)
2026-05-09T05:38:18.273171Z ERROR zenoh::net::routing::dispatcher::pubsub: Error treating timestamp for received Data (incoming timestamp from 132fe0f4d76ec14e5c92e886f9ba7ed1 exceeding delta 500ms is rejected: 2026-05-09T05:38:18.986891102Z vs. now: 2026-05-09T05:38:18.273169194Z). Replace timestamp: Some(7637762242458740016/132fe0f4d76ec14e5c92e886f9ba7ed1)
2026-05-09T05:38:18.273296Z ERROR zenoh::net::routing::dispatcher::pubsub: Error treating timestamp for received Data (incoming timestamp from 132fe0f4d76ec14e5c92e886f9ba7ed1 exceeding delta 500ms is rejected: 2026-05-09T05:38:18.986891102Z vs. now: 2026-05-09T05:38:18.273289528Z). Replace timestamp: Some(7637762242459338599/4743181682fc353a9bad4de4c4919cb0)
2026-05-09T05:38:18.273386Z ERROR zenoh::net::routing::dispatcher::pubsub: Error treating timestamp for received Data (incoming timestamp from 132fe0f4d76ec14e5c92e886f9ba7ed1 exceeding delta 500ms is rejected: 2026-05-09T05:38:18.986891103Z vs. now: 2026-05-09T05:38:18.273384646Z). Replace timestamp: Some(7637762242459338600/4743181682fc353a9bad4de4c4919cb0)
2026-05-09T05:38:18.275822Z ERROR zenoh::net::routing::dispatcher::pubsub: Error treating timestamp for received Data (incoming timestamp from 132fe0f4d76ec14e5c92e886f9ba7ed1 exceeding delta 500ms is rejected: 2026-05-09T05:38:18.986891103Z vs. now: 2026-05-09T05:38:18.275818881Z). Replace timestamp: Some(7637762242458740018/132fe0f4d76ec14e5c92e886f9ba7ed1)
2026-05-09T05:38:18.275961Z ERROR zenoh::net::routing::dispatcher::pubsub: Error treating timestamp for received Data (incoming timestamp from 132fe0f4d76ec14e5c92e886f9ba7ed1 exceeding delta 500ms is rejected: 2026-05-09T05:38:18.986891103Z vs. now: 2026-05-09T05:38:18.275959801Z). Replace timestamp: Some(7637762242458740020/132fe0f4d76ec14e5c92e886f9ba7ed1)
2026-05-09T05:38:18.276049Z ERROR zenoh::net::routing::dispatcher::pubsub: Error treating timestamp for received Data (incoming timestamp from 132fe0f4d76ec14e5c92e886f9ba7ed1 exceeding delta 500ms is rejected: 2026-05-09T05:38:18.986891103Z vs. now: 2026-05-09T05:38:18.276045885Z). Replace timestamp: Some(7637762242459338601/4743181682fc353a9bad4de4c4919cb0)
2026-05-09T05:38:18.276095Z ERROR zenoh::net::routing::dispatcher::pubsub: Error treating timestamp for received Data (incoming timestamp from 132fe0f4d76ec14e5c92e886f9ba7ed1 exceeding delta 500ms is rejected: 2026-05-09T05:38:18.986891103Z vs. now: 2026-05-09T05:38:18.276093573Z). Replace timestamp: Some(7637762242459338602/4743181682fc353a9bad4de4c4919cb0)
2026-05-09T05:38:18.278650Z ERROR zenoh::net::routing::dispatcher::pubsub: Error treating timestamp for received Data (incoming timestamp from 132fe0f4d76ec14e5c92e886f9ba7ed1 exceeding delta 500ms is rejected: 2026-05-09T05:38:18.986891104Z vs. now: 2026-05-09T05:38:18.278499041Z). Replace timestamp: Some(7637762242458740022/132fe0f4d76ec14e5c92e886f9ba7ed1)
2026-05-09T05:38:18.278865Z ERROR zenoh::net::routing::dispatcher::pubsub: Error treating timestamp for received Data (incoming timestamp from 132fe0f4d76ec14e5c92e886f9ba7ed1 exceeding delta 500ms is rejected: 2026-05-09T05:38:18.986891104Z vs. now: 2026-05-09T05:38:18.278863173Z). Replace timestamp: Some(7637762242458740024/132fe0f4d76ec14e5c92e886f9ba7ed1)
2026-05-09T05:38:18.278974Z ERROR zenoh::net::routing::dispatcher::pubsub: Error treating timestamp for received Data (incoming timestamp from 132fe0f4d76ec14e5c92e886f9ba7ed1 exceeding delta 500ms is rejected: 2026-05-09T05:38:18.986891104Z vs. now: 2026-05-09T05:38:18.278967575Z). Replace timestamp: Some(7637762242459338603/4743181682fc353a9bad4de4c4919cb0)
2026-05-09T05:38:18.279058Z ERROR zenoh::net::routing::dispatcher::pubsub: Error treating timestamp for received Data (incoming timestamp from 132fe0f4d76ec14e5c92e886f9ba7ed1 exceeding delta 500ms is rejected: 2026-05-09T05:38:18.986891104Z vs. now: 2026-05-09T05:38:18.279055357Z). Replace timestamp: Some(7637762242459338604/4743181682fc353a9bad4de4c4919cb0)
2026-05-09T05:38:18.281276Z ERROR zenoh::net::routing::dispatcher::pubsub: Error treating timestamp for received Data (incoming timestamp from 132fe0f4d76ec14e5c92e886f9ba7ed1 exceeding delta 500ms is rejected: 2026-05-09T05:38:18.986891105Z vs. now: 2026-05-09T05:38:18.281272881Z). Replace timestamp: Some(7637762242458740026/132fe0f4d76ec14e5c92e886f9ba7ed1)
2026-05-09T05:38:18.281379Z ERROR zenoh::net::routing::dispatcher::pubsub: Error treating timestamp for received Data (incoming timestamp from 132fe0f4d76ec14e5c92e886f9ba7ed1 exceeding delta 500ms is rejected: 2026-05-09T05:38:18.986891105Z vs. now: 2026-05-09T05:38:18.281377811Z). Replace timestamp: Some(7637762242458740028/132fe0f4d76ec14e5c92e886f9ba7ed1)
2026-05-09T05:38:18.281518Z ERROR zenoh::net::routing::dispatcher::pubsub: Error treating timestamp for received Data (incoming timestamp from 132fe0f4d76ec14e5c92e886f9ba7ed1 exceeding delta 500ms is rejected: 2026-05-09T05:38:18.986891105Z vs. now: 2026-05-09T05:38:18.281514783Z). Replace timestamp: Some(7637762242459338605/4743181682fc353a9bad4de4c4919cb0)
2026-05-09T05:38:18.281592Z ERROR zenoh::net::routing::dispatcher::pubsub: Error treating timestamp for received Data (incoming timestamp from 132fe0f4d76ec14e5c92e886f9ba7ed1 exceeding delta 500ms is rejected: 2026-05-09T05:38:18.986891105Z vs. now: 2026-05-09T05:38:18.281589810Z). Replace timestamp: Some(7637762242459338606/4743181682fc353a9bad4de4c4919cb0)
2026-05-09T05:38:18.283892Z ERROR zenoh::net::routing::dispatcher::pubsub: Error treating timestamp for received Data (incoming timestamp from 132fe0f4d76ec14e5c92e886f9ba7ed1 exceeding delta 500ms is rejected: 2026-05-09T05:38:18.986891106Z vs. now: 2026-05-09T05:38:18.283888221Z). Replace timestamp: Some(7637762242458740030/132fe0f4d76ec14e5c92e886f9ba7ed1)
2026-05-09T05:38:18.284003Z ERROR zenoh::net::routing::dispatcher::pubsub: Error treating timestamp for received Data (incoming timestamp from 132fe0f4d76ec14e5c92e886f9ba7ed1 exceeding delta 500ms is rejected: 2026-05-09T05:38:18.986891106Z vs. now: 2026-05-09T05:38:18.284001731Z). Replace timestamp: Some(7637762242458740032/132fe0f4d76ec14e5c92e886f9ba7ed1)
2026-05-09T05:38:18.284142Z ERROR zenoh::net::routing::dispatcher::pubsub: Error treating timestamp for received Data (incoming timestamp from 132fe0f4d76ec14e5c92e886f9ba7ed1 exceeding delta 500ms is rejected: 2026-05-09T05:38:18.986891106Z vs. now: 2026-05-09T05:38:18.284138397Z). Replace timestamp: Some(7637762242459338607/4743181682fc353a9bad4de4c4919cb0)
2026-05-09T05:38:18.284215Z ERROR zenoh::net::routing::dispatcher::pubsub: Error treating timestamp for received Data (incoming timestamp from 132fe0f4d76ec14e5c92e886f9ba7ed1 exceeding delta 500ms is rejected: 2026-05-09T05:38:18.986891106Z vs. now: 2026-05-09T05:38:18.284213610Z). Replace timestamp: Some(7637762242459338608/4743181682fc353a9bad4de4c4919cb0)
2026-05-09T05:38:18.286513Z ERROR zenoh::net::routing::dispatcher::pubsub: Error treating timestamp for received Data (incoming timestamp from 132fe0f4d76ec14e5c92e886f9ba7ed1 exceeding delta 500ms is rejected: 2026-05-09T05:38:18.986891107Z vs. now: 2026-05-09T05:38:18.286510364Z). Replace timestamp: Some(7637762242458740034/132fe0f4d76ec14e5c92e886f9ba7ed1)
2026-05-09T05:38:18.286625Z ERROR zenoh::net::routing::dispatcher::pubsub: Error treating timestamp for received Data (incoming timestamp from 132fe0f4d76ec14e5c92e886f9ba7ed1 exceeding delta 500ms is rejected: 2026-05-09T05:38:18.986891107Z vs. now: 2026-05-09T05:38:18.286624078Z). Replace timestamp: Some(7637762242458740036/132fe0f4d76ec14e5c92e886f9ba7ed1)
2026-05-09T05:38:18.286753Z ERROR zenoh::net::routing::dispatcher::pubsub: Error treating timestamp for received Data (incoming timestamp from 132fe0f4d76ec14e5c92e886f9ba7ed1 exceeding delta 500ms is rejected: 2026-05-09T05:38:18.986891107Z vs. now: 2026-05-09T05:38:18.286726516Z). Replace timestamp: Some(7637762242459338609/4743181682fc353a9bad4de4c4919cb0)
2026-05-09T05:38:18.286825Z ERROR zenoh::net::routing::dispatcher::pubsub: Error treating timestamp for received Data (incoming timestamp from 132fe0f4d76ec14e5c92e886f9ba7ed1 exceeding delta 500ms is rejected: 2026-05-09T05:38:18.986891107Z vs. now: 2026-05-09T05:38:18.286823679Z). Replace timestamp: Some(7637762242459338610/4743181682fc353a9bad4de4c4919cb0)
2026-05-09T05:38:18.287993Z ERROR zenoh::net::routing::dispatcher::pubsub: Error treating timestamp for received Data (incoming timestamp from 132fe0f4d76ec14e5c92e886f9ba7ed1 exceeding delta 500ms is rejected: 2026-05-09T05:38:18.986891107Z vs. now: 2026-05-09T05:38:18.287990947Z). Replace timestamp: Some(7637762242458740038/132fe0f4d76ec14e5c92e886f9ba7ed1)
2026-05-09T05:38:18.288098Z ERROR zenoh::net::routing::dispatcher::pubsub: Error treating timestamp for received Data (incoming timestamp from 132fe0f4d76ec14e5c92e886f9ba7ed1 exceeding delta 500ms is rejected: 2026-05-09T05:38:18.986891108Z vs. now: 2026-05-09T05:38:18.288096842Z). Replace timestamp: Some(7637762242458740040/132fe0f4d76ec14e5c92e886f9ba7ed1)
2026-05-09T05:38:18.288212Z ERROR zenoh::net::routing::dispatcher::pubsub: Error treating timestamp for received Data (incoming timestamp from 132fe0f4d76ec14e5c92e886f9ba7ed1 exceeding delta 500ms is rejected: 2026-05-09T05:38:18.986891108Z vs. now: 2026-05-09T05:38:18.288209126Z). Replace timestamp: Some(7637762242459338611/4743181682fc353a9bad4de4c4919cb0)
2026-05-09T05:38:18.288272Z ERROR zenoh::net::routing::dispatcher::pubsub: Error treating timestamp for received Data (incoming timestamp from 132fe0f4d76ec14e5c92e886f9ba7ed1 exceeding delta 500ms is rejected: 2026-05-09T05:38:18.986891108Z vs. now: 2026-05-09T05:38:18.288271182Z). Replace timestamp: Some(7637762242459338612/4743181682fc353a9bad4de4c4919cb0)
2026-05-09T05:38:18.290632Z ERROR zenoh::net::routing::dispatcher::pubsub: Error treating timestamp for received Data (incoming timestamp from 132fe0f4d76ec14e5c92e886f9ba7ed1 exceeding delta 500ms is rejected: 2026-05-09T05:38:18.986891108Z vs. now: 2026-05-09T05:38:18.290629462Z). Replace timestamp: Some(7637762242458740042/132fe0f4d76ec14e5c92e886f9ba7ed1)
2026-05-09T05:38:18.290772Z ERROR zenoh::net::routing::dispatcher::pubsub: Error treating timestamp for received Data (incoming timestamp from 132fe0f4d76ec14e5c92e886f9ba7ed1 exceeding delta 500ms is rejected: 2026-05-09T05:38:18.986891109Z vs. now: 2026-05-09T05:38:18.290770229Z). Replace timestamp: Some(7637762242458740044/132fe0f4d76ec14e5c92e886f9ba7ed1)
2026-05-09T05:38:18.290838Z ERROR zenoh::net::routing::dispatcher::pubsub: Error treating timestamp for received Data (incoming timestamp from 132fe0f4d76ec14e5c92e886f9ba7ed1 exceeding delta 500ms is rejected: 2026-05-09T05:38:18.986891109Z vs. now: 2026-05-09T05:38:18.290834345Z). Replace timestamp: Some(7637762242459338613/4743181682fc353a9bad4de4c4919cb0)
2026-05-09T05:38:18.290882Z ERROR zenoh::net::routing::dispatcher::pubsub: Error treating timestamp for received Data (incoming timestamp from 132fe0f4d76ec14e5c92e886f9ba7ed1 exceeding delta 500ms is rejected: 2026-05-09T05:38:18.986891109Z vs. now: 2026-05-09T05:38:18.290881146Z). Replace timestamp: Some(7637762242459338614/4743181682fc353a9bad4de4c4919cb0)
2026-05-09T05:38:18.293346Z ERROR zenoh::net::routing::dispatcher::pubsub: Error treating timestamp for received Data (incoming timestamp from 132fe0f4d76ec14e5c92e886f9ba7ed1 exceeding delta 500ms is rejected: 2026-05-09T05:38:18.986891109Z vs. now: 2026-05-09T05:38:18.293343936Z). Replace timestamp: Some(7637762242458740046/132fe0f4d76ec14e5c92e886f9ba7ed1)
2026-05-09T05:38:18.293451Z ERROR zenoh::net::routing::dispatcher::pubsub: Error treating timestamp for received Data (incoming timestamp from 132fe0f4d76ec14e5c92e886f9ba7ed1 exceeding delta 500ms is rejected: 2026-05-09T05:38:18.986891110Z vs. now: 2026-05-09T05:38:18.293449626Z). Replace timestamp: Some(7637762242458740048/132fe0f4d76ec14e5c92e886f9ba7ed1)
2026-05-09T05:38:18.293604Z ERROR zenoh::net::routing::dispatcher::pubsub: Error treating timestamp for received Data (incoming timestamp from 132fe0f4d76ec14e5c92e886f9ba7ed1 exceeding delta 500ms is rejected: 2026-05-09T05:38:18.986891110Z vs. now: 2026-05-09T05:38:18.293600128Z). Replace timestamp: Some(7637762242459338615/4743181682fc353a9bad4de4c4919cb0)
2026-05-09T05:38:18.293679Z ERROR zenoh::net::routing::dispatcher::pubsub: Error treating timestamp for received Data (incoming timestamp from 132fe0f4d76ec14e5c92e886f9ba7ed1 exceeding delta 500ms is rejected: 2026-05-09T05:38:18.986891110Z vs. now: 2026-05-09T05:38:18.293677561Z). Replace timestamp: Some(7637762242459338616/4743181682fc353a9bad4de4c4919cb0)
2026-05-09T05:38:18.295870Z ERROR zenoh::net::routing::dispatcher::pubsub: Error treating timestamp for received Data (incoming timestamp from 132fe0f4d76ec14e5c92e886f9ba7ed1 exceeding delta 500ms is rejected: 2026-05-09T05:38:18.986891110Z vs. now: 2026-05-09T05:38:18.295868118Z). Replace timestamp: Some(7637762242458740050/132fe0f4d76ec14e5c92e886f9ba7ed1)
2026-05-09T05:38:18.295991Z ERROR zenoh::net::routing::dispatcher::pubsub: Error treating timestamp for received Data (incoming timestamp from 132fe0f4d76ec14e5c92e886f9ba7ed1 exceeding delta 500ms is rejected: 2026-05-09T05:38:18.986891111Z vs. now: 2026-05-09T05:38:18.295989760Z). Replace timestamp: Some(7637762242458740052/132fe0f4d76ec14e5c92e886f9ba7ed1)
2026-05-09T05:38:18.296070Z ERROR zenoh::net::routing::dispatcher::pubsub: Error treating timestamp for received Data (incoming timestamp from 132fe0f4d76ec14e5c92e886f9ba7ed1 exceeding delta 500ms is rejected: 2026-05-09T05:38:18.986891110Z vs. now: 2026-05-09T05:38:18.296066769Z). Replace timestamp: Some(7637762242459338617/4743181682fc353a9bad4de4c4919cb0)
2026-05-09T05:38:18.296136Z ERROR zenoh::net::routing::dispatcher::pubsub: Error treating timestamp for received Data (incoming timestamp from 132fe0f4d76ec14e5c92e886f9ba7ed1 exceeding delta 500ms is rejected: 2026-05-09T05:38:18.986891111Z vs. now: 2026-05-09T05:38:18.296135203Z). Replace timestamp: Some(7637762242459338618/4743181682fc353a9bad4de4c4919cb0)
2026-05-09T05:38:18.298422Z ERROR zenoh::net::routing::dispatcher::pubsub: Error treating timestamp for received Data (incoming timestamp from 132fe0f4d76ec14e5c92e886f9ba7ed1 exceeding delta 500ms is rejected: 2026-05-09T05:38:18.986891111Z vs. now: 2026-05-09T05:38:18.298418899Z). Replace timestamp: Some(7637762242458740054/132fe0f4d76ec14e5c92e886f9ba7ed1)
2026-05-09T05:38:18.298528Z ERROR zenoh::net::routing::dispatcher::pubsub: Error treating timestamp for received Data (incoming timestamp from 132fe0f4d76ec14e5c92e886f9ba7ed1 exceeding delta 500ms is rejected: 2026-05-09T05:38:18.986891112Z vs. now: 2026-05-09T05:38:18.298526738Z). Replace timestamp: Some(7637762242458740056/132fe0f4d76ec14e5c92e886f9ba7ed1)
2026-05-09T05:38:18.298645Z ERROR zenoh::net::routing::dispatcher::pubsub: Error treating timestamp for received Data (incoming timestamp from 132fe0f4d76ec14e5c92e886f9ba7ed1 exceeding delta 500ms is rejected: 2026-05-09T05:38:18.986891111Z vs. now: 2026-05-09T05:38:18.298641567Z). Replace timestamp: Some(7637762242459338619/4743181682fc353a9bad4de4c4919cb0)
2026-05-09T05:38:18.298720Z ERROR zenoh::net::routing::dispatcher::pubsub: Error treating timestamp for received Data (incoming timestamp from 132fe0f4d76ec14e5c92e886f9ba7ed1 exceeding delta 500ms is rejected: 2026-05-09T05:38:18.986891112Z vs. now: 2026-05-09T05:38:18.298718103Z). Replace timestamp: Some(7637762242459338620/4743181682fc353a9bad4de4c4919cb0)
2026-05-09T05:38:18.300959Z ERROR zenoh::net::routing::dispatcher::pubsub: Error treating timestamp for received Data (incoming timestamp from 132fe0f4d76ec14e5c92e886f9ba7ed1 exceeding delta 500ms is rejected: 2026-05-09T05:38:18.986891112Z vs. now: 2026-05-09T05:38:18.300955438Z). Replace timestamp: Some(7637762242458740058/132fe0f4d76ec14e5c92e886f9ba7ed1)
2026-05-09T05:38:18.301116Z ERROR zenoh::net::routing::dispatcher::pubsub: Error treating timestamp for received Data (incoming timestamp from 132fe0f4d76ec14e5c92e886f9ba7ed1 exceeding delta 500ms is rejected: 2026-05-09T05:38:18.986891113Z vs. now: 2026-05-09T05:38:18.301113677Z). Replace timestamp: Some(7637762242458740060/132fe0f4d76ec14e5c92e886f9ba7ed1)
2026-05-09T05:38:18.301162Z ERROR zenoh::net::routing::dispatcher::pubsub: Error treating timestamp for received Data (incoming timestamp from 132fe0f4d76ec14e5c92e886f9ba7ed1 exceeding delta 500ms is rejected: 2026-05-09T05:38:18.986891112Z vs. now: 2026-05-09T05:38:18.301159498Z). Replace timestamp: Some(7637762242459338621/4743181682fc353a9bad4de4c4919cb0)
2026-05-09T05:38:18.301319Z ERROR zenoh::net::routing::dispatcher::pubsub: Error treating timestamp for received Data (incoming timestamp from 132fe0f4d76ec14e5c92e886f9ba7ed1 exceeding delta 500ms is rejected: 2026-05-09T05:38:18.986891113Z vs. now: 2026-05-09T05:38:18.301316724Z). Replace timestamp: Some(7637762242459338622/4743181682fc353a9bad4de4c4919cb0)
2026-05-09T05:38:18.303697Z ERROR zenoh::net::routing::dispatcher::pubsub: Error treating timestamp for received Data (incoming timestamp from 132fe0f4d76ec14e5c92e886f9ba7ed1 exceeding delta 500ms is rejected: 2026-05-09T05:38:18.986891113Z vs. now: 2026-05-09T05:38:18.303694226Z). Replace timestamp: Some(7637762242458740062/132fe0f4d76ec14e5c92e886f9ba7ed1)
2026-05-09T05:38:18.303812Z ERROR zenoh::net::routing::dispatcher::pubsub: Error treating timestamp for received Data (incoming timestamp from 132fe0f4d76ec14e5c92e886f9ba7ed1 exceeding delta 500ms is rejected: 2026-05-09T05:38:18.986891113Z vs. now: 2026-05-09T05:38:18.303811126Z). Replace timestamp: Some(7637762242458740064/132fe0f4d76ec14e5c92e886f9ba7ed1)
2026-05-09T05:38:18.303906Z ERROR zenoh::net::routing::dispatcher::pubsub: Error treating timestamp for received Data (incoming timestamp from 132fe0f4d76ec14e5c92e886f9ba7ed1 exceeding delta 500ms is rejected: 2026-05-09T05:38:18.986891113Z vs. now: 2026-05-09T05:38:18.303901691Z). Replace timestamp: Some(7637762242459338623/4743181682fc353a9bad4de4c4919cb0)
2026-05-09T05:38:18.304006Z ERROR zenoh::net::routing::dispatcher::pubsub: Error treating timestamp for received Data (incoming timestamp from 132fe0f4d76ec14e5c92e886f9ba7ed1 exceeding delta 500ms is rejected: 2026-05-09T05:38:18.986891114Z vs. now: 2026-05-09T05:38:18.304004171Z). Replace timestamp: Some(7637762242459338624/4743181682fc353a9bad4de4c4919cb0)
2026-05-09T05:38:18.306405Z ERROR zenoh::net::routing::dispatcher::pubsub: Error treating timestamp for received Data (incoming timestamp from 132fe0f4d76ec14e5c92e886f9ba7ed1 exceeding delta 500ms is rejected: 2026-05-09T05:38:18.986891114Z vs. now: 2026-05-09T05:38:18.306402408Z). Replace timestamp: Some(7637762242458740066/132fe0f4d76ec14e5c92e886f9ba7ed1)
2026-05-09T05:38:18.306511Z ERROR zenoh::net::routing::dispatcher::pubsub: Error treating timestamp for received Data (incoming timestamp from 132fe0f4d76ec14e5c92e886f9ba7ed1 exceeding delta 500ms is rejected: 2026-05-09T05:38:18.986891114Z vs. now: 2026-05-09T05:38:18.306509525Z). Replace timestamp: Some(7637762242458740068/132fe0f4d76ec14e5c92e886f9ba7ed1)
2026-05-09T05:38:18.306673Z ERROR zenoh::net::routing::dispatcher::pubsub: Error treating timestamp for received Data (incoming timestamp from 132fe0f4d76ec14e5c92e886f9ba7ed1 exceeding delta 500ms is rejected: 2026-05-09T05:38:18.986891114Z vs. now: 2026-05-09T05:38:18.306665656Z). Replace timestamp: Some(7637762242459338625/4743181682fc353a9bad4de4c4919cb0)
2026-05-09T05:38:18.306801Z ERROR zenoh::net::routing::dispatcher::pubsub: Error treating timestamp for received Data (incoming timestamp from 132fe0f4d76ec14e5c92e886f9ba7ed1 exceeding delta 500ms is rejected: 2026-05-09T05:38:18.986891115Z vs. now: 2026-05-09T05:38:18.306798380Z). Replace timestamp: Some(7637762242459338626/4743181682fc353a9bad4de4c4919cb0)
2026-05-09T05:38:18.308165Z ERROR zenoh::net::routing::dispatcher::pubsub: Error treating timestamp for received Data (incoming timestamp from 132fe0f4d76ec14e5c92e886f9ba7ed1 exceeding delta 500ms is rejected: 2026-05-09T05:38:18.986891115Z vs. now: 2026-05-09T05:38:18.308162619Z). Replace timestamp: Some(7637762242458740070/132fe0f4d76ec14e5c92e886f9ba7ed1)
2026-05-09T05:38:18.308263Z ERROR zenoh::net::routing::dispatcher::pubsub: Error treating timestamp for received Data (incoming timestamp from 132fe0f4d76ec14e5c92e886f9ba7ed1 exceeding delta 500ms is rejected: 2026-05-09T05:38:18.986891115Z vs. now: 2026-05-09T05:38:18.308261827Z). Replace timestamp: Some(7637762242458740072/132fe0f4d76ec14e5c92e886f9ba7ed1)
2026-05-09T05:38:18.308408Z ERROR zenoh::net::routing::dispatcher::pubsub: Error treating timestamp for received Data (incoming timestamp from 132fe0f4d76ec14e5c92e886f9ba7ed1 exceeding delta 500ms is rejected: 2026-05-09T05:38:18.986891115Z vs. now: 2026-05-09T05:38:18.308401943Z). Replace timestamp: Some(7637762242459338627/4743181682fc353a9bad4de4c4919cb0)
2026-05-09T05:38:18.308532Z ERROR zenoh::net::routing::dispatcher::pubsub: Error treating timestamp for received Data (incoming timestamp from 132fe0f4d76ec14e5c92e886f9ba7ed1 exceeding delta 500ms is rejected: 2026-05-09T05:38:18.986891116Z vs. now: 2026-05-09T05:38:18.308529005Z). Replace timestamp: Some(7637762242459338628/4743181682fc353a9bad4de4c4919cb0)
2026-05-09T05:38:18.310740Z ERROR zenoh::net::routing::dispatcher::pubsub: Error treating timestamp for received Data (incoming timestamp from 132fe0f4d76ec14e5c92e886f9ba7ed1 exceeding delta 500ms is rejected: 2026-05-09T05:38:18.986891116Z vs. now: 2026-05-09T05:38:18.310737227Z). Replace timestamp: Some(7637762242458740074/132fe0f4d76ec14e5c92e886f9ba7ed1)
2026-05-09T05:38:18.310855Z ERROR zenoh::net::routing::dispatcher::pubsub: Error treating timestamp for received Data (incoming timestamp from 132fe0f4d76ec14e5c92e886f9ba7ed1 exceeding delta 500ms is rejected: 2026-05-09T05:38:18.986891116Z vs. now: 2026-05-09T05:38:18.310854160Z). Replace timestamp: Some(7637762242458740076/132fe0f4d76ec14e5c92e886f9ba7ed1)
2026-05-09T05:38:18.310973Z ERROR zenoh::net::routing::dispatcher::pubsub: Error treating timestamp for received Data (incoming timestamp from 132fe0f4d76ec14e5c92e886f9ba7ed1 exceeding delta 500ms is rejected: 2026-05-09T05:38:18.986891116Z vs. now: 2026-05-09T05:38:18.310968839Z). Replace timestamp: Some(7637762242459338629/4743181682fc353a9bad4de4c4919cb0)
2026-05-09T05:38:18.311066Z ERROR zenoh::net::routing::dispatcher::pubsub: Error treating timestamp for received Data (incoming timestamp from 132fe0f4d76ec14e5c92e886f9ba7ed1 exceeding delta 500ms is rejected: 2026-05-09T05:38:18.986891117Z vs. now: 2026-05-09T05:38:18.311064363Z). Replace timestamp: Some(7637762242459338630/4743181682fc353a9bad4de4c4919cb0)
2026-05-09T05:38:18.313322Z ERROR zenoh::net::routing::dispatcher::pubsub: Error treating timestamp for received Data (incoming timestamp from 132fe0f4d76ec14e5c92e886f9ba7ed1 exceeding delta 500ms is rejected: 2026-05-09T05:38:18.986891117Z vs. now: 2026-05-09T05:38:18.313317750Z). Replace timestamp: Some(7637762242458740078/132fe0f4d76ec14e5c92e886f9ba7ed1)
2026-05-09T05:38:18.313517Z ERROR zenoh::net::routing::dispatcher::pubsub: Error treating timestamp for received Data (incoming timestamp from 132fe0f4d76ec14e5c92e886f9ba7ed1 exceeding delta 500ms is rejected: 2026-05-09T05:38:18.986891117Z vs. now: 2026-05-09T05:38:18.313514162Z). Replace timestamp: Some(7637762242458740080/132fe0f4d76ec14e5c92e886f9ba7ed1)
2026-05-09T05:38:18.313642Z ERROR zenoh::net::routing::dispatcher::pubsub: Error treating timestamp for received Data (incoming timestamp from 132fe0f4d76ec14e5c92e886f9ba7ed1 exceeding delta 500ms is rejected: 2026-05-09T05:38:18.986891117Z vs. now: 2026-05-09T05:38:18.313635991Z). Replace timestamp: Some(7637762242459338631/4743181682fc353a9bad4de4c4919cb0)
2026-05-09T05:38:18.313734Z ERROR zenoh::net::routing::dispatcher::pubsub: Error treating timestamp for received Data (incoming timestamp from 132fe0f4d76ec14e5c92e886f9ba7ed1 exceeding delta 500ms is rejected: 2026-05-09T05:38:18.986891117Z vs. now: 2026-05-09T05:38:18.313730605Z). Replace timestamp: Some(7637762242459338632/4743181682fc353a9bad4de4c4919cb0)
2026-05-09T05:38:18.314991Z ERROR zenoh::net::routing::dispatcher::pubsub: Error treating timestamp for received Data (incoming timestamp from 132fe0f4d76ec14e5c92e886f9ba7ed1 exceeding delta 500ms is rejected: 2026-05-09T05:38:18.986891118Z vs. now: 2026-05-09T05:38:18.314986691Z). Replace timestamp: Some(7637762242458740082/132fe0f4d76ec14e5c92e886f9ba7ed1)
2026-05-09T05:38:18.315238Z ERROR zenoh::net::routing::dispatcher::pubsub: Error treating timestamp for received Data (incoming timestamp from 132fe0f4d76ec14e5c92e886f9ba7ed1 exceeding delta 500ms is rejected: 2026-05-09T05:38:18.986891118Z vs. now: 2026-05-09T05:38:18.315233805Z). Replace timestamp: Some(7637762242458740084/132fe0f4d76ec14e5c92e886f9ba7ed1)
2026-05-09T05:38:18.315282Z ERROR zenoh::net::routing::dispatcher::pubsub: Error treating timestamp for received Data (incoming timestamp from 132fe0f4d76ec14e5c92e886f9ba7ed1 exceeding delta 500ms is rejected: 2026-05-09T05:38:18.986891118Z vs. now: 2026-05-09T05:38:18.315278706Z). Replace timestamp: Some(7637762242459338633/4743181682fc353a9bad4de4c4919cb0)
2026-05-09T05:38:18.315504Z ERROR zenoh::net::routing::dispatcher::pubsub: Error treating timestamp for received Data (incoming timestamp from 132fe0f4d76ec14e5c92e886f9ba7ed1 exceeding delta 500ms is rejected: 2026-05-09T05:38:18.986891118Z vs. now: 2026-05-09T05:38:18.315501072Z). Replace timestamp: Some(7637762242459338634/4743181682fc353a9bad4de4c4919cb0)
2026-05-09T05:38:18.316944Z ERROR zenoh::net::routing::dispatcher::pubsub: Error treating timestamp for received Data (incoming timestamp from 132fe0f4d76ec14e5c92e886f9ba7ed1 exceeding delta 500ms is rejected: 2026-05-09T05:38:18.986891119Z vs. now: 2026-05-09T05:38:18.316940520Z). Replace timestamp: Some(7637762242458740086/132fe0f4d76ec14e5c92e886f9ba7ed1)
2026-05-09T05:38:18.317103Z ERROR zenoh::net::routing::dispatcher::pubsub: Error treating timestamp for received Data (incoming timestamp from 132fe0f4d76ec14e5c92e886f9ba7ed1 exceeding delta 500ms is rejected: 2026-05-09T05:38:18.986891119Z vs. now: 2026-05-09T05:38:18.317101405Z). Replace timestamp: Some(7637762242458740088/132fe0f4d76ec14e5c92e886f9ba7ed1)
2026-05-09T05:38:18.317151Z ERROR zenoh::net::routing::dispatcher::pubsub: Error treating timestamp for received Data (incoming timestamp from 132fe0f4d76ec14e5c92e886f9ba7ed1 exceeding delta 500ms is rejected: 2026-05-09T05:38:18.986891119Z vs. now: 2026-05-09T05:38:18.317147479Z). Replace timestamp: Some(7637762242459338635/4743181682fc353a9bad4de4c4919cb0)
2026-05-09T05:38:18.317298Z ERROR zenoh::net::routing::dispatcher::pubsub: Error treating timestamp for received Data (incoming timestamp from 132fe0f4d76ec14e5c92e886f9ba7ed1 exceeding delta 500ms is rejected: 2026-05-09T05:38:18.986891119Z vs. now: 2026-05-09T05:38:18.317295813Z). Replace timestamp: Some(7637762242459338636/4743181682fc353a9bad4de4c4919cb0)
2026-05-09T05:38:18.319468Z ERROR zenoh::net::routing::dispatcher::pubsub: Error treating timestamp for received Data (incoming timestamp from 132fe0f4d76ec14e5c92e886f9ba7ed1 exceeding delta 500ms is rejected: 2026-05-09T05:38:18.986891120Z vs. now: 2026-05-09T05:38:18.319465306Z). Replace timestamp: Some(7637762242458740090/132fe0f4d76ec14e5c92e886f9ba7ed1)
2026-05-09T05:38:18.319581Z ERROR zenoh::net::routing::dispatcher::pubsub: Error treating timestamp for received Data (incoming timestamp from 132fe0f4d76ec14e5c92e886f9ba7ed1 exceeding delta 500ms is rejected: 2026-05-09T05:38:18.986891120Z vs. now: 2026-05-09T05:38:18.319579926Z). Replace timestamp: Some(7637762242458740092/132fe0f4d76ec14e5c92e886f9ba7ed1)
2026-05-09T05:38:18.319665Z ERROR zenoh::net::routing::dispatcher::pubsub: Error treating timestamp for received Data (incoming timestamp from 132fe0f4d76ec14e5c92e886f9ba7ed1 exceeding delta 500ms is rejected: 2026-05-09T05:38:18.986891120Z vs. now: 2026-05-09T05:38:18.319661271Z). Replace timestamp: Some(7637762242459338637/4743181682fc353a9bad4de4c4919cb0)
2026-05-09T05:38:18.319749Z ERROR zenoh::net::routing::dispatcher::pubsub: Error treating timestamp for received Data (incoming timestamp from 132fe0f4d76ec14e5c92e886f9ba7ed1 exceeding delta 500ms is rejected: 2026-05-09T05:38:18.986891120Z vs. now: 2026-05-09T05:38:18.319747549Z). Replace timestamp: Some(7637762242459338638/4743181682fc353a9bad4de4c4919cb0)
2026-05-09T05:38:18.321080Z ERROR zenoh::net::routing::dispatcher::pubsub: Error treating timestamp for received Data (incoming timestamp from 132fe0f4d76ec14e5c92e886f9ba7ed1 exceeding delta 500ms is rejected: 2026-05-09T05:38:18.986891120Z vs. now: 2026-05-09T05:38:18.321077049Z). Replace timestamp: Some(7637762242458740094/132fe0f4d76ec14e5c92e886f9ba7ed1)
2026-05-09T05:38:18.321191Z ERROR zenoh::net::routing::dispatcher::pubsub: Error treating timestamp for received Data (incoming timestamp from 132fe0f4d76ec14e5c92e886f9ba7ed1 exceeding delta 500ms is rejected: 2026-05-09T05:38:18.986891121Z vs. now: 2026-05-09T05:38:18.321189847Z). Replace timestamp: Some(7637762242458740096/132fe0f4d76ec14e5c92e886f9ba7ed1)
2026-05-09T05:38:18.321282Z ERROR zenoh::net::routing::dispatcher::pubsub: Error treating timestamp for received Data (incoming timestamp from 132fe0f4d76ec14e5c92e886f9ba7ed1 exceeding delta 500ms is rejected: 2026-05-09T05:38:18.986891121Z vs. now: 2026-05-09T05:38:18.321277719Z). Replace timestamp: Some(7637762242459338639/4743181682fc353a9bad4de4c4919cb0)
2026-05-09T05:38:18.321333Z ERROR zenoh::net::routing::dispatcher::pubsub: Error treating timestamp for received Data (incoming timestamp from 132fe0f4d76ec14e5c92e886f9ba7ed1 exceeding delta 500ms is rejected: 2026-05-09T05:38:18.986891121Z vs. now: 2026-05-09T05:38:18.321331453Z). Replace timestamp: Some(7637762242459338640/4743181682fc353a9bad4de4c4919cb0)
2026-05-09T05:38:18.323661Z ERROR zenoh::net::routing::dispatcher::pubsub: Error treating timestamp for received Data (incoming timestamp from 132fe0f4d76ec14e5c92e886f9ba7ed1 exceeding delta 500ms is rejected: 2026-05-09T05:38:18.986891121Z vs. now: 2026-05-09T05:38:18.323655710Z). Replace timestamp: Some(7637762242458740098/132fe0f4d76ec14e5c92e886f9ba7ed1)
2026-05-09T05:38:18.323916Z ERROR zenoh::net::routing::dispatcher::pubsub: Error treating timestamp for received Data (incoming timestamp from 132fe0f4d76ec14e5c92e886f9ba7ed1 exceeding delta 500ms is rejected: 2026-05-09T05:38:18.986891122Z vs. now: 2026-05-09T05:38:18.323913325Z). Replace timestamp: Some(7637762242458740100/132fe0f4d76ec14e5c92e886f9ba7ed1)
2026-05-09T05:38:18.323946Z ERROR zenoh::net::routing::dispatcher::pubsub: Error treating timestamp for received Data (incoming timestamp from 132fe0f4d76ec14e5c92e886f9ba7ed1 exceeding delta 500ms is rejected: 2026-05-09T05:38:18.986891122Z vs. now: 2026-05-09T05:38:18.323942084Z). Replace timestamp: Some(7637762242459338641/4743181682fc353a9bad4de4c4919cb0)
2026-05-09T05:38:18.324156Z ERROR zenoh::net::routing::dispatcher::pubsub: Error treating timestamp for received Data (incoming timestamp from 132fe0f4d76ec14e5c92e886f9ba7ed1 exceeding delta 500ms is rejected: 2026-05-09T05:38:18.986891122Z vs. now: 2026-05-09T05:38:18.324153979Z). Replace timestamp: Some(7637762242459338642/4743181682fc353a9bad4de4c4919cb0)
2026-05-09T05:38:18.326346Z ERROR zenoh::net::routing::dispatcher::pubsub: Error treating timestamp for received Data (incoming timestamp from 132fe0f4d76ec14e5c92e886f9ba7ed1 exceeding delta 500ms is rejected: 2026-05-09T05:38:18.986891122Z vs. now: 2026-05-09T05:38:18.326343649Z). Replace timestamp: Some(7637762242458740102/132fe0f4d76ec14e5c92e886f9ba7ed1)
2026-05-09T05:38:18.326469Z ERROR zenoh::net::routing::dispatcher::pubsub: Error treating timestamp for received Data (incoming timestamp from 132fe0f4d76ec14e5c92e886f9ba7ed1 exceeding delta 500ms is rejected: 2026-05-09T05:38:18.986891123Z vs. now: 2026-05-09T05:38:18.326467976Z). Replace timestamp: Some(7637762242458740104/132fe0f4d76ec14e5c92e886f9ba7ed1)
2026-05-09T05:38:18.326585Z ERROR zenoh::net::routing::dispatcher::pubsub: Error treating timestamp for received Data (incoming timestamp from 132fe0f4d76ec14e5c92e886f9ba7ed1 exceeding delta 500ms is rejected: 2026-05-09T05:38:18.986891123Z vs. now: 2026-05-09T05:38:18.326581467Z). Replace timestamp: Some(7637762242459338643/4743181682fc353a9bad4de4c4919cb0)
2026-05-09T05:38:18.326652Z ERROR zenoh::net::routing::dispatcher::pubsub: Error treating timestamp for received Data (incoming timestamp from 132fe0f4d76ec14e5c92e886f9ba7ed1 exceeding delta 500ms is rejected: 2026-05-09T05:38:18.986891123Z vs. now: 2026-05-09T05:38:18.326650765Z). Replace timestamp: Some(7637762242459338644/4743181682fc353a9bad4de4c4919cb0)
2026-05-09T05:38:18.328851Z ERROR zenoh::net::routing::dispatcher::pubsub: Error treating timestamp for received Data (incoming timestamp from 132fe0f4d76ec14e5c92e886f9ba7ed1 exceeding delta 500ms is rejected: 2026-05-09T05:38:18.986891123Z vs. now: 2026-05-09T05:38:18.328847599Z). Replace timestamp: Some(7637762242458740106/132fe0f4d76ec14e5c92e886f9ba7ed1)
2026-05-09T05:38:18.329004Z ERROR zenoh::net::routing::dispatcher::pubsub: Error treating timestamp for received Data (incoming timestamp from 132fe0f4d76ec14e5c92e886f9ba7ed1 exceeding delta 500ms is rejected: 2026-05-09T05:38:18.986891124Z vs. now: 2026-05-09T05:38:18.329001438Z). Replace timestamp: Some(7637762242458740108/132fe0f4d76ec14e5c92e886f9ba7ed1)
2026-05-09T05:38:18.329139Z ERROR zenoh::net::routing::dispatcher::pubsub: Error treating timestamp for received Data (incoming timestamp from 132fe0f4d76ec14e5c92e886f9ba7ed1 exceeding delta 500ms is rejected: 2026-05-09T05:38:18.986891124Z vs. now: 2026-05-09T05:38:18.329134930Z). Replace timestamp: Some(7637762242459338645/4743181682fc353a9bad4de4c4919cb0)
2026-05-09T05:38:18.329209Z ERROR zenoh::net::routing::dispatcher::pubsub: Error treating timestamp for received Data (incoming timestamp from 132fe0f4d76ec14e5c92e886f9ba7ed1 exceeding delta 500ms is rejected: 2026-05-09T05:38:18.986891124Z vs. now: 2026-05-09T05:38:18.329207209Z). Replace timestamp: Some(7637762242459338646/4743181682fc353a9bad4de4c4919cb0)
2026-05-09T05:38:18.331585Z ERROR zenoh::net::routing::dispatcher::pubsub: Error treating timestamp for received Data (incoming timestamp from 132fe0f4d76ec14e5c92e886f9ba7ed1 exceeding delta 500ms is rejected: 2026-05-09T05:38:18.986891124Z vs. now: 2026-05-09T05:38:18.331582822Z). Replace timestamp: Some(7637762242458740110/132fe0f4d76ec14e5c92e886f9ba7ed1)
2026-05-09T05:38:18.331697Z ERROR zenoh::net::routing::dispatcher::pubsub: Error treating timestamp for received Data (incoming timestamp from 132fe0f4d76ec14e5c92e886f9ba7ed1 exceeding delta 500ms is rejected: 2026-05-09T05:38:18.986891125Z vs. now: 2026-05-09T05:38:18.331695941Z). Replace timestamp: Some(7637762242458740112/132fe0f4d76ec14e5c92e886f9ba7ed1)
2026-05-09T05:38:18.331814Z ERROR zenoh::net::routing::dispatcher::pubsub: Error treating timestamp for received Data (incoming timestamp from 132fe0f4d76ec14e5c92e886f9ba7ed1 exceeding delta 500ms is rejected: 2026-05-09T05:38:18.986891124Z vs. now: 2026-05-09T05:38:18.331810169Z). Replace timestamp: Some(7637762242459338647/4743181682fc353a9bad4de4c4919cb0)
2026-05-09T05:38:18.331863Z ERROR zenoh::net::routing::dispatcher::pubsub: Error treating timestamp for received Data (incoming timestamp from 132fe0f4d76ec14e5c92e886f9ba7ed1 exceeding delta 500ms is rejected: 2026-05-09T05:38:18.986891125Z vs. now: 2026-05-09T05:38:18.331861258Z). Replace timestamp: Some(7637762242459338648/4743181682fc353a9bad4de4c4919cb0)
2026-05-09T05:38:18.334037Z ERROR zenoh::net::routing::dispatcher::pubsub: Error treating timestamp for received Data (incoming timestamp from 132fe0f4d76ec14e5c92e886f9ba7ed1 exceeding delta 500ms is rejected: 2026-05-09T05:38:18.986891125Z vs. now: 2026-05-09T05:38:18.334032987Z). Replace timestamp: Some(7637762242458740114/132fe0f4d76ec14e5c92e886f9ba7ed1)
2026-05-09T05:38:18.334164Z ERROR zenoh::net::routing::dispatcher::pubsub: Error treating timestamp for received Data (incoming timestamp from 132fe0f4d76ec14e5c92e886f9ba7ed1 exceeding delta 500ms is rejected: 2026-05-09T05:38:18.986891126Z vs. now: 2026-05-09T05:38:18.334162646Z). Replace timestamp: Some(7637762242458740116/132fe0f4d76ec14e5c92e886f9ba7ed1)
2026-05-09T05:38:18.334279Z ERROR zenoh::net::routing::dispatcher::pubsub: Error treating timestamp for received Data (incoming timestamp from 132fe0f4d76ec14e5c92e886f9ba7ed1 exceeding delta 500ms is rejected: 2026-05-09T05:38:18.986891125Z vs. now: 2026-05-09T05:38:18.334275749Z). Replace timestamp: Some(7637762242459338649/4743181682fc353a9bad4de4c4919cb0)
2026-05-09T05:38:18.334348Z ERROR zenoh::net::routing::dispatcher::pubsub: Error treating timestamp for received Data (incoming timestamp from 132fe0f4d76ec14e5c92e886f9ba7ed1 exceeding delta 500ms is rejected: 2026-05-09T05:38:18.986891126Z vs. now: 2026-05-09T05:38:18.334346436Z). Replace timestamp: Some(7637762242459338650/4743181682fc353a9bad4de4c4919cb0)
2026-05-09T05:38:18.336567Z ERROR zenoh::net::routing::dispatcher::pubsub: Error treating timestamp for received Data (incoming timestamp from 132fe0f4d76ec14e5c92e886f9ba7ed1 exceeding delta 500ms is rejected: 2026-05-09T05:38:18.986891126Z vs. now: 2026-05-09T05:38:18.336564858Z). Replace timestamp: Some(7637762242458740118/132fe0f4d76ec14e5c92e886f9ba7ed1)
2026-05-09T05:38:18.336670Z ERROR zenoh::net::routing::dispatcher::pubsub: Error treating timestamp for received Data (incoming timestamp from 132fe0f4d76ec14e5c92e886f9ba7ed1 exceeding delta 500ms is rejected: 2026-05-09T05:38:18.986891127Z vs. now: 2026-05-09T05:38:18.336668812Z). Replace timestamp: Some(7637762242458740120/132fe0f4d76ec14e5c92e886f9ba7ed1)
2026-05-09T05:38:18.336785Z ERROR zenoh::net::routing::dispatcher::pubsub: Error treating timestamp for received Data (incoming timestamp from 132fe0f4d76ec14e5c92e886f9ba7ed1 exceeding delta 500ms is rejected: 2026-05-09T05:38:18.986891126Z vs. now: 2026-05-09T05:38:18.336781908Z). Replace timestamp: Some(7637762242459338651/4743181682fc353a9bad4de4c4919cb0)
2026-05-09T05:38:18.336856Z ERROR zenoh::net::routing::dispatcher::pubsub: Error treating timestamp for received Data (incoming timestamp from 132fe0f4d76ec14e5c92e886f9ba7ed1 exceeding delta 500ms is rejected: 2026-05-09T05:38:18.986891127Z vs. now: 2026-05-09T05:38:18.336854406Z). Replace timestamp: Some(7637762242459338652/4743181682fc353a9bad4de4c4919cb0)
2026-05-09T05:38:18.338100Z ERROR zenoh::net::routing::dispatcher::pubsub: Error treating timestamp for received Data (incoming timestamp from 132fe0f4d76ec14e5c92e886f9ba7ed1 exceeding delta 500ms is rejected: 2026-05-09T05:38:18.986891127Z vs. now: 2026-05-09T05:38:18.338097808Z). Replace timestamp: Some(7637762242458740122/132fe0f4d76ec14e5c92e886f9ba7ed1)
2026-05-09T05:38:18.338206Z ERROR zenoh::net::routing::dispatcher::pubsub: Error treating timestamp for received Data (incoming timestamp from 132fe0f4d76ec14e5c92e886f9ba7ed1 exceeding delta 500ms is rejected: 2026-05-09T05:38:18.986891127Z vs. now: 2026-05-09T05:38:18.338204619Z). Replace timestamp: Some(7637762242458740124/132fe0f4d76ec14e5c92e886f9ba7ed1)
2026-05-09T05:38:18.338301Z ERROR zenoh::net::routing::dispatcher::pubsub: Error treating timestamp for received Data (incoming timestamp from 132fe0f4d76ec14e5c92e886f9ba7ed1 exceeding delta 500ms is rejected: 2026-05-09T05:38:18.986891127Z vs. now: 2026-05-09T05:38:18.338298008Z). Replace timestamp: Some(7637762242459338653/4743181682fc353a9bad4de4c4919cb0)
2026-05-09T05:38:18.338365Z ERROR zenoh::net::routing::dispatcher::pubsub: Error treating timestamp for received Data (incoming timestamp from 132fe0f4d76ec14e5c92e886f9ba7ed1 exceeding delta 500ms is rejected: 2026-05-09T05:38:18.986891128Z vs. now: 2026-05-09T05:38:18.338363778Z). Replace timestamp: Some(7637762242459338654/4743181682fc353a9bad4de4c4919cb0)
2026-05-09T05:38:18.340579Z ERROR zenoh::net::routing::dispatcher::pubsub: Error treating timestamp for received Data (incoming timestamp from 132fe0f4d76ec14e5c92e886f9ba7ed1 exceeding delta 500ms is rejected: 2026-05-09T05:38:18.986891128Z vs. now: 2026-05-09T05:38:18.340576746Z). Replace timestamp: Some(7637762242458740126/132fe0f4d76ec14e5c92e886f9ba7ed1)
2026-05-09T05:38:18.340680Z ERROR zenoh::net::routing::dispatcher::pubsub: Error treating timestamp for received Data (incoming timestamp from 132fe0f4d76ec14e5c92e886f9ba7ed1 exceeding delta 500ms is rejected: 2026-05-09T05:38:18.986891128Z vs. now: 2026-05-09T05:38:18.340679084Z). Replace timestamp: Some(7637762242458740128/132fe0f4d76ec14e5c92e886f9ba7ed1)
2026-05-09T05:38:18.340791Z ERROR zenoh::net::routing::dispatcher::pubsub: Error treating timestamp for received Data (incoming timestamp from 132fe0f4d76ec14e5c92e886f9ba7ed1 exceeding delta 500ms is rejected: 2026-05-09T05:38:18.986891128Z vs. now: 2026-05-09T05:38:18.340786823Z). Replace timestamp: Some(7637762242459338655/4743181682fc353a9bad4de4c4919cb0)
2026-05-09T05:38:18.340865Z ERROR zenoh::net::routing::dispatcher::pubsub: Error treating timestamp for received Data (incoming timestamp from 132fe0f4d76ec14e5c92e886f9ba7ed1 exceeding delta 500ms is rejected: 2026-05-09T05:38:18.986891129Z vs. now: 2026-05-09T05:38:18.340863299Z). Replace timestamp: Some(7637762242459338656/4743181682fc353a9bad4de4c4919cb0)
2026-05-09T05:38:18.342217Z ERROR zenoh::net::routing::dispatcher::pubsub: Error treating timestamp for received Data (incoming timestamp from 132fe0f4d76ec14e5c92e886f9ba7ed1 exceeding delta 500ms is rejected: 2026-05-09T05:38:18.986891129Z vs. now: 2026-05-09T05:38:18.342215091Z). Replace timestamp: Some(7637762242458740130/132fe0f4d76ec14e5c92e886f9ba7ed1)
2026-05-09T05:38:18.342318Z ERROR zenoh::net::routing::dispatcher::pubsub: Error treating timestamp for received Data (incoming timestamp from 132fe0f4d76ec14e5c92e886f9ba7ed1 exceeding delta 500ms is rejected: 2026-05-09T05:38:18.986891129Z vs. now: 2026-05-09T05:38:18.342316401Z). Replace timestamp: Some(7637762242458740132/132fe0f4d76ec14e5c92e886f9ba7ed1)
2026-05-09T05:38:18.342491Z ERROR zenoh::net::routing::dispatcher::pubsub: Error treating timestamp for received Data (incoming timestamp from 132fe0f4d76ec14e5c92e886f9ba7ed1 exceeding delta 500ms is rejected: 2026-05-09T05:38:18.986891129Z vs. now: 2026-05-09T05:38:18.342484925Z). Replace timestamp: Some(7637762242459338657/4743181682fc353a9bad4de4c4919cb0)
2026-05-09T05:38:18.342615Z ERROR zenoh::net::routing::dispatcher::pubsub: Error treating timestamp for received Data (incoming timestamp from 132fe0f4d76ec14e5c92e886f9ba7ed1 exceeding delta 500ms is rejected: 2026-05-09T05:38:18.986891130Z vs. now: 2026-05-09T05:38:18.342610859Z). Replace timestamp: Some(7637762242459338658/4743181682fc353a9bad4de4c4919cb0)
2026-05-09T05:38:18.344729Z ERROR zenoh::net::routing::dispatcher::pubsub: Error treating timestamp for received Data (incoming timestamp from 132fe0f4d76ec14e5c92e886f9ba7ed1 exceeding delta 500ms is rejected: 2026-05-09T05:38:18.986891130Z vs. now: 2026-05-09T05:38:18.344727446Z). Replace timestamp: Some(7637762242458740134/132fe0f4d76ec14e5c92e886f9ba7ed1)
2026-05-09T05:38:18.344824Z ERROR zenoh::net::routing::dispatcher::pubsub: Error treating timestamp for received Data (incoming timestamp from 132fe0f4d76ec14e5c92e886f9ba7ed1 exceeding delta 500ms is rejected: 2026-05-09T05:38:18.986891130Z vs. now: 2026-05-09T05:38:18.344822467Z). Replace timestamp: Some(7637762242458740136/132fe0f4d76ec14e5c92e886f9ba7ed1)
2026-05-09T05:38:18.344953Z ERROR zenoh::net::routing::dispatcher::pubsub: Error treating timestamp for received Data (incoming timestamp from 132fe0f4d76ec14e5c92e886f9ba7ed1 exceeding delta 500ms is rejected: 2026-05-09T05:38:18.986891130Z vs. now: 2026-05-09T05:38:18.344948974Z). Replace timestamp: Some(7637762242459338659/4743181682fc353a9bad4de4c4919cb0)
2026-05-09T05:38:18.345034Z ERROR zenoh::net::routing::dispatcher::pubsub: Error treating timestamp for received Data (incoming timestamp from 132fe0f4d76ec14e5c92e886f9ba7ed1 exceeding delta 500ms is rejected: 2026-05-09T05:38:18.986891130Z vs. now: 2026-05-09T05:38:18.345032137Z). Replace timestamp: Some(7637762242459338660/4743181682fc353a9bad4de4c4919cb0)
2026-05-09T05:38:18.347159Z ERROR zenoh::net::routing::dispatcher::pubsub: Error treating timestamp for received Data (incoming timestamp from 132fe0f4d76ec14e5c92e886f9ba7ed1 exceeding delta 500ms is rejected: 2026-05-09T05:38:18.986891131Z vs. now: 2026-05-09T05:38:18.347156540Z). Replace timestamp: Some(7637762242458740138/132fe0f4d76ec14e5c92e886f9ba7ed1)
2026-05-09T05:38:18.347296Z ERROR zenoh::net::routing::dispatcher::pubsub: Error treating timestamp for received Data (incoming timestamp from 132fe0f4d76ec14e5c92e886f9ba7ed1 exceeding delta 500ms is rejected: 2026-05-09T05:38:18.986891131Z vs. now: 2026-05-09T05:38:18.347294972Z). Replace timestamp: Some(7637762242458740140/132fe0f4d76ec14e5c92e886f9ba7ed1)
2026-05-09T05:38:18.347413Z ERROR zenoh::net::routing::dispatcher::pubsub: Error treating timestamp for received Data (incoming timestamp from 132fe0f4d76ec14e5c92e886f9ba7ed1 exceeding delta 500ms is rejected: 2026-05-09T05:38:18.986891131Z vs. now: 2026-05-09T05:38:18.347409610Z). Replace timestamp: Some(7637762242459338661/4743181682fc353a9bad4de4c4919cb0)
2026-05-09T05:38:18.347497Z ERROR zenoh::net::routing::dispatcher::pubsub: Error treating timestamp for received Data (incoming timestamp from 132fe0f4d76ec14e5c92e886f9ba7ed1 exceeding delta 500ms is rejected: 2026-05-09T05:38:18.986891131Z vs. now: 2026-05-09T05:38:18.347496085Z). Replace timestamp: Some(7637762242459338662/4743181682fc353a9bad4de4c4919cb0)
2026-05-09T05:38:18.349781Z ERROR zenoh::net::routing::dispatcher::pubsub: Error treating timestamp for received Data (incoming timestamp from 132fe0f4d76ec14e5c92e886f9ba7ed1 exceeding delta 500ms is rejected: 2026-05-09T05:38:18.986891132Z vs. now: 2026-05-09T05:38:18.349774130Z). Replace timestamp: Some(7637762242458740142/132fe0f4d76ec14e5c92e886f9ba7ed1)
2026-05-09T05:38:18.350014Z ERROR zenoh::net::routing::dispatcher::pubsub: Error treating timestamp for received Data (incoming timestamp from 132fe0f4d76ec14e5c92e886f9ba7ed1 exceeding delta 500ms is rejected: 2026-05-09T05:38:18.986891132Z vs. now: 2026-05-09T05:38:18.350009416Z). Replace timestamp: Some(7637762242459338663/4743181682fc353a9bad4de4c4919cb0)
2026-05-09T05:38:18.350062Z ERROR zenoh::net::routing::dispatcher::pubsub: Error treating timestamp for received Data (incoming timestamp from 132fe0f4d76ec14e5c92e886f9ba7ed1 exceeding delta 500ms is rejected: 2026-05-09T05:38:18.986891132Z vs. now: 2026-05-09T05:38:18.350057435Z). Replace timestamp: Some(7637762242458740144/132fe0f4d76ec14e5c92e886f9ba7ed1)
2026-05-09T05:38:18.350270Z ERROR zenoh::net::routing::dispatcher::pubsub: Error treating timestamp for received Data (incoming timestamp from 132fe0f4d76ec14e5c92e886f9ba7ed1 exceeding delta 500ms is rejected: 2026-05-09T05:38:18.986891132Z vs. now: 2026-05-09T05:38:18.350266606Z). Replace timestamp: Some(7637762242459338664/4743181682fc353a9bad4de4c4919cb0)
2026-05-09T05:38:18.352642Z ERROR zenoh::net::routing::dispatcher::pubsub: Error treating timestamp for received Data (incoming timestamp from 132fe0f4d76ec14e5c92e886f9ba7ed1 exceeding delta 500ms is rejected: 2026-05-09T05:38:18.986891133Z vs. now: 2026-05-09T05:38:18.352639299Z). Replace timestamp: Some(7637762242458740146/132fe0f4d76ec14e5c92e886f9ba7ed1)
2026-05-09T05:38:18.352830Z ERROR zenoh::net::routing::dispatcher::pubsub: Error treating timestamp for received Data (incoming timestamp from 132fe0f4d76ec14e5c92e886f9ba7ed1 exceeding delta 500ms is rejected: 2026-05-09T05:38:18.986891133Z vs. now: 2026-05-09T05:38:18.352826849Z). Replace timestamp: Some(7637762242459338665/4743181682fc353a9bad4de4c4919cb0)
2026-05-09T05:38:18.352949Z ERROR zenoh::net::routing::dispatcher::pubsub: Error treating timestamp for received Data (incoming timestamp from 132fe0f4d76ec14e5c92e886f9ba7ed1 exceeding delta 500ms is rejected: 2026-05-09T05:38:18.986891133Z vs. now: 2026-05-09T05:38:18.352946867Z). Replace timestamp: Some(7637762242458740148/132fe0f4d76ec14e5c92e886f9ba7ed1)
2026-05-09T05:38:18.353156Z ERROR zenoh::net::routing::dispatcher::pubsub: Error treating timestamp for received Data (incoming timestamp from 132fe0f4d76ec14e5c92e886f9ba7ed1 exceeding delta 500ms is rejected: 2026-05-09T05:38:18.986891133Z vs. now: 2026-05-09T05:38:18.353153654Z). Replace timestamp: Some(7637762242459338666/4743181682fc353a9bad4de4c4919cb0)
2026-05-09T05:38:18.355534Z ERROR zenoh::net::routing::dispatcher::pubsub: Error treating timestamp for received Data (incoming timestamp from 132fe0f4d76ec14e5c92e886f9ba7ed1 exceeding delta 500ms is rejected: 2026-05-09T05:38:18.986891134Z vs. now: 2026-05-09T05:38:18.355530832Z). Replace timestamp: Some(7637762242458740150/132fe0f4d76ec14e5c92e886f9ba7ed1)
2026-05-09T05:38:18.355663Z ERROR zenoh::net::routing::dispatcher::pubsub: Error treating timestamp for received Data (incoming timestamp from 132fe0f4d76ec14e5c92e886f9ba7ed1 exceeding delta 500ms is rejected: 2026-05-09T05:38:18.986891134Z vs. now: 2026-05-09T05:38:18.355660912Z). Replace timestamp: Some(7637762242458740152/132fe0f4d76ec14e5c92e886f9ba7ed1)
2026-05-09T05:38:18.355739Z ERROR zenoh::net::routing::dispatcher::pubsub: Error treating timestamp for received Data (incoming timestamp from 132fe0f4d76ec14e5c92e886f9ba7ed1 exceeding delta 500ms is rejected: 2026-05-09T05:38:18.986891134Z vs. now: 2026-05-09T05:38:18.355735571Z). Replace timestamp: Some(7637762242459338667/4743181682fc353a9bad4de4c4919cb0)
2026-05-09T05:38:18.355789Z ERROR zenoh::net::routing::dispatcher::pubsub: Error treating timestamp for received Data (incoming timestamp from 132fe0f4d76ec14e5c92e886f9ba7ed1 exceeding delta 500ms is rejected: 2026-05-09T05:38:18.986891134Z vs. now: 2026-05-09T05:38:18.355787926Z). Replace timestamp: Some(7637762242459338668/4743181682fc353a9bad4de4c4919cb0)
2026-05-09T05:38:18.357087Z ERROR zenoh::net::routing::dispatcher::pubsub: Error treating timestamp for received Data (incoming timestamp from 132fe0f4d76ec14e5c92e886f9ba7ed1 exceeding delta 500ms is rejected: 2026-05-09T05:38:18.986891134Z vs. now: 2026-05-09T05:38:18.357084323Z). Replace timestamp: Some(7637762242458740154/132fe0f4d76ec14e5c92e886f9ba7ed1)
2026-05-09T05:38:18.357196Z ERROR zenoh::net::routing::dispatcher::pubsub: Error treating timestamp for received Data (incoming timestamp from 132fe0f4d76ec14e5c92e886f9ba7ed1 exceeding delta 500ms is rejected: 2026-05-09T05:38:18.986891135Z vs. now: 2026-05-09T05:38:18.357195322Z). Replace timestamp: Some(7637762242458740156/132fe0f4d76ec14e5c92e886f9ba7ed1)
2026-05-09T05:38:18.357328Z ERROR zenoh::net::routing::dispatcher::pubsub: Error treating timestamp for received Data (incoming timestamp from 132fe0f4d76ec14e5c92e886f9ba7ed1 exceeding delta 500ms is rejected: 2026-05-09T05:38:18.986891135Z vs. now: 2026-05-09T05:38:18.357323941Z). Replace timestamp: Some(7637762242459338669/4743181682fc353a9bad4de4c4919cb0)
2026-05-09T05:38:18.357386Z ERROR zenoh::net::routing::dispatcher::pubsub: Error treating timestamp for received Data (incoming timestamp from 132fe0f4d76ec14e5c92e886f9ba7ed1 exceeding delta 500ms is rejected: 2026-05-09T05:38:18.986891135Z vs. now: 2026-05-09T05:38:18.357384753Z). Replace timestamp: Some(7637762242459338670/4743181682fc353a9bad4de4c4919cb0)
2026-05-09T05:38:18.359746Z ERROR zenoh::net::routing::dispatcher::pubsub: Error treating timestamp for received Data (incoming timestamp from 132fe0f4d76ec14e5c92e886f9ba7ed1 exceeding delta 500ms is rejected: 2026-05-09T05:38:18.986891135Z vs. now: 2026-05-09T05:38:18.359742396Z). Replace timestamp: Some(7637762242458740158/132fe0f4d76ec14e5c92e886f9ba7ed1)
2026-05-09T05:38:18.359850Z ERROR zenoh::net::routing::dispatcher::pubsub: Error treating timestamp for received Data (incoming timestamp from 132fe0f4d76ec14e5c92e886f9ba7ed1 exceeding delta 500ms is rejected: 2026-05-09T05:38:18.986891136Z vs. now: 2026-05-09T05:38:18.359848548Z). Replace timestamp: Some(7637762242458740160/132fe0f4d76ec14e5c92e886f9ba7ed1)
2026-05-09T05:38:18.359944Z ERROR zenoh::net::routing::dispatcher::pubsub: Error treating timestamp for received Data (incoming timestamp from 132fe0f4d76ec14e5c92e886f9ba7ed1 exceeding delta 500ms is rejected: 2026-05-09T05:38:18.986891136Z vs. now: 2026-05-09T05:38:18.359940034Z). Replace timestamp: Some(7637762242459338671/4743181682fc353a9bad4de4c4919cb0)
2026-05-09T05:38:18.359996Z ERROR zenoh::net::routing::dispatcher::pubsub: Error treating timestamp for received Data (incoming timestamp from 132fe0f4d76ec14e5c92e886f9ba7ed1 exceeding delta 500ms is rejected: 2026-05-09T05:38:18.986891136Z vs. now: 2026-05-09T05:38:18.359994222Z). Replace timestamp: Some(7637762242459338672/4743181682fc353a9bad4de4c4919cb0)
2026-05-09T05:38:18.362302Z ERROR zenoh::net::routing::dispatcher::pubsub: Error treating timestamp for received Data (incoming timestamp from 132fe0f4d76ec14e5c92e886f9ba7ed1 exceeding delta 500ms is rejected: 2026-05-09T05:38:18.986891136Z vs. now: 2026-05-09T05:38:18.362299327Z). Replace timestamp: Some(7637762242458740162/132fe0f4d76ec14e5c92e886f9ba7ed1)
2026-05-09T05:38:18.362421Z ERROR zenoh::net::routing::dispatcher::pubsub: Error treating timestamp for received Data (incoming timestamp from 132fe0f4d76ec14e5c92e886f9ba7ed1 exceeding delta 500ms is rejected: 2026-05-09T05:38:18.986891137Z vs. now: 2026-05-09T05:38:18.362419736Z). Replace timestamp: Some(7637762242458740164/132fe0f4d76ec14e5c92e886f9ba7ed1)
2026-05-09T05:38:18.362496Z ERROR zenoh::net::routing::dispatcher::pubsub: Error treating timestamp for received Data (incoming timestamp from 132fe0f4d76ec14e5c92e886f9ba7ed1 exceeding delta 500ms is rejected: 2026-05-09T05:38:18.986891137Z vs. now: 2026-05-09T05:38:18.362492744Z). Replace timestamp: Some(7637762242459338673/4743181682fc353a9bad4de4c4919cb0)
2026-05-09T05:38:18.362542Z ERROR zenoh::net::routing::dispatcher::pubsub: Error treating timestamp for received Data (incoming timestamp from 132fe0f4d76ec14e5c92e886f9ba7ed1 exceeding delta 500ms is rejected: 2026-05-09T05:38:18.986891137Z vs. now: 2026-05-09T05:38:18.362541020Z). Replace timestamp: Some(7637762242459338674/4743181682fc353a9bad4de4c4919cb0)
2026-05-09T05:38:18.364972Z ERROR zenoh::net::routing::dispatcher::pubsub: Error treating timestamp for received Data (incoming timestamp from 132fe0f4d76ec14e5c92e886f9ba7ed1 exceeding delta 500ms is rejected: 2026-05-09T05:38:18.986891137Z vs. now: 2026-05-09T05:38:18.364966013Z). Replace timestamp: Some(7637762242458740166/132fe0f4d76ec14e5c92e886f9ba7ed1)
2026-05-09T05:38:18.365113Z ERROR zenoh::net::routing::dispatcher::pubsub: Error treating timestamp for received Data (incoming timestamp from 132fe0f4d76ec14e5c92e886f9ba7ed1 exceeding delta 500ms is rejected: 2026-05-09T05:38:18.986891138Z vs. now: 2026-05-09T05:38:18.365111821Z). Replace timestamp: Some(7637762242458740168/132fe0f4d76ec14e5c92e886f9ba7ed1)
2026-05-09T05:38:18.365191Z ERROR zenoh::net::routing::dispatcher::pubsub: Error treating timestamp for received Data (incoming timestamp from 132fe0f4d76ec14e5c92e886f9ba7ed1 exceeding delta 500ms is rejected: 2026-05-09T05:38:18.986891137Z vs. now: 2026-05-09T05:38:18.365186945Z). Replace timestamp: Some(7637762242459338675/4743181682fc353a9bad4de4c4919cb0)
2026-05-09T05:38:18.365232Z ERROR zenoh::net::routing::dispatcher::pubsub: Error treating timestamp for received Data (incoming timestamp from 132fe0f4d76ec14e5c92e886f9ba7ed1 exceeding delta 500ms is rejected: 2026-05-09T05:38:18.986891138Z vs. now: 2026-05-09T05:38:18.365230568Z). Replace timestamp: Some(7637762242459338676/4743181682fc353a9bad4de4c4919cb0)
2026-05-09T05:38:18.367611Z ERROR zenoh::net::routing::dispatcher::pubsub: Error treating timestamp for received Data (incoming timestamp from 132fe0f4d76ec14e5c92e886f9ba7ed1 exceeding delta 500ms is rejected: 2026-05-09T05:38:18.986891138Z vs. now: 2026-05-09T05:38:18.367607840Z). Replace timestamp: Some(7637762242458740170/132fe0f4d76ec14e5c92e886f9ba7ed1)
2026-05-09T05:38:18.367732Z ERROR zenoh::net::routing::dispatcher::pubsub: Error treating timestamp for received Data (incoming timestamp from 132fe0f4d76ec14e5c92e886f9ba7ed1 exceeding delta 500ms is rejected: 2026-05-09T05:38:18.986891139Z vs. now: 2026-05-09T05:38:18.367730923Z). Replace timestamp: Some(7637762242458740172/132fe0f4d76ec14e5c92e886f9ba7ed1)
2026-05-09T05:38:18.367860Z ERROR zenoh::net::routing::dispatcher::pubsub: Error treating timestamp for received Data (incoming timestamp from 132fe0f4d76ec14e5c92e886f9ba7ed1 exceeding delta 500ms is rejected: 2026-05-09T05:38:18.986891138Z vs. now: 2026-05-09T05:38:18.367856447Z). Replace timestamp: Some(7637762242459338677/4743181682fc353a9bad4de4c4919cb0)
2026-05-09T05:38:18.367944Z ERROR zenoh::net::routing::dispatcher::pubsub: Error treating timestamp for received Data (incoming timestamp from 132fe0f4d76ec14e5c92e886f9ba7ed1 exceeding delta 500ms is rejected: 2026-05-09T05:38:18.986891139Z vs. now: 2026-05-09T05:38:18.367942028Z). Replace timestamp: Some(7637762242459338678/4743181682fc353a9bad4de4c4919cb0)
2026-05-09T05:38:18.370398Z ERROR zenoh::net::routing::dispatcher::pubsub: Error treating timestamp for received Data (incoming timestamp from 132fe0f4d76ec14e5c92e886f9ba7ed1 exceeding delta 500ms is rejected: 2026-05-09T05:38:18.986891139Z vs. now: 2026-05-09T05:38:18.370396004Z). Replace timestamp: Some(7637762242458740174/132fe0f4d76ec14e5c92e886f9ba7ed1)
2026-05-09T05:38:18.370511Z ERROR zenoh::net::routing::dispatcher::pubsub: Error treating timestamp for received Data (incoming timestamp from 132fe0f4d76ec14e5c92e886f9ba7ed1 exceeding delta 500ms is rejected: 2026-05-09T05:38:18.986891140Z vs. now: 2026-05-09T05:38:18.370510057Z). Replace timestamp: Some(7637762242458740176/132fe0f4d76ec14e5c92e886f9ba7ed1)
2026-05-09T05:38:18.370705Z ERROR zenoh::net::routing::dispatcher::pubsub: Error treating timestamp for received Data (incoming timestamp from 132fe0f4d76ec14e5c92e886f9ba7ed1 exceeding delta 500ms is rejected: 2026-05-09T05:38:18.986891139Z vs. now: 2026-05-09T05:38:18.370699328Z). Replace timestamp: Some(7637762242459338679/4743181682fc353a9bad4de4c4919cb0)
2026-05-09T05:38:18.370826Z ERROR zenoh::net::routing::dispatcher::pubsub: Error treating timestamp for received Data (incoming timestamp from 132fe0f4d76ec14e5c92e886f9ba7ed1 exceeding delta 500ms is rejected: 2026-05-09T05:38:18.986891140Z vs. now: 2026-05-09T05:38:18.370822669Z). Replace timestamp: Some(7637762242459338680/4743181682fc353a9bad4de4c4919cb0)
2026-05-09T05:38:18.372820Z ERROR zenoh::net::routing::dispatcher::pubsub: Error treating timestamp for received Data (incoming timestamp from 132fe0f4d76ec14e5c92e886f9ba7ed1 exceeding delta 500ms is rejected: 2026-05-09T05:38:18.986891140Z vs. now: 2026-05-09T05:38:18.372817725Z). Replace timestamp: Some(7637762242458740178/132fe0f4d76ec14e5c92e886f9ba7ed1)
2026-05-09T05:38:18.373010Z ERROR zenoh::net::routing::dispatcher::pubsub: Error treating timestamp for received Data (incoming timestamp from 132fe0f4d76ec14e5c92e886f9ba7ed1 exceeding delta 500ms is rejected: 2026-05-09T05:38:18.986891140Z vs. now: 2026-05-09T05:38:18.373007950Z). Replace timestamp: Some(7637762242458740180/132fe0f4d76ec14e5c92e886f9ba7ed1)
2026-05-09T05:38:18.373171Z ERROR zenoh::net::routing::dispatcher::pubsub: Error treating timestamp for received Data (incoming timestamp from 132fe0f4d76ec14e5c92e886f9ba7ed1 exceeding delta 500ms is rejected: 2026-05-09T05:38:18.986891140Z vs. now: 2026-05-09T05:38:18.373164688Z). Replace timestamp: Some(7637762242459338681/4743181682fc353a9bad4de4c4919cb0)
2026-05-09T05:38:18.373296Z ERROR zenoh::net::routing::dispatcher::pubsub: Error treating timestamp for received Data (incoming timestamp from 132fe0f4d76ec14e5c92e886f9ba7ed1 exceeding delta 500ms is rejected: 2026-05-09T05:38:18.986891141Z vs. now: 2026-05-09T05:38:18.373292689Z). Replace timestamp: Some(7637762242459338682/4743181682fc353a9bad4de4c4919cb0)
2026-05-09T05:38:18.375659Z ERROR zenoh::net::routing::dispatcher::pubsub: Error treating timestamp for received Data (incoming timestamp from 132fe0f4d76ec14e5c92e886f9ba7ed1 exceeding delta 500ms is rejected: 2026-05-09T05:38:18.986891141Z vs. now: 2026-05-09T05:38:18.375655372Z). Replace timestamp: Some(7637762242458740182/132fe0f4d76ec14e5c92e886f9ba7ed1)
2026-05-09T05:38:18.375790Z ERROR zenoh::net::routing::dispatcher::pubsub: Error treating timestamp for received Data (incoming timestamp from 132fe0f4d76ec14e5c92e886f9ba7ed1 exceeding delta 500ms is rejected: 2026-05-09T05:38:18.986891141Z vs. now: 2026-05-09T05:38:18.375789021Z). Replace timestamp: Some(7637762242458740184/132fe0f4d76ec14e5c92e886f9ba7ed1)
2026-05-09T05:38:18.375861Z ERROR zenoh::net::routing::dispatcher::pubsub: Error treating timestamp for received Data (incoming timestamp from 132fe0f4d76ec14e5c92e886f9ba7ed1 exceeding delta 500ms is rejected: 2026-05-09T05:38:18.986891141Z vs. now: 2026-05-09T05:38:18.375857637Z). Replace timestamp: Some(7637762242459338683/4743181682fc353a9bad4de4c4919cb0)
2026-05-09T05:38:18.375896Z ERROR zenoh::net::routing::dispatcher::pubsub: Error treating timestamp for received Data (incoming timestamp from 132fe0f4d76ec14e5c92e886f9ba7ed1 exceeding delta 500ms is rejected: 2026-05-09T05:38:18.986891142Z vs. now: 2026-05-09T05:38:18.375895333Z). Replace timestamp: Some(7637762242459338684/4743181682fc353a9bad4de4c4919cb0)
2026-05-09T05:38:18.378232Z ERROR zenoh::net::routing::dispatcher::pubsub: Error treating timestamp for received Data (incoming timestamp from 132fe0f4d76ec14e5c92e886f9ba7ed1 exceeding delta 500ms is rejected: 2026-05-09T05:38:18.986891142Z vs. now: 2026-05-09T05:38:18.378229432Z). Replace timestamp: Some(7637762242458740186/132fe0f4d76ec14e5c92e886f9ba7ed1)
2026-05-09T05:38:18.378341Z ERROR zenoh::net::routing::dispatcher::pubsub: Error treating timestamp for received Data (incoming timestamp from 132fe0f4d76ec14e5c92e886f9ba7ed1 exceeding delta 500ms is rejected: 2026-05-09T05:38:18.986891142Z vs. now: 2026-05-09T05:38:18.378339928Z). Replace timestamp: Some(7637762242458740188/132fe0f4d76ec14e5c92e886f9ba7ed1)
2026-05-09T05:38:18.378522Z ERROR zenoh::net::routing::dispatcher::pubsub: Error treating timestamp for received Data (incoming timestamp from 132fe0f4d76ec14e5c92e886f9ba7ed1 exceeding delta 500ms is rejected: 2026-05-09T05:38:18.986891142Z vs. now: 2026-05-09T05:38:18.378515207Z). Replace timestamp: Some(7637762242459338685/4743181682fc353a9bad4de4c4919cb0)
2026-05-09T05:38:18.378624Z ERROR zenoh::net::routing::dispatcher::pubsub: Error treating timestamp for received Data (incoming timestamp from 132fe0f4d76ec14e5c92e886f9ba7ed1 exceeding delta 500ms is rejected: 2026-05-09T05:38:18.986891143Z vs. now: 2026-05-09T05:38:18.378622536Z). Replace timestamp: Some(7637762242459338686/4743181682fc353a9bad4de4c4919cb0)
2026-05-09T05:38:18.380748Z ERROR zenoh::net::routing::dispatcher::pubsub: Error treating timestamp for received Data (incoming timestamp from 132fe0f4d76ec14e5c92e886f9ba7ed1 exceeding delta 500ms is rejected: 2026-05-09T05:38:18.986891143Z vs. now: 2026-05-09T05:38:18.380744562Z). Replace timestamp: Some(7637762242458740190/132fe0f4d76ec14e5c92e886f9ba7ed1)
2026-05-09T05:38:18.380915Z ERROR zenoh::net::routing::dispatcher::pubsub: Error treating timestamp for received Data (incoming timestamp from 132fe0f4d76ec14e5c92e886f9ba7ed1 exceeding delta 500ms is rejected: 2026-05-09T05:38:18.986891143Z vs. now: 2026-05-09T05:38:18.380913698Z). Replace timestamp: Some(7637762242458740192/132fe0f4d76ec14e5c92e886f9ba7ed1)
2026-05-09T05:38:18.380955Z ERROR zenoh::net::routing::dispatcher::pubsub: Error treating timestamp for received Data (incoming timestamp from 132fe0f4d76ec14e5c92e886f9ba7ed1 exceeding delta 500ms is rejected: 2026-05-09T05:38:18.986891143Z vs. now: 2026-05-09T05:38:18.380951454Z). Replace timestamp: Some(7637762242459338687/4743181682fc353a9bad4de4c4919cb0)
2026-05-09T05:38:18.381096Z ERROR zenoh::net::routing::dispatcher::pubsub: Error treating timestamp for received Data (incoming timestamp from 132fe0f4d76ec14e5c92e886f9ba7ed1 exceeding delta 500ms is rejected: 2026-05-09T05:38:18.986891144Z vs. now: 2026-05-09T05:38:18.381093473Z). Replace timestamp: Some(7637762242459338688/4743181682fc353a9bad4de4c4919cb0)
2026-05-09T05:38:18.383295Z ERROR zenoh::net::routing::dispatcher::pubsub: Error treating timestamp for received Data (incoming timestamp from 132fe0f4d76ec14e5c92e886f9ba7ed1 exceeding delta 500ms is rejected: 2026-05-09T05:38:18.986891144Z vs. now: 2026-05-09T05:38:18.383292594Z). Replace timestamp: Some(7637762242458740194/132fe0f4d76ec14e5c92e886f9ba7ed1)
2026-05-09T05:38:18.383409Z ERROR zenoh::net::routing::dispatcher::pubsub: Error treating timestamp for received Data (incoming timestamp from 132fe0f4d76ec14e5c92e886f9ba7ed1 exceeding delta 500ms is rejected: 2026-05-09T05:38:18.986891144Z vs. now: 2026-05-09T05:38:18.383408260Z). Replace timestamp: Some(7637762242458740196/132fe0f4d76ec14e5c92e886f9ba7ed1)
2026-05-09T05:38:18.383538Z ERROR zenoh::net::routing::dispatcher::pubsub: Error treating timestamp for received Data (incoming timestamp from 132fe0f4d76ec14e5c92e886f9ba7ed1 exceeding delta 500ms is rejected: 2026-05-09T05:38:18.986891144Z vs. now: 2026-05-09T05:38:18.383534492Z). Replace timestamp: Some(7637762242459338689/4743181682fc353a9bad4de4c4919cb0)
2026-05-09T05:38:18.383605Z ERROR zenoh::net::routing::dispatcher::pubsub: Error treating timestamp for received Data (incoming timestamp from 132fe0f4d76ec14e5c92e886f9ba7ed1 exceeding delta 500ms is rejected: 2026-05-09T05:38:18.986891144Z vs. now: 2026-05-09T05:38:18.383603171Z). Replace timestamp: Some(7637762242459338690/4743181682fc353a9bad4de4c4919cb0)
2026-05-09T05:38:18.385749Z ERROR zenoh::net::routing::dispatcher::pubsub: Error treating timestamp for received Data (incoming timestamp from 132fe0f4d76ec14e5c92e886f9ba7ed1 exceeding delta 500ms is rejected: 2026-05-09T05:38:18.986891145Z vs. now: 2026-05-09T05:38:18.385746293Z). Replace timestamp: Some(7637762242458740198/132fe0f4d76ec14e5c92e886f9ba7ed1)
2026-05-09T05:38:18.385853Z ERROR zenoh::net::routing::dispatcher::pubsub: Error treating timestamp for received Data (incoming timestamp from 132fe0f4d76ec14e5c92e886f9ba7ed1 exceeding delta 500ms is rejected: 2026-05-09T05:38:18.986891145Z vs. now: 2026-05-09T05:38:18.385852106Z). Replace timestamp: Some(7637762242458740200/132fe0f4d76ec14e5c92e886f9ba7ed1)
2026-05-09T05:38:18.386018Z ERROR zenoh::net::routing::dispatcher::pubsub: Error treating timestamp for received Data (incoming timestamp from 132fe0f4d76ec14e5c92e886f9ba7ed1 exceeding delta 500ms is rejected: 2026-05-09T05:38:18.986891145Z vs. now: 2026-05-09T05:38:18.386012864Z). Replace timestamp: Some(7637762242459338691/4743181682fc353a9bad4de4c4919cb0)
2026-05-09T05:38:18.386135Z ERROR zenoh::net::routing::dispatcher::pubsub: Error treating timestamp for received Data (incoming timestamp from 132fe0f4d76ec14e5c92e886f9ba7ed1 exceeding delta 500ms is rejected: 2026-05-09T05:38:18.986891145Z vs. now: 2026-05-09T05:38:18.386131485Z). Replace timestamp: Some(7637762242459338692/4743181682fc353a9bad4de4c4919cb0)
2026-05-09T05:38:18.388615Z ERROR zenoh::net::routing::dispatcher::pubsub: Error treating timestamp for received Data (incoming timestamp from 132fe0f4d76ec14e5c92e886f9ba7ed1 exceeding delta 500ms is rejected: 2026-05-09T05:38:18.986891146Z vs. now: 2026-05-09T05:38:18.388603133Z). Replace timestamp: Some(7637762242458740202/132fe0f4d76ec14e5c92e886f9ba7ed1)
2026-05-09T05:38:18.388772Z ERROR zenoh::net::routing::dispatcher::pubsub: Error treating timestamp for received Data (incoming timestamp from 132fe0f4d76ec14e5c92e886f9ba7ed1 exceeding delta 500ms is rejected: 2026-05-09T05:38:18.986891146Z vs. now: 2026-05-09T05:38:18.388770324Z). Replace timestamp: Some(7637762242458740204/132fe0f4d76ec14e5c92e886f9ba7ed1)
2026-05-09T05:38:18.388856Z ERROR zenoh::net::routing::dispatcher::pubsub: Error treating timestamp for received Data (incoming timestamp from 132fe0f4d76ec14e5c92e886f9ba7ed1 exceeding delta 500ms is rejected: 2026-05-09T05:38:18.986891146Z vs. now: 2026-05-09T05:38:18.388850447Z). Replace timestamp: Some(7637762242459338693/4743181682fc353a9bad4de4c4919cb0)
2026-05-09T05:38:18.388999Z ERROR zenoh::net::routing::dispatcher::pubsub: Error treating timestamp for received Data (incoming timestamp from 132fe0f4d76ec14e5c92e886f9ba7ed1 exceeding delta 500ms is rejected: 2026-05-09T05:38:18.986891146Z vs. now: 2026-05-09T05:38:18.388997570Z). Replace timestamp: Some(7637762242459338694/4743181682fc353a9bad4de4c4919cb0)
2026-05-09T05:38:18.391149Z ERROR zenoh::net::routing::dispatcher::pubsub: Error treating timestamp for received Data (incoming timestamp from 132fe0f4d76ec14e5c92e886f9ba7ed1 exceeding delta 500ms is rejected: 2026-05-09T05:38:18.986891147Z vs. now: 2026-05-09T05:38:18.391146116Z). Replace timestamp: Some(7637762242458740206/132fe0f4d76ec14e5c92e886f9ba7ed1)
2026-05-09T05:38:18.391286Z ERROR zenoh::net::routing::dispatcher::pubsub: Error treating timestamp for received Data (incoming timestamp from 132fe0f4d76ec14e5c92e886f9ba7ed1 exceeding delta 500ms is rejected: 2026-05-09T05:38:18.986891147Z vs. now: 2026-05-09T05:38:18.391285185Z). Replace timestamp: Some(7637762242458740208/132fe0f4d76ec14e5c92e886f9ba7ed1)
2026-05-09T05:38:18.391428Z ERROR zenoh::net::routing::dispatcher::pubsub: Error treating timestamp for received Data (incoming timestamp from 132fe0f4d76ec14e5c92e886f9ba7ed1 exceeding delta 500ms is rejected: 2026-05-09T05:38:18.986891147Z vs. now: 2026-05-09T05:38:18.391423889Z). Replace timestamp: Some(7637762242459338695/4743181682fc353a9bad4de4c4919cb0)
2026-05-09T05:38:18.391488Z ERROR zenoh::net::routing::dispatcher::pubsub: Error treating timestamp for received Data (incoming timestamp from 132fe0f4d76ec14e5c92e886f9ba7ed1 exceeding delta 500ms is rejected: 2026-05-09T05:38:18.986891147Z vs. now: 2026-05-09T05:38:18.391486511Z). Replace timestamp: Some(7637762242459338696/4743181682fc353a9bad4de4c4919cb0)
2026-05-09T05:38:18.393721Z ERROR zenoh::net::routing::dispatcher::pubsub: Error treating timestamp for received Data (incoming timestamp from 132fe0f4d76ec14e5c92e886f9ba7ed1 exceeding delta 500ms is rejected: 2026-05-09T05:38:18.986891147Z vs. now: 2026-05-09T05:38:18.393717111Z). Replace timestamp: Some(7637762242458740210/132fe0f4d76ec14e5c92e886f9ba7ed1)
2026-05-09T05:38:18.393887Z ERROR zenoh::net::routing::dispatcher::pubsub: Error treating timestamp for received Data (incoming timestamp from 132fe0f4d76ec14e5c92e886f9ba7ed1 exceeding delta 500ms is rejected: 2026-05-09T05:38:18.986891148Z vs. now: 2026-05-09T05:38:18.393885412Z). Replace timestamp: Some(7637762242458740212/132fe0f4d76ec14e5c92e886f9ba7ed1)
2026-05-09T05:38:18.393963Z ERROR zenoh::net::routing::dispatcher::pubsub: Error treating timestamp for received Data (incoming timestamp from 132fe0f4d76ec14e5c92e886f9ba7ed1 exceeding delta 500ms is rejected: 2026-05-09T05:38:18.986891148Z vs. now: 2026-05-09T05:38:18.393959392Z). Replace timestamp: Some(7637762242459338697/4743181682fc353a9bad4de4c4919cb0)
2026-05-09T05:38:18.394160Z ERROR zenoh::net::routing::dispatcher::pubsub: Error treating timestamp for received Data (incoming timestamp from 132fe0f4d76ec14e5c92e886f9ba7ed1 exceeding delta 500ms is rejected: 2026-05-09T05:38:18.986891148Z vs. now: 2026-05-09T05:38:18.394156762Z). Replace timestamp: Some(7637762242459338698/4743181682fc353a9bad4de4c4919cb0)
2026-05-09T05:38:18.396271Z ERROR zenoh::net::routing::dispatcher::pubsub: Error treating timestamp for received Data (incoming timestamp from 132fe0f4d76ec14e5c92e886f9ba7ed1 exceeding delta 500ms is rejected: 2026-05-09T05:38:18.986891148Z vs. now: 2026-05-09T05:38:18.396267642Z). Replace timestamp: Some(7637762242458740214/132fe0f4d76ec14e5c92e886f9ba7ed1)
2026-05-09T05:38:18.396389Z ERROR zenoh::net::routing::dispatcher::pubsub: Error treating timestamp for received Data (incoming timestamp from 132fe0f4d76ec14e5c92e886f9ba7ed1 exceeding delta 500ms is rejected: 2026-05-09T05:38:18.986891149Z vs. now: 2026-05-09T05:38:18.396388103Z). Replace timestamp: Some(7637762242458740216/132fe0f4d76ec14e5c92e886f9ba7ed1)
2026-05-09T05:38:18.396478Z ERROR zenoh::net::routing::dispatcher::pubsub: Error treating timestamp for received Data (incoming timestamp from 132fe0f4d76ec14e5c92e886f9ba7ed1 exceeding delta 500ms is rejected: 2026-05-09T05:38:18.986891149Z vs. now: 2026-05-09T05:38:18.396474548Z). Replace timestamp: Some(7637762242459338699/4743181682fc353a9bad4de4c4919cb0)
2026-05-09T05:38:18.396524Z ERROR zenoh::net::routing::dispatcher::pubsub: Error treating timestamp for received Data (incoming timestamp from 132fe0f4d76ec14e5c92e886f9ba7ed1 exceeding delta 500ms is rejected: 2026-05-09T05:38:18.986891149Z vs. now: 2026-05-09T05:38:18.396522224Z). Replace timestamp: Some(7637762242459338700/4743181682fc353a9bad4de4c4919cb0)
2026-05-09T05:38:18.398824Z ERROR zenoh::net::routing::dispatcher::pubsub: Error treating timestamp for received Data (incoming timestamp from 132fe0f4d76ec14e5c92e886f9ba7ed1 exceeding delta 500ms is rejected: 2026-05-09T05:38:18.986891149Z vs. now: 2026-05-09T05:38:18.398821518Z). Replace timestamp: Some(7637762242458740218/132fe0f4d76ec14e5c92e886f9ba7ed1)
2026-05-09T05:38:18.398972Z ERROR zenoh::net::routing::dispatcher::pubsub: Error treating timestamp for received Data (incoming timestamp from 132fe0f4d76ec14e5c92e886f9ba7ed1 exceeding delta 500ms is rejected: 2026-05-09T05:38:18.986891150Z vs. now: 2026-05-09T05:38:18.398969207Z). Replace timestamp: Some(7637762242458740220/132fe0f4d76ec14e5c92e886f9ba7ed1)
2026-05-09T05:38:18.399025Z ERROR zenoh::net::routing::dispatcher::pubsub: Error treating timestamp for received Data (incoming timestamp from 132fe0f4d76ec14e5c92e886f9ba7ed1 exceeding delta 500ms is rejected: 2026-05-09T05:38:18.986891150Z vs. now: 2026-05-09T05:38:18.399022192Z). Replace timestamp: Some(7637762242459338701/4743181682fc353a9bad4de4c4919cb0)
2026-05-09T05:38:18.399213Z ERROR zenoh::net::routing::dispatcher::pubsub: Error treating timestamp for received Data (incoming timestamp from 132fe0f4d76ec14e5c92e886f9ba7ed1 exceeding delta 500ms is rejected: 2026-05-09T05:38:18.986891150Z vs. now: 2026-05-09T05:38:18.399207328Z). Replace timestamp: Some(7637762242459338702/4743181682fc353a9bad4de4c4919cb0)
2026-05-09T05:38:18.401659Z ERROR zenoh::net::routing::dispatcher::pubsub: Error treating timestamp for received Data (incoming timestamp from 132fe0f4d76ec14e5c92e886f9ba7ed1 exceeding delta 500ms is rejected: 2026-05-09T05:38:18.986891150Z vs. now: 2026-05-09T05:38:18.401656721Z). Replace timestamp: Some(7637762242458740222/132fe0f4d76ec14e5c92e886f9ba7ed1)
2026-05-09T05:38:18.401811Z ERROR zenoh::net::routing::dispatcher::pubsub: Error treating timestamp for received Data (incoming timestamp from 132fe0f4d76ec14e5c92e886f9ba7ed1 exceeding delta 500ms is rejected: 2026-05-09T05:38:18.986891151Z vs. now: 2026-05-09T05:38:18.401810077Z). Replace timestamp: Some(7637762242458740224/132fe0f4d76ec14e5c92e886f9ba7ed1)
2026-05-09T05:38:18.401898Z ERROR zenoh::net::routing::dispatcher::pubsub: Error treating timestamp for received Data (incoming timestamp from 132fe0f4d76ec14e5c92e886f9ba7ed1 exceeding delta 500ms is rejected: 2026-05-09T05:38:18.986891151Z vs. now: 2026-05-09T05:38:18.401892905Z). Replace timestamp: Some(7637762242459338703/4743181682fc353a9bad4de4c4919cb0)
2026-05-09T05:38:18.401956Z ERROR zenoh::net::routing::dispatcher::pubsub: Error treating timestamp for received Data (incoming timestamp from 132fe0f4d76ec14e5c92e886f9ba7ed1 exceeding delta 500ms is rejected: 2026-05-09T05:38:18.986891151Z vs. now: 2026-05-09T05:38:18.401955866Z). Replace timestamp: Some(7637762242459338704/4743181682fc353a9bad4de4c4919cb0)
2026-05-09T05:38:18.404367Z ERROR zenoh::net::routing::dispatcher::pubsub: Error treating timestamp for received Data (incoming timestamp from 132fe0f4d76ec14e5c92e886f9ba7ed1 exceeding delta 500ms is rejected: 2026-05-09T05:38:18.986891151Z vs. now: 2026-05-09T05:38:18.404364892Z). Replace timestamp: Some(7637762242458740226/132fe0f4d76ec14e5c92e886f9ba7ed1)
2026-05-09T05:38:18.404489Z ERROR zenoh::net::routing::dispatcher::pubsub: Error treating timestamp for received Data (incoming timestamp from 132fe0f4d76ec14e5c92e886f9ba7ed1 exceeding delta 500ms is rejected: 2026-05-09T05:38:18.986891152Z vs. now: 2026-05-09T05:38:18.404487815Z). Replace timestamp: Some(7637762242458740228/132fe0f4d76ec14e5c92e886f9ba7ed1)
2026-05-09T05:38:18.404580Z ERROR zenoh::net::routing::dispatcher::pubsub: Error treating timestamp for received Data (incoming timestamp from 132fe0f4d76ec14e5c92e886f9ba7ed1 exceeding delta 500ms is rejected: 2026-05-09T05:38:18.986891151Z vs. now: 2026-05-09T05:38:18.404576853Z). Replace timestamp: Some(7637762242459338705/4743181682fc353a9bad4de4c4919cb0)
2026-05-09T05:38:18.404629Z ERROR zenoh::net::routing::dispatcher::pubsub: Error treating timestamp for received Data (incoming timestamp from 132fe0f4d76ec14e5c92e886f9ba7ed1 exceeding delta 500ms is rejected: 2026-05-09T05:38:18.986891152Z vs. now: 2026-05-09T05:38:18.404628635Z). Replace timestamp: Some(7637762242459338706/4743181682fc353a9bad4de4c4919cb0)
2026-05-09T05:38:18.405965Z ERROR zenoh::net::routing::dispatcher::pubsub: Error treating timestamp for received Data (incoming timestamp from 132fe0f4d76ec14e5c92e886f9ba7ed1 exceeding delta 500ms is rejected: 2026-05-09T05:38:18.986891152Z vs. now: 2026-05-09T05:38:18.405962255Z). Replace timestamp: Some(7637762242458740230/132fe0f4d76ec14e5c92e886f9ba7ed1)
2026-05-09T05:38:18.406075Z ERROR zenoh::net::routing::dispatcher::pubsub: Error treating timestamp for received Data (incoming timestamp from 132fe0f4d76ec14e5c92e886f9ba7ed1 exceeding delta 500ms is rejected: 2026-05-09T05:38:18.986891153Z vs. now: 2026-05-09T05:38:18.406073884Z). Replace timestamp: Some(7637762242458740232/132fe0f4d76ec14e5c92e886f9ba7ed1)
2026-05-09T05:38:18.406194Z ERROR zenoh::net::routing::dispatcher::pubsub: Error treating timestamp for received Data (incoming timestamp from 132fe0f4d76ec14e5c92e886f9ba7ed1 exceeding delta 500ms is rejected: 2026-05-09T05:38:18.986891152Z vs. now: 2026-05-09T05:38:18.406190035Z). Replace timestamp: Some(7637762242459338707/4743181682fc353a9bad4de4c4919cb0)
2026-05-09T05:38:18.406261Z ERROR zenoh::net::routing::dispatcher::pubsub: Error treating timestamp for received Data (incoming timestamp from 132fe0f4d76ec14e5c92e886f9ba7ed1 exceeding delta 500ms is rejected: 2026-05-09T05:38:18.986891153Z vs. now: 2026-05-09T05:38:18.406259988Z). Replace timestamp: Some(7637762242459338708/4743181682fc353a9bad4de4c4919cb0)
2026-05-09T05:38:18.408586Z ERROR zenoh::net::routing::dispatcher::pubsub: Error treating timestamp for received Data (incoming timestamp from 132fe0f4d76ec14e5c92e886f9ba7ed1 exceeding delta 500ms is rejected: 2026-05-09T05:38:18.986891153Z vs. now: 2026-05-09T05:38:18.408580706Z). Replace timestamp: Some(7637762242458740234/132fe0f4d76ec14e5c92e886f9ba7ed1)
2026-05-09T05:38:18.408770Z ERROR zenoh::net::routing::dispatcher::pubsub: Error treating timestamp for received Data (incoming timestamp from 132fe0f4d76ec14e5c92e886f9ba7ed1 exceeding delta 500ms is rejected: 2026-05-09T05:38:18.986891154Z vs. now: 2026-05-09T05:38:18.408767194Z). Replace timestamp: Some(7637762242458740236/132fe0f4d76ec14e5c92e886f9ba7ed1)
2026-05-09T05:38:18.408933Z ERROR zenoh::net::routing::dispatcher::pubsub: Error treating timestamp for received Data (incoming timestamp from 132fe0f4d76ec14e5c92e886f9ba7ed1 exceeding delta 500ms is rejected: 2026-05-09T05:38:18.986891153Z vs. now: 2026-05-09T05:38:18.408927009Z). Replace timestamp: Some(7637762242459338709/4743181682fc353a9bad4de4c4919cb0)
2026-05-09T05:38:18.409020Z ERROR zenoh::net::routing::dispatcher::pubsub: Error treating timestamp for received Data (incoming timestamp from 132fe0f4d76ec14e5c92e886f9ba7ed1 exceeding delta 500ms is rejected: 2026-05-09T05:38:18.986891154Z vs. now: 2026-05-09T05:38:18.409017291Z). Replace timestamp: Some(7637762242459338710/4743181682fc353a9bad4de4c4919cb0)
2026-05-09T05:38:18.411424Z ERROR zenoh::net::routing::dispatcher::pubsub: Error treating timestamp for received Data (incoming timestamp from 132fe0f4d76ec14e5c92e886f9ba7ed1 exceeding delta 500ms is rejected: 2026-05-09T05:38:18.986891154Z vs. now: 2026-05-09T05:38:18.411411651Z). Replace timestamp: Some(7637762242458740238/132fe0f4d76ec14e5c92e886f9ba7ed1)
2026-05-09T05:38:18.411745Z ERROR zenoh::net::routing::dispatcher::pubsub: Error treating timestamp for received Data (incoming timestamp from 132fe0f4d76ec14e5c92e886f9ba7ed1 exceeding delta 500ms is rejected: 2026-05-09T05:38:18.986891154Z vs. now: 2026-05-09T05:38:18.411741999Z). Replace timestamp: Some(7637762242459338711/4743181682fc353a9bad4de4c4919cb0)
2026-05-09T05:38:18.411866Z ERROR zenoh::net::routing::dispatcher::pubsub: Error treating timestamp for received Data (incoming timestamp from 132fe0f4d76ec14e5c92e886f9ba7ed1 exceeding delta 500ms is rejected: 2026-05-09T05:38:18.986891154Z vs. now: 2026-05-09T05:38:18.411857341Z). Replace timestamp: Some(7637762242458740240/132fe0f4d76ec14e5c92e886f9ba7ed1)
2026-05-09T05:38:18.412161Z ERROR zenoh::net::routing::dispatcher::pubsub: Error treating timestamp for received Data (incoming timestamp from 132fe0f4d76ec14e5c92e886f9ba7ed1 exceeding delta 500ms is rejected: 2026-05-09T05:38:18.986891155Z vs. now: 2026-05-09T05:38:18.412152857Z). Replace timestamp: Some(7637762242459338712/4743181682fc353a9bad4de4c4919cb0)
2026-05-09T05:38:18.414729Z ERROR zenoh::net::routing::dispatcher::pubsub: Error treating timestamp for received Data (incoming timestamp from 132fe0f4d76ec14e5c92e886f9ba7ed1 exceeding delta 500ms is rejected: 2026-05-09T05:38:18.986891155Z vs. now: 2026-05-09T05:38:18.414715585Z). Replace timestamp: Some(7637762242458740242/132fe0f4d76ec14e5c92e886f9ba7ed1)
2026-05-09T05:38:18.414978Z ERROR zenoh::net::routing::dispatcher::pubsub: Error treating timestamp for received Data (incoming timestamp from 132fe0f4d76ec14e5c92e886f9ba7ed1 exceeding delta 500ms is rejected: 2026-05-09T05:38:18.986891155Z vs. now: 2026-05-09T05:38:18.414972451Z). Replace timestamp: Some(7637762242458740244/132fe0f4d76ec14e5c92e886f9ba7ed1)
2026-05-09T05:38:18.415207Z ERROR zenoh::net::routing::dispatcher::pubsub: Error treating timestamp for received Data (incoming timestamp from 132fe0f4d76ec14e5c92e886f9ba7ed1 exceeding delta 500ms is rejected: 2026-05-09T05:38:18.986891155Z vs. now: 2026-05-09T05:38:18.415197690Z). Replace timestamp: Some(7637762242459338713/4743181682fc353a9bad4de4c4919cb0)
2026-05-09T05:38:18.415309Z ERROR zenoh::net::routing::dispatcher::pubsub: Error treating timestamp for received Data (incoming timestamp from 132fe0f4d76ec14e5c92e886f9ba7ed1 exceeding delta 500ms is rejected: 2026-05-09T05:38:18.986891156Z vs. now: 2026-05-09T05:38:18.415306137Z). Replace timestamp: Some(7637762242459338714/4743181682fc353a9bad4de4c4919cb0)
2026-05-09T05:38:18.417633Z ERROR zenoh::net::routing::dispatcher::pubsub: Error treating timestamp for received Data (incoming timestamp from 132fe0f4d76ec14e5c92e886f9ba7ed1 exceeding delta 500ms is rejected: 2026-05-09T05:38:18.986891156Z vs. now: 2026-05-09T05:38:18.417628747Z). Replace timestamp: Some(7637762242458740246/132fe0f4d76ec14e5c92e886f9ba7ed1)
2026-05-09T05:38:18.417909Z ERROR zenoh::net::routing::dispatcher::pubsub: Error treating timestamp for received Data (incoming timestamp from 132fe0f4d76ec14e5c92e886f9ba7ed1 exceeding delta 500ms is rejected: 2026-05-09T05:38:18.986891156Z vs. now: 2026-05-09T05:38:18.417905536Z). Replace timestamp: Some(7637762242458740248/132fe0f4d76ec14e5c92e886f9ba7ed1)
2026-05-09T05:38:18.418048Z ERROR zenoh::net::routing::dispatcher::pubsub: Error treating timestamp for received Data (incoming timestamp from 132fe0f4d76ec14e5c92e886f9ba7ed1 exceeding delta 500ms is rejected: 2026-05-09T05:38:18.986891156Z vs. now: 2026-05-09T05:38:18.418037840Z). Replace timestamp: Some(7637762242459338715/4743181682fc353a9bad4de4c4919cb0)
2026-05-09T05:38:18.418274Z ERROR zenoh::net::routing::dispatcher::pubsub: Error treating timestamp for received Data (incoming timestamp from 132fe0f4d76ec14e5c92e886f9ba7ed1 exceeding delta 500ms is rejected: 2026-05-09T05:38:18.986891157Z vs. now: 2026-05-09T05:38:18.418270655Z). Replace timestamp: Some(7637762242459338716/4743181682fc353a9bad4de4c4919cb0)
2026-05-09T05:38:18.420699Z ERROR zenoh::net::routing::dispatcher::pubsub: Error treating timestamp for received Data (incoming timestamp from 132fe0f4d76ec14e5c92e886f9ba7ed1 exceeding delta 500ms is rejected: 2026-05-09T05:38:18.986891157Z vs. now: 2026-05-09T05:38:18.420691599Z). Replace timestamp: Some(7637762242458740250/132fe0f4d76ec14e5c92e886f9ba7ed1)
2026-05-09T05:38:18.421016Z ERROR zenoh::net::routing::dispatcher::pubsub: Error treating timestamp for received Data (incoming timestamp from 132fe0f4d76ec14e5c92e886f9ba7ed1 exceeding delta 500ms is rejected: 2026-05-09T05:38:18.986891157Z vs. now: 2026-05-09T05:38:18.421010327Z). Replace timestamp: Some(7637762242458740252/132fe0f4d76ec14e5c92e886f9ba7ed1)
2026-05-09T05:38:18.421064Z ERROR zenoh::net::routing::dispatcher::pubsub: Error treating timestamp for received Data (incoming timestamp from 132fe0f4d76ec14e5c92e886f9ba7ed1 exceeding delta 500ms is rejected: 2026-05-09T05:38:18.986891157Z vs. now: 2026-05-09T05:38:18.421037082Z). Replace timestamp: Some(7637762242459338717/4743181682fc353a9bad4de4c4919cb0)
2026-05-09T05:38:18.421381Z ERROR zenoh::net::routing::dispatcher::pubsub: Error treating timestamp for received Data (incoming timestamp from 132fe0f4d76ec14e5c92e886f9ba7ed1 exceeding delta 500ms is rejected: 2026-05-09T05:38:18.986891157Z vs. now: 2026-05-09T05:38:18.421375301Z). Replace timestamp: Some(7637762242459338718/4743181682fc353a9bad4de4c4919cb0)
2026-05-09T05:38:18.424117Z ERROR zenoh::net::routing::dispatcher::pubsub: Error treating timestamp for received Data (incoming timestamp from 132fe0f4d76ec14e5c92e886f9ba7ed1 exceeding delta 500ms is rejected: 2026-05-09T05:38:18.986891158Z vs. now: 2026-05-09T05:38:18.424099070Z). Replace timestamp: Some(7637762242458740254/132fe0f4d76ec14e5c92e886f9ba7ed1)
2026-05-09T05:38:18.424439Z ERROR zenoh::net::routing::dispatcher::pubsub: Error treating timestamp for received Data (incoming timestamp from 132fe0f4d76ec14e5c92e886f9ba7ed1 exceeding delta 500ms is rejected: 2026-05-09T05:38:18.986891158Z vs. now: 2026-05-09T05:38:18.424434934Z). Replace timestamp: Some(7637762242458740256/132fe0f4d76ec14e5c92e886f9ba7ed1)
2026-05-09T05:38:18.424564Z ERROR zenoh::net::routing::dispatcher::pubsub: Error treating timestamp for received Data (incoming timestamp from 132fe0f4d76ec14e5c92e886f9ba7ed1 exceeding delta 500ms is rejected: 2026-05-09T05:38:18.986891158Z vs. now: 2026-05-09T05:38:18.424556662Z). Replace timestamp: Some(7637762242459338719/4743181682fc353a9bad4de4c4919cb0)
2026-05-09T05:38:18.424785Z ERROR zenoh::net::routing::dispatcher::pubsub: Error treating timestamp for received Data (incoming timestamp from 132fe0f4d76ec14e5c92e886f9ba7ed1 exceeding delta 500ms is rejected: 2026-05-09T05:38:18.986891158Z vs. now: 2026-05-09T05:38:18.424782534Z). Replace timestamp: Some(7637762242459338720/4743181682fc353a9bad4de4c4919cb0)
[   9.000s]   3818 produced | 3818 consumed | 0 in-flight | p50=0.25ms
2026-05-09T05:38:18.426507Z ERROR zenoh::net::routing::dispatcher::pubsub: Error treating timestamp for received Data (incoming timestamp from 132fe0f4d76ec14e5c92e886f9ba7ed1 exceeding delta 500ms is rejected: 2026-05-09T05:38:18.986891159Z vs. now: 2026-05-09T05:38:18.426500183Z). Replace timestamp: Some(7637762242458740258/132fe0f4d76ec14e5c92e886f9ba7ed1)
2026-05-09T05:38:18.426722Z ERROR zenoh::net::routing::dispatcher::pubsub: Error treating timestamp for received Data (incoming timestamp from 132fe0f4d76ec14e5c92e886f9ba7ed1 exceeding delta 500ms is rejected: 2026-05-09T05:38:18.986891159Z vs. now: 2026-05-09T05:38:18.426719629Z). Replace timestamp: Some(7637762242458740260/132fe0f4d76ec14e5c92e886f9ba7ed1)
2026-05-09T05:38:18.426946Z ERROR zenoh::net::routing::dispatcher::pubsub: Error treating timestamp for received Data (incoming timestamp from 132fe0f4d76ec14e5c92e886f9ba7ed1 exceeding delta 500ms is rejected: 2026-05-09T05:38:18.986891159Z vs. now: 2026-05-09T05:38:18.426938210Z). Replace timestamp: Some(7637762242459338721/4743181682fc353a9bad4de4c4919cb0)
2026-05-09T05:38:18.427044Z ERROR zenoh::net::routing::dispatcher::pubsub: Error treating timestamp for received Data (incoming timestamp from 132fe0f4d76ec14e5c92e886f9ba7ed1 exceeding delta 500ms is rejected: 2026-05-09T05:38:18.986891159Z vs. now: 2026-05-09T05:38:18.427042678Z). Replace timestamp: Some(7637762242459338722/4743181682fc353a9bad4de4c4919cb0)
2026-05-09T05:38:18.428228Z ERROR zenoh::net::routing::dispatcher::pubsub: Error treating timestamp for received Data (incoming timestamp from 132fe0f4d76ec14e5c92e886f9ba7ed1 exceeding delta 500ms is rejected: 2026-05-09T05:38:18.986891160Z vs. now: 2026-05-09T05:38:18.428221506Z). Replace timestamp: Some(7637762242458740262/132fe0f4d76ec14e5c92e886f9ba7ed1)
2026-05-09T05:38:18.428475Z ERROR zenoh::net::routing::dispatcher::pubsub: Error treating timestamp for received Data (incoming timestamp from 132fe0f4d76ec14e5c92e886f9ba7ed1 exceeding delta 500ms is rejected: 2026-05-09T05:38:18.986891160Z vs. now: 2026-05-09T05:38:18.428472858Z). Replace timestamp: Some(7637762242458740264/132fe0f4d76ec14e5c92e886f9ba7ed1)
2026-05-09T05:38:18.428515Z ERROR zenoh::net::routing::dispatcher::pubsub: Error treating timestamp for received Data (incoming timestamp from 132fe0f4d76ec14e5c92e886f9ba7ed1 exceeding delta 500ms is rejected: 2026-05-09T05:38:18.986891160Z vs. now: 2026-05-09T05:38:18.428511266Z). Replace timestamp: Some(7637762242459338723/4743181682fc353a9bad4de4c4919cb0)
2026-05-09T05:38:18.428942Z ERROR zenoh::net::routing::dispatcher::pubsub: Error treating timestamp for received Data (incoming timestamp from 132fe0f4d76ec14e5c92e886f9ba7ed1 exceeding delta 500ms is rejected: 2026-05-09T05:38:18.986891160Z vs. now: 2026-05-09T05:38:18.428934448Z). Replace timestamp: Some(7637762242459338724/4743181682fc353a9bad4de4c4919cb0)
2026-05-09T05:38:18.430889Z ERROR zenoh::net::routing::dispatcher::pubsub: Error treating timestamp for received Data (incoming timestamp from 132fe0f4d76ec14e5c92e886f9ba7ed1 exceeding delta 500ms is rejected: 2026-05-09T05:38:18.986891161Z vs. now: 2026-05-09T05:38:18.430885263Z). Replace timestamp: Some(7637762242458740266/132fe0f4d76ec14e5c92e886f9ba7ed1)
2026-05-09T05:38:18.431066Z ERROR zenoh::net::routing::dispatcher::pubsub: Error treating timestamp for received Data (incoming timestamp from 132fe0f4d76ec14e5c92e886f9ba7ed1 exceeding delta 500ms is rejected: 2026-05-09T05:38:18.986891161Z vs. now: 2026-05-09T05:38:18.431063656Z). Replace timestamp: Some(7637762242458740268/132fe0f4d76ec14e5c92e886f9ba7ed1)
2026-05-09T05:38:18.431125Z ERROR zenoh::net::routing::dispatcher::pubsub: Error treating timestamp for received Data (incoming timestamp from 132fe0f4d76ec14e5c92e886f9ba7ed1 exceeding delta 500ms is rejected: 2026-05-09T05:38:18.986891161Z vs. now: 2026-05-09T05:38:18.431121201Z). Replace timestamp: Some(7637762242459338725/4743181682fc353a9bad4de4c4919cb0)
2026-05-09T05:38:18.431315Z ERROR zenoh::net::routing::dispatcher::pubsub: Error treating timestamp for received Data (incoming timestamp from 132fe0f4d76ec14e5c92e886f9ba7ed1 exceeding delta 500ms is rejected: 2026-05-09T05:38:18.986891161Z vs. now: 2026-05-09T05:38:18.431313541Z). Replace timestamp: Some(7637762242459338726/4743181682fc353a9bad4de4c4919cb0)
2026-05-09T05:38:18.433483Z ERROR zenoh::net::routing::dispatcher::pubsub: Error treating timestamp for received Data (incoming timestamp from 132fe0f4d76ec14e5c92e886f9ba7ed1 exceeding delta 500ms is rejected: 2026-05-09T05:38:18.986891161Z vs. now: 2026-05-09T05:38:18.433480241Z). Replace timestamp: Some(7637762242458740270/132fe0f4d76ec14e5c92e886f9ba7ed1)
2026-05-09T05:38:18.433632Z ERROR zenoh::net::routing::dispatcher::pubsub: Error treating timestamp for received Data (incoming timestamp from 132fe0f4d76ec14e5c92e886f9ba7ed1 exceeding delta 500ms is rejected: 2026-05-09T05:38:18.986891162Z vs. now: 2026-05-09T05:38:18.433630359Z). Replace timestamp: Some(7637762242458740272/132fe0f4d76ec14e5c92e886f9ba7ed1)
2026-05-09T05:38:18.433697Z ERROR zenoh::net::routing::dispatcher::pubsub: Error treating timestamp for received Data (incoming timestamp from 132fe0f4d76ec14e5c92e886f9ba7ed1 exceeding delta 500ms is rejected: 2026-05-09T05:38:18.986891162Z vs. now: 2026-05-09T05:38:18.433692508Z). Replace timestamp: Some(7637762242459338727/4743181682fc353a9bad4de4c4919cb0)
2026-05-09T05:38:18.433868Z ERROR zenoh::net::routing::dispatcher::pubsub: Error treating timestamp for received Data (incoming timestamp from 132fe0f4d76ec14e5c92e886f9ba7ed1 exceeding delta 500ms is rejected: 2026-05-09T05:38:18.986891162Z vs. now: 2026-05-09T05:38:18.433865056Z). Replace timestamp: Some(7637762242459338728/4743181682fc353a9bad4de4c4919cb0)
2026-05-09T05:38:18.434991Z ERROR zenoh::net::routing::dispatcher::pubsub: Error treating timestamp for received Data (incoming timestamp from 132fe0f4d76ec14e5c92e886f9ba7ed1 exceeding delta 500ms is rejected: 2026-05-09T05:38:18.986891162Z vs. now: 2026-05-09T05:38:18.434988276Z). Replace timestamp: Some(7637762242458740274/132fe0f4d76ec14e5c92e886f9ba7ed1)
2026-05-09T05:38:18.435106Z ERROR zenoh::net::routing::dispatcher::pubsub: Error treating timestamp for received Data (incoming timestamp from 132fe0f4d76ec14e5c92e886f9ba7ed1 exceeding delta 500ms is rejected: 2026-05-09T05:38:18.986891163Z vs. now: 2026-05-09T05:38:18.435105000Z). Replace timestamp: Some(7637762242458740276/132fe0f4d76ec14e5c92e886f9ba7ed1)
2026-05-09T05:38:18.435253Z ERROR zenoh::net::routing::dispatcher::pubsub: Error treating timestamp for received Data (incoming timestamp from 132fe0f4d76ec14e5c92e886f9ba7ed1 exceeding delta 500ms is rejected: 2026-05-09T05:38:18.986891163Z vs. now: 2026-05-09T05:38:18.435249214Z). Replace timestamp: Some(7637762242459338729/4743181682fc353a9bad4de4c4919cb0)
2026-05-09T05:38:18.435308Z ERROR zenoh::net::routing::dispatcher::pubsub: Error treating timestamp for received Data (incoming timestamp from 132fe0f4d76ec14e5c92e886f9ba7ed1 exceeding delta 500ms is rejected: 2026-05-09T05:38:18.986891163Z vs. now: 2026-05-09T05:38:18.435306527Z). Replace timestamp: Some(7637762242459338730/4743181682fc353a9bad4de4c4919cb0)
2026-05-09T05:38:18.437530Z ERROR zenoh::net::routing::dispatcher::pubsub: Error treating timestamp for received Data (incoming timestamp from 132fe0f4d76ec14e5c92e886f9ba7ed1 exceeding delta 500ms is rejected: 2026-05-09T05:38:18.986891163Z vs. now: 2026-05-09T05:38:18.437526946Z). Replace timestamp: Some(7637762242458740278/132fe0f4d76ec14e5c92e886f9ba7ed1)
2026-05-09T05:38:18.437731Z ERROR zenoh::net::routing::dispatcher::pubsub: Error treating timestamp for received Data (incoming timestamp from 132fe0f4d76ec14e5c92e886f9ba7ed1 exceeding delta 500ms is rejected: 2026-05-09T05:38:18.986891164Z vs. now: 2026-05-09T05:38:18.437729292Z). Replace timestamp: Some(7637762242458740280/132fe0f4d76ec14e5c92e886f9ba7ed1)
2026-05-09T05:38:18.437789Z ERROR zenoh::net::routing::dispatcher::pubsub: Error treating timestamp for received Data (incoming timestamp from 132fe0f4d76ec14e5c92e886f9ba7ed1 exceeding delta 500ms is rejected: 2026-05-09T05:38:18.986891164Z vs. now: 2026-05-09T05:38:18.437786006Z). Replace timestamp: Some(7637762242459338731/4743181682fc353a9bad4de4c4919cb0)
2026-05-09T05:38:18.438094Z ERROR zenoh::net::routing::dispatcher::pubsub: Error treating timestamp for received Data (incoming timestamp from 132fe0f4d76ec14e5c92e886f9ba7ed1 exceeding delta 500ms is rejected: 2026-05-09T05:38:18.986891164Z vs. now: 2026-05-09T05:38:18.438091472Z). Replace timestamp: Some(7637762242459338732/4743181682fc353a9bad4de4c4919cb0)
2026-05-09T05:38:18.440197Z ERROR zenoh::net::routing::dispatcher::pubsub: Error treating timestamp for received Data (incoming timestamp from 132fe0f4d76ec14e5c92e886f9ba7ed1 exceeding delta 500ms is rejected: 2026-05-09T05:38:18.986891164Z vs. now: 2026-05-09T05:38:18.440192290Z). Replace timestamp: Some(7637762242458740282/132fe0f4d76ec14e5c92e886f9ba7ed1)
2026-05-09T05:38:18.440480Z ERROR zenoh::net::routing::dispatcher::pubsub: Error treating timestamp for received Data (incoming timestamp from 132fe0f4d76ec14e5c92e886f9ba7ed1 exceeding delta 500ms is rejected: 2026-05-09T05:38:18.986891165Z vs. now: 2026-05-09T05:38:18.440476303Z). Replace timestamp: Some(7637762242458740284/132fe0f4d76ec14e5c92e886f9ba7ed1)
2026-05-09T05:38:18.440520Z ERROR zenoh::net::routing::dispatcher::pubsub: Error treating timestamp for received Data (incoming timestamp from 132fe0f4d76ec14e5c92e886f9ba7ed1 exceeding delta 500ms is rejected: 2026-05-09T05:38:18.986891164Z vs. now: 2026-05-09T05:38:18.440514282Z). Replace timestamp: Some(7637762242459338733/4743181682fc353a9bad4de4c4919cb0)
2026-05-09T05:38:18.440755Z ERROR zenoh::net::routing::dispatcher::pubsub: Error treating timestamp for received Data (incoming timestamp from 132fe0f4d76ec14e5c92e886f9ba7ed1 exceeding delta 500ms is rejected: 2026-05-09T05:38:18.986891165Z vs. now: 2026-05-09T05:38:18.440751981Z). Replace timestamp: Some(7637762242459338734/4743181682fc353a9bad4de4c4919cb0)
2026-05-09T05:38:18.442938Z ERROR zenoh::net::routing::dispatcher::pubsub: Error treating timestamp for received Data (incoming timestamp from 132fe0f4d76ec14e5c92e886f9ba7ed1 exceeding delta 500ms is rejected: 2026-05-09T05:38:18.986891165Z vs. now: 2026-05-09T05:38:18.442932018Z). Replace timestamp: Some(7637762242458740286/132fe0f4d76ec14e5c92e886f9ba7ed1)
2026-05-09T05:38:18.443192Z ERROR zenoh::net::routing::dispatcher::pubsub: Error treating timestamp for received Data (incoming timestamp from 132fe0f4d76ec14e5c92e886f9ba7ed1 exceeding delta 500ms is rejected: 2026-05-09T05:38:18.986891166Z vs. now: 2026-05-09T05:38:18.443189368Z). Replace timestamp: Some(7637762242458740288/132fe0f4d76ec14e5c92e886f9ba7ed1)
2026-05-09T05:38:18.443246Z ERROR zenoh::net::routing::dispatcher::pubsub: Error treating timestamp for received Data (incoming timestamp from 132fe0f4d76ec14e5c92e886f9ba7ed1 exceeding delta 500ms is rejected: 2026-05-09T05:38:18.986891165Z vs. now: 2026-05-09T05:38:18.443240311Z). Replace timestamp: Some(7637762242459338735/4743181682fc353a9bad4de4c4919cb0)
2026-05-09T05:38:18.443489Z ERROR zenoh::net::routing::dispatcher::pubsub: Error treating timestamp for received Data (incoming timestamp from 132fe0f4d76ec14e5c92e886f9ba7ed1 exceeding delta 500ms is rejected: 2026-05-09T05:38:18.986891166Z vs. now: 2026-05-09T05:38:18.443486389Z). Replace timestamp: Some(7637762242459338736/4743181682fc353a9bad4de4c4919cb0)
2026-05-09T05:38:18.445658Z ERROR zenoh::net::routing::dispatcher::pubsub: Error treating timestamp for received Data (incoming timestamp from 132fe0f4d76ec14e5c92e886f9ba7ed1 exceeding delta 500ms is rejected: 2026-05-09T05:38:18.986891166Z vs. now: 2026-05-09T05:38:18.445653018Z). Replace timestamp: Some(7637762242458740290/132fe0f4d76ec14e5c92e886f9ba7ed1)
2026-05-09T05:38:18.445838Z ERROR zenoh::net::routing::dispatcher::pubsub: Error treating timestamp for received Data (incoming timestamp from 132fe0f4d76ec14e5c92e886f9ba7ed1 exceeding delta 500ms is rejected: 2026-05-09T05:38:18.986891167Z vs. now: 2026-05-09T05:38:18.445836079Z). Replace timestamp: Some(7637762242458740292/132fe0f4d76ec14e5c92e886f9ba7ed1)
2026-05-09T05:38:18.445962Z ERROR zenoh::net::routing::dispatcher::pubsub: Error treating timestamp for received Data (incoming timestamp from 132fe0f4d76ec14e5c92e886f9ba7ed1 exceeding delta 500ms is rejected: 2026-05-09T05:38:18.986891166Z vs. now: 2026-05-09T05:38:18.445954491Z). Replace timestamp: Some(7637762242459338737/4743181682fc353a9bad4de4c4919cb0)
2026-05-09T05:38:18.446071Z ERROR zenoh::net::routing::dispatcher::pubsub: Error treating timestamp for received Data (incoming timestamp from 132fe0f4d76ec14e5c92e886f9ba7ed1 exceeding delta 500ms is rejected: 2026-05-09T05:38:18.986891167Z vs. now: 2026-05-09T05:38:18.446069781Z). Replace timestamp: Some(7637762242459338738/4743181682fc353a9bad4de4c4919cb0)
2026-05-09T05:38:18.448471Z ERROR zenoh::net::routing::dispatcher::pubsub: Error treating timestamp for received Data (incoming timestamp from 132fe0f4d76ec14e5c92e886f9ba7ed1 exceeding delta 500ms is rejected: 2026-05-09T05:38:18.986891167Z vs. now: 2026-05-09T05:38:18.448464148Z). Replace timestamp: Some(7637762242458740294/132fe0f4d76ec14e5c92e886f9ba7ed1)
2026-05-09T05:38:18.448602Z ERROR zenoh::net::routing::dispatcher::pubsub: Error treating timestamp for received Data (incoming timestamp from 132fe0f4d76ec14e5c92e886f9ba7ed1 exceeding delta 500ms is rejected: 2026-05-09T05:38:18.986891168Z vs. now: 2026-05-09T05:38:18.448600468Z). Replace timestamp: Some(7637762242458740296/132fe0f4d76ec14e5c92e886f9ba7ed1)
2026-05-09T05:38:18.448768Z ERROR zenoh::net::routing::dispatcher::pubsub: Error treating timestamp for received Data (incoming timestamp from 132fe0f4d76ec14e5c92e886f9ba7ed1 exceeding delta 500ms is rejected: 2026-05-09T05:38:18.986891167Z vs. now: 2026-05-09T05:38:18.448763751Z). Replace timestamp: Some(7637762242459338739/4743181682fc353a9bad4de4c4919cb0)
2026-05-09T05:38:18.448855Z ERROR zenoh::net::routing::dispatcher::pubsub: Error treating timestamp for received Data (incoming timestamp from 132fe0f4d76ec14e5c92e886f9ba7ed1 exceeding delta 500ms is rejected: 2026-05-09T05:38:18.986891168Z vs. now: 2026-05-09T05:38:18.448853221Z). Replace timestamp: Some(7637762242459338740/4743181682fc353a9bad4de4c4919cb0)
2026-05-09T05:38:18.449961Z ERROR zenoh::net::routing::dispatcher::pubsub: Error treating timestamp for received Data (incoming timestamp from 132fe0f4d76ec14e5c92e886f9ba7ed1 exceeding delta 500ms is rejected: 2026-05-09T05:38:18.986891168Z vs. now: 2026-05-09T05:38:18.449958079Z). Replace timestamp: Some(7637762242458740298/132fe0f4d76ec14e5c92e886f9ba7ed1)
2026-05-09T05:38:18.450143Z ERROR zenoh::net::routing::dispatcher::pubsub: Error treating timestamp for received Data (incoming timestamp from 132fe0f4d76ec14e5c92e886f9ba7ed1 exceeding delta 500ms is rejected: 2026-05-09T05:38:18.986891168Z vs. now: 2026-05-09T05:38:18.450141594Z). Replace timestamp: Some(7637762242458740300/132fe0f4d76ec14e5c92e886f9ba7ed1)
2026-05-09T05:38:18.450160Z ERROR zenoh::net::routing::dispatcher::pubsub: Error treating timestamp for received Data (incoming timestamp from 132fe0f4d76ec14e5c92e886f9ba7ed1 exceeding delta 500ms is rejected: 2026-05-09T05:38:18.986891168Z vs. now: 2026-05-09T05:38:18.450158153Z). Replace timestamp: Some(7637762242459338741/4743181682fc353a9bad4de4c4919cb0)
2026-05-09T05:38:18.450540Z ERROR zenoh::net::routing::dispatcher::pubsub: Error treating timestamp for received Data (incoming timestamp from 132fe0f4d76ec14e5c92e886f9ba7ed1 exceeding delta 500ms is rejected: 2026-05-09T05:38:18.986891169Z vs. now: 2026-05-09T05:38:18.450538017Z). Replace timestamp: Some(7637762242459338742/4743181682fc353a9bad4de4c4919cb0)
2026-05-09T05:38:18.452535Z ERROR zenoh::net::routing::dispatcher::pubsub: Error treating timestamp for received Data (incoming timestamp from 132fe0f4d76ec14e5c92e886f9ba7ed1 exceeding delta 500ms is rejected: 2026-05-09T05:38:18.986891169Z vs. now: 2026-05-09T05:38:18.452529572Z). Replace timestamp: Some(7637762242458740302/132fe0f4d76ec14e5c92e886f9ba7ed1)
2026-05-09T05:38:18.452744Z ERROR zenoh::net::routing::dispatcher::pubsub: Error treating timestamp for received Data (incoming timestamp from 132fe0f4d76ec14e5c92e886f9ba7ed1 exceeding delta 500ms is rejected: 2026-05-09T05:38:18.986891169Z vs. now: 2026-05-09T05:38:18.452740554Z). Replace timestamp: Some(7637762242458740304/132fe0f4d76ec14e5c92e886f9ba7ed1)
2026-05-09T05:38:18.452839Z ERROR zenoh::net::routing::dispatcher::pubsub: Error treating timestamp for received Data (incoming timestamp from 132fe0f4d76ec14e5c92e886f9ba7ed1 exceeding delta 500ms is rejected: 2026-05-09T05:38:18.986891169Z vs. now: 2026-05-09T05:38:18.452835799Z). Replace timestamp: Some(7637762242459338743/4743181682fc353a9bad4de4c4919cb0)
2026-05-09T05:38:18.453016Z ERROR zenoh::net::routing::dispatcher::pubsub: Error treating timestamp for received Data (incoming timestamp from 132fe0f4d76ec14e5c92e886f9ba7ed1 exceeding delta 500ms is rejected: 2026-05-09T05:38:18.986891170Z vs. now: 2026-05-09T05:38:18.453013059Z). Replace timestamp: Some(7637762242459338744/4743181682fc353a9bad4de4c4919cb0)
2026-05-09T05:38:18.455244Z ERROR zenoh::net::routing::dispatcher::pubsub: Error treating timestamp for received Data (incoming timestamp from 132fe0f4d76ec14e5c92e886f9ba7ed1 exceeding delta 500ms is rejected: 2026-05-09T05:38:18.986891170Z vs. now: 2026-05-09T05:38:18.455230732Z). Replace timestamp: Some(7637762242458740306/132fe0f4d76ec14e5c92e886f9ba7ed1)
2026-05-09T05:38:18.455374Z ERROR zenoh::net::routing::dispatcher::pubsub: Error treating timestamp for received Data (incoming timestamp from 132fe0f4d76ec14e5c92e886f9ba7ed1 exceeding delta 500ms is rejected: 2026-05-09T05:38:18.986891170Z vs. now: 2026-05-09T05:38:18.455371399Z). Replace timestamp: Some(7637762242458740308/132fe0f4d76ec14e5c92e886f9ba7ed1)
2026-05-09T05:38:18.455493Z ERROR zenoh::net::routing::dispatcher::pubsub: Error treating timestamp for received Data (incoming timestamp from 132fe0f4d76ec14e5c92e886f9ba7ed1 exceeding delta 500ms is rejected: 2026-05-09T05:38:18.986891170Z vs. now: 2026-05-09T05:38:18.455489461Z). Replace timestamp: Some(7637762242459338745/4743181682fc353a9bad4de4c4919cb0)
2026-05-09T05:38:18.455527Z ERROR zenoh::net::routing::dispatcher::pubsub: Error treating timestamp for received Data (incoming timestamp from 132fe0f4d76ec14e5c92e886f9ba7ed1 exceeding delta 500ms is rejected: 2026-05-09T05:38:18.986891171Z vs. now: 2026-05-09T05:38:18.455525462Z). Replace timestamp: Some(7637762242459338746/4743181682fc353a9bad4de4c4919cb0)
2026-05-09T05:38:18.456815Z ERROR zenoh::net::routing::dispatcher::pubsub: Error treating timestamp for received Data (incoming timestamp from 132fe0f4d76ec14e5c92e886f9ba7ed1 exceeding delta 500ms is rejected: 2026-05-09T05:38:18.986891171Z vs. now: 2026-05-09T05:38:18.456813157Z). Replace timestamp: Some(7637762242458740310/132fe0f4d76ec14e5c92e886f9ba7ed1)
2026-05-09T05:38:18.456929Z ERROR zenoh::net::routing::dispatcher::pubsub: Error treating timestamp for received Data (incoming timestamp from 132fe0f4d76ec14e5c92e886f9ba7ed1 exceeding delta 500ms is rejected: 2026-05-09T05:38:18.986891171Z vs. now: 2026-05-09T05:38:18.456927613Z). Replace timestamp: Some(7637762242458740312/132fe0f4d76ec14e5c92e886f9ba7ed1)
2026-05-09T05:38:18.457035Z ERROR zenoh::net::routing::dispatcher::pubsub: Error treating timestamp for received Data (incoming timestamp from 132fe0f4d76ec14e5c92e886f9ba7ed1 exceeding delta 500ms is rejected: 2026-05-09T05:38:18.986891171Z vs. now: 2026-05-09T05:38:18.457032059Z). Replace timestamp: Some(7637762242459338747/4743181682fc353a9bad4de4c4919cb0)
2026-05-09T05:38:18.457099Z ERROR zenoh::net::routing::dispatcher::pubsub: Error treating timestamp for received Data (incoming timestamp from 132fe0f4d76ec14e5c92e886f9ba7ed1 exceeding delta 500ms is rejected: 2026-05-09T05:38:18.986891171Z vs. now: 2026-05-09T05:38:18.457097497Z). Replace timestamp: Some(7637762242459338748/4743181682fc353a9bad4de4c4919cb0)
2026-05-09T05:38:18.459444Z ERROR zenoh::net::routing::dispatcher::pubsub: Error treating timestamp for received Data (incoming timestamp from 132fe0f4d76ec14e5c92e886f9ba7ed1 exceeding delta 500ms is rejected: 2026-05-09T05:38:18.986891172Z vs. now: 2026-05-09T05:38:18.459441256Z). Replace timestamp: Some(7637762242458740314/132fe0f4d76ec14e5c92e886f9ba7ed1)
2026-05-09T05:38:18.459545Z ERROR zenoh::net::routing::dispatcher::pubsub: Error treating timestamp for received Data (incoming timestamp from 132fe0f4d76ec14e5c92e886f9ba7ed1 exceeding delta 500ms is rejected: 2026-05-09T05:38:18.986891172Z vs. now: 2026-05-09T05:38:18.459543974Z). Replace timestamp: Some(7637762242458740316/132fe0f4d76ec14e5c92e886f9ba7ed1)
2026-05-09T05:38:18.459750Z ERROR zenoh::net::routing::dispatcher::pubsub: Error treating timestamp for received Data (incoming timestamp from 132fe0f4d76ec14e5c92e886f9ba7ed1 exceeding delta 500ms is rejected: 2026-05-09T05:38:18.986891172Z vs. now: 2026-05-09T05:38:18.459743321Z). Replace timestamp: Some(7637762242459338749/4743181682fc353a9bad4de4c4919cb0)
2026-05-09T05:38:18.459878Z ERROR zenoh::net::routing::dispatcher::pubsub: Error treating timestamp for received Data (incoming timestamp from 132fe0f4d76ec14e5c92e886f9ba7ed1 exceeding delta 500ms is rejected: 2026-05-09T05:38:18.986891172Z vs. now: 2026-05-09T05:38:18.459875025Z). Replace timestamp: Some(7637762242459338750/4743181682fc353a9bad4de4c4919cb0)
2026-05-09T05:38:18.461301Z ERROR zenoh::net::routing::dispatcher::pubsub: Error treating timestamp for received Data (incoming timestamp from 132fe0f4d76ec14e5c92e886f9ba7ed1 exceeding delta 500ms is rejected: 2026-05-09T05:38:18.986891173Z vs. now: 2026-05-09T05:38:18.461298168Z). Replace timestamp: Some(7637762242458740318/132fe0f4d76ec14e5c92e886f9ba7ed1)
2026-05-09T05:38:18.461413Z ERROR zenoh::net::routing::dispatcher::pubsub: Error treating timestamp for received Data (incoming timestamp from 132fe0f4d76ec14e5c92e886f9ba7ed1 exceeding delta 500ms is rejected: 2026-05-09T05:38:18.986891173Z vs. now: 2026-05-09T05:38:18.461412158Z). Replace timestamp: Some(7637762242458740320/132fe0f4d76ec14e5c92e886f9ba7ed1)
2026-05-09T05:38:18.461560Z ERROR zenoh::net::routing::dispatcher::pubsub: Error treating timestamp for received Data (incoming timestamp from 132fe0f4d76ec14e5c92e886f9ba7ed1 exceeding delta 500ms is rejected: 2026-05-09T05:38:18.986891173Z vs. now: 2026-05-09T05:38:18.461555589Z). Replace timestamp: Some(7637762242459338751/4743181682fc353a9bad4de4c4919cb0)
2026-05-09T05:38:18.461631Z ERROR zenoh::net::routing::dispatcher::pubsub: Error treating timestamp for received Data (incoming timestamp from 132fe0f4d76ec14e5c92e886f9ba7ed1 exceeding delta 500ms is rejected: 2026-05-09T05:38:18.986891173Z vs. now: 2026-05-09T05:38:18.461629693Z). Replace timestamp: Some(7637762242459338752/4743181682fc353a9bad4de4c4919cb0)
2026-05-09T05:38:18.462935Z ERROR zenoh::net::routing::dispatcher::pubsub: Error treating timestamp for received Data (incoming timestamp from 132fe0f4d76ec14e5c92e886f9ba7ed1 exceeding delta 500ms is rejected: 2026-05-09T05:38:18.986891174Z vs. now: 2026-05-09T05:38:18.462932013Z). Replace timestamp: Some(7637762242458740322/132fe0f4d76ec14e5c92e886f9ba7ed1)
2026-05-09T05:38:18.463060Z ERROR zenoh::net::routing::dispatcher::pubsub: Error treating timestamp for received Data (incoming timestamp from 132fe0f4d76ec14e5c92e886f9ba7ed1 exceeding delta 500ms is rejected: 2026-05-09T05:38:18.986891174Z vs. now: 2026-05-09T05:38:18.463057936Z). Replace timestamp: Some(7637762242458740324/132fe0f4d76ec14e5c92e886f9ba7ed1)
2026-05-09T05:38:18.463119Z ERROR zenoh::net::routing::dispatcher::pubsub: Error treating timestamp for received Data (incoming timestamp from 132fe0f4d76ec14e5c92e886f9ba7ed1 exceeding delta 500ms is rejected: 2026-05-09T05:38:18.986891174Z vs. now: 2026-05-09T05:38:18.463116274Z). Replace timestamp: Some(7637762242459338753/4743181682fc353a9bad4de4c4919cb0)
2026-05-09T05:38:18.463253Z ERROR zenoh::net::routing::dispatcher::pubsub: Error treating timestamp for received Data (incoming timestamp from 132fe0f4d76ec14e5c92e886f9ba7ed1 exceeding delta 500ms is rejected: 2026-05-09T05:38:18.986891174Z vs. now: 2026-05-09T05:38:18.463250418Z). Replace timestamp: Some(7637762242459338754/4743181682fc353a9bad4de4c4919cb0)
2026-05-09T05:38:18.465652Z ERROR zenoh::net::routing::dispatcher::pubsub: Error treating timestamp for received Data (incoming timestamp from 132fe0f4d76ec14e5c92e886f9ba7ed1 exceeding delta 500ms is rejected: 2026-05-09T05:38:18.986891174Z vs. now: 2026-05-09T05:38:18.465649512Z). Replace timestamp: Some(7637762242458740326/132fe0f4d76ec14e5c92e886f9ba7ed1)
2026-05-09T05:38:18.465776Z ERROR zenoh::net::routing::dispatcher::pubsub: Error treating timestamp for received Data (incoming timestamp from 132fe0f4d76ec14e5c92e886f9ba7ed1 exceeding delta 500ms is rejected: 2026-05-09T05:38:18.986891175Z vs. now: 2026-05-09T05:38:18.465774838Z). Replace timestamp: Some(7637762242458740328/132fe0f4d76ec14e5c92e886f9ba7ed1)
2026-05-09T05:38:18.465936Z ERROR zenoh::net::routing::dispatcher::pubsub: Error treating timestamp for received Data (incoming timestamp from 132fe0f4d76ec14e5c92e886f9ba7ed1 exceeding delta 500ms is rejected: 2026-05-09T05:38:18.986891175Z vs. now: 2026-05-09T05:38:18.465929010Z). Replace timestamp: Some(7637762242459338755/4743181682fc353a9bad4de4c4919cb0)
2026-05-09T05:38:18.466020Z ERROR zenoh::net::routing::dispatcher::pubsub: Error treating timestamp for received Data (incoming timestamp from 132fe0f4d76ec14e5c92e886f9ba7ed1 exceeding delta 500ms is rejected: 2026-05-09T05:38:18.986891175Z vs. now: 2026-05-09T05:38:18.466017575Z). Replace timestamp: Some(7637762242459338756/4743181682fc353a9bad4de4c4919cb0)
2026-05-09T05:38:18.468381Z ERROR zenoh::net::routing::dispatcher::pubsub: Error treating timestamp for received Data (incoming timestamp from 132fe0f4d76ec14e5c92e886f9ba7ed1 exceeding delta 500ms is rejected: 2026-05-09T05:38:18.986891175Z vs. now: 2026-05-09T05:38:18.468377635Z). Replace timestamp: Some(7637762242458740330/132fe0f4d76ec14e5c92e886f9ba7ed1)
2026-05-09T05:38:18.468542Z ERROR zenoh::net::routing::dispatcher::pubsub: Error treating timestamp for received Data (incoming timestamp from 132fe0f4d76ec14e5c92e886f9ba7ed1 exceeding delta 500ms is rejected: 2026-05-09T05:38:18.986891176Z vs. now: 2026-05-09T05:38:18.468539775Z). Replace timestamp: Some(7637762242458740332/132fe0f4d76ec14e5c92e886f9ba7ed1)
2026-05-09T05:38:18.468608Z ERROR zenoh::net::routing::dispatcher::pubsub: Error treating timestamp for received Data (incoming timestamp from 132fe0f4d76ec14e5c92e886f9ba7ed1 exceeding delta 500ms is rejected: 2026-05-09T05:38:18.986891176Z vs. now: 2026-05-09T05:38:18.468604599Z). Replace timestamp: Some(7637762242459338757/4743181682fc353a9bad4de4c4919cb0)
2026-05-09T05:38:18.468770Z ERROR zenoh::net::routing::dispatcher::pubsub: Error treating timestamp for received Data (incoming timestamp from 132fe0f4d76ec14e5c92e886f9ba7ed1 exceeding delta 500ms is rejected: 2026-05-09T05:38:18.986891176Z vs. now: 2026-05-09T05:38:18.468767293Z). Replace timestamp: Some(7637762242459338758/4743181682fc353a9bad4de4c4919cb0)
2026-05-09T05:38:18.470965Z ERROR zenoh::net::routing::dispatcher::pubsub: Error treating timestamp for received Data (incoming timestamp from 132fe0f4d76ec14e5c92e886f9ba7ed1 exceeding delta 500ms is rejected: 2026-05-09T05:38:18.986891176Z vs. now: 2026-05-09T05:38:18.470962689Z). Replace timestamp: Some(7637762242458740334/132fe0f4d76ec14e5c92e886f9ba7ed1)
2026-05-09T05:38:18.471100Z ERROR zenoh::net::routing::dispatcher::pubsub: Error treating timestamp for received Data (incoming timestamp from 132fe0f4d76ec14e5c92e886f9ba7ed1 exceeding delta 500ms is rejected: 2026-05-09T05:38:18.986891177Z vs. now: 2026-05-09T05:38:18.471098889Z). Replace timestamp: Some(7637762242458740336/132fe0f4d76ec14e5c92e886f9ba7ed1)
2026-05-09T05:38:18.471187Z ERROR zenoh::net::routing::dispatcher::pubsub: Error treating timestamp for received Data (incoming timestamp from 132fe0f4d76ec14e5c92e886f9ba7ed1 exceeding delta 500ms is rejected: 2026-05-09T05:38:18.986891177Z vs. now: 2026-05-09T05:38:18.471182958Z). Replace timestamp: Some(7637762242459338759/4743181682fc353a9bad4de4c4919cb0)
2026-05-09T05:38:18.471339Z ERROR zenoh::net::routing::dispatcher::pubsub: Error treating timestamp for received Data (incoming timestamp from 132fe0f4d76ec14e5c92e886f9ba7ed1 exceeding delta 500ms is rejected: 2026-05-09T05:38:18.986891177Z vs. now: 2026-05-09T05:38:18.471336213Z). Replace timestamp: Some(7637762242459338760/4743181682fc353a9bad4de4c4919cb0)
2026-05-09T05:38:18.473671Z ERROR zenoh::net::routing::dispatcher::pubsub: Error treating timestamp for received Data (incoming timestamp from 132fe0f4d76ec14e5c92e886f9ba7ed1 exceeding delta 500ms is rejected: 2026-05-09T05:38:18.986891177Z vs. now: 2026-05-09T05:38:18.473667969Z). Replace timestamp: Some(7637762242458740338/132fe0f4d76ec14e5c92e886f9ba7ed1)
2026-05-09T05:38:18.473812Z ERROR zenoh::net::routing::dispatcher::pubsub: Error treating timestamp for received Data (incoming timestamp from 132fe0f4d76ec14e5c92e886f9ba7ed1 exceeding delta 500ms is rejected: 2026-05-09T05:38:18.986891178Z vs. now: 2026-05-09T05:38:18.473810811Z). Replace timestamp: Some(7637762242458740340/132fe0f4d76ec14e5c92e886f9ba7ed1)
2026-05-09T05:38:18.473881Z ERROR zenoh::net::routing::dispatcher::pubsub: Error treating timestamp for received Data (incoming timestamp from 132fe0f4d76ec14e5c92e886f9ba7ed1 exceeding delta 500ms is rejected: 2026-05-09T05:38:18.986891178Z vs. now: 2026-05-09T05:38:18.473877352Z). Replace timestamp: Some(7637762242459338761/4743181682fc353a9bad4de4c4919cb0)
2026-05-09T05:38:18.474019Z ERROR zenoh::net::routing::dispatcher::pubsub: Error treating timestamp for received Data (incoming timestamp from 132fe0f4d76ec14e5c92e886f9ba7ed1 exceeding delta 500ms is rejected: 2026-05-09T05:38:18.986891178Z vs. now: 2026-05-09T05:38:18.474016976Z). Replace timestamp: Some(7637762242459338762/4743181682fc353a9bad4de4c4919cb0)
2026-05-09T05:38:18.476341Z ERROR zenoh::net::routing::dispatcher::pubsub: Error treating timestamp for received Data (incoming timestamp from 132fe0f4d76ec14e5c92e886f9ba7ed1 exceeding delta 500ms is rejected: 2026-05-09T05:38:18.986891178Z vs. now: 2026-05-09T05:38:18.476334043Z). Replace timestamp: Some(7637762242458740342/132fe0f4d76ec14e5c92e886f9ba7ed1)
2026-05-09T05:38:18.476474Z ERROR zenoh::net::routing::dispatcher::pubsub: Error treating timestamp for received Data (incoming timestamp from 132fe0f4d76ec14e5c92e886f9ba7ed1 exceeding delta 500ms is rejected: 2026-05-09T05:38:18.986891179Z vs. now: 2026-05-09T05:38:18.476472907Z). Replace timestamp: Some(7637762242458740344/132fe0f4d76ec14e5c92e886f9ba7ed1)
2026-05-09T05:38:18.476646Z ERROR zenoh::net::routing::dispatcher::pubsub: Error treating timestamp for received Data (incoming timestamp from 132fe0f4d76ec14e5c92e886f9ba7ed1 exceeding delta 500ms is rejected: 2026-05-09T05:38:18.986891178Z vs. now: 2026-05-09T05:38:18.476643216Z). Replace timestamp: Some(7637762242459338763/4743181682fc353a9bad4de4c4919cb0)
2026-05-09T05:38:18.476711Z ERROR zenoh::net::routing::dispatcher::pubsub: Error treating timestamp for received Data (incoming timestamp from 132fe0f4d76ec14e5c92e886f9ba7ed1 exceeding delta 500ms is rejected: 2026-05-09T05:38:18.986891179Z vs. now: 2026-05-09T05:38:18.476709594Z). Replace timestamp: Some(7637762242459338764/4743181682fc353a9bad4de4c4919cb0)
2026-05-09T05:38:18.478824Z ERROR zenoh::net::routing::dispatcher::pubsub: Error treating timestamp for received Data (incoming timestamp from 132fe0f4d76ec14e5c92e886f9ba7ed1 exceeding delta 500ms is rejected: 2026-05-09T05:38:18.986891179Z vs. now: 2026-05-09T05:38:18.478821259Z). Replace timestamp: Some(7637762242458740346/132fe0f4d76ec14e5c92e886f9ba7ed1)
2026-05-09T05:38:18.478949Z ERROR zenoh::net::routing::dispatcher::pubsub: Error treating timestamp for received Data (incoming timestamp from 132fe0f4d76ec14e5c92e886f9ba7ed1 exceeding delta 500ms is rejected: 2026-05-09T05:38:18.986891180Z vs. now: 2026-05-09T05:38:18.478947759Z). Replace timestamp: Some(7637762242458740348/132fe0f4d76ec14e5c92e886f9ba7ed1)
2026-05-09T05:38:18.479123Z ERROR zenoh::net::routing::dispatcher::pubsub: Error treating timestamp for received Data (incoming timestamp from 132fe0f4d76ec14e5c92e886f9ba7ed1 exceeding delta 500ms is rejected: 2026-05-09T05:38:18.986891179Z vs. now: 2026-05-09T05:38:18.479114883Z). Replace timestamp: Some(7637762242459338765/4743181682fc353a9bad4de4c4919cb0)
2026-05-09T05:38:18.479227Z ERROR zenoh::net::routing::dispatcher::pubsub: Error treating timestamp for received Data (incoming timestamp from 132fe0f4d76ec14e5c92e886f9ba7ed1 exceeding delta 500ms is rejected: 2026-05-09T05:38:18.986891180Z vs. now: 2026-05-09T05:38:18.479224686Z). Replace timestamp: Some(7637762242459338766/4743181682fc353a9bad4de4c4919cb0)
2026-05-09T05:38:18.481434Z ERROR zenoh::net::routing::dispatcher::pubsub: Error treating timestamp for received Data (incoming timestamp from 132fe0f4d76ec14e5c92e886f9ba7ed1 exceeding delta 500ms is rejected: 2026-05-09T05:38:18.986891180Z vs. now: 2026-05-09T05:38:18.481426932Z). Replace timestamp: Some(7637762242458740350/132fe0f4d76ec14e5c92e886f9ba7ed1)
2026-05-09T05:38:18.481623Z ERROR zenoh::net::routing::dispatcher::pubsub: Error treating timestamp for received Data (incoming timestamp from 132fe0f4d76ec14e5c92e886f9ba7ed1 exceeding delta 500ms is rejected: 2026-05-09T05:38:18.986891181Z vs. now: 2026-05-09T05:38:18.481620528Z). Replace timestamp: Some(7637762242458740352/132fe0f4d76ec14e5c92e886f9ba7ed1)
2026-05-09T05:38:18.481739Z ERROR zenoh::net::routing::dispatcher::pubsub: Error treating timestamp for received Data (incoming timestamp from 132fe0f4d76ec14e5c92e886f9ba7ed1 exceeding delta 500ms is rejected: 2026-05-09T05:38:18.986891180Z vs. now: 2026-05-09T05:38:18.481734984Z). Replace timestamp: Some(7637762242459338767/4743181682fc353a9bad4de4c4919cb0)
2026-05-09T05:38:18.481799Z ERROR zenoh::net::routing::dispatcher::pubsub: Error treating timestamp for received Data (incoming timestamp from 132fe0f4d76ec14e5c92e886f9ba7ed1 exceeding delta 500ms is rejected: 2026-05-09T05:38:18.986891181Z vs. now: 2026-05-09T05:38:18.481796556Z). Replace timestamp: Some(7637762242459338768/4743181682fc353a9bad4de4c4919cb0)
2026-05-09T05:38:18.483142Z ERROR zenoh::net::routing::dispatcher::pubsub: Error treating timestamp for received Data (incoming timestamp from 132fe0f4d76ec14e5c92e886f9ba7ed1 exceeding delta 500ms is rejected: 2026-05-09T05:38:18.986891181Z vs. now: 2026-05-09T05:38:18.483139698Z). Replace timestamp: Some(7637762242458740354/132fe0f4d76ec14e5c92e886f9ba7ed1)
2026-05-09T05:38:18.483256Z ERROR zenoh::net::routing::dispatcher::pubsub: Error treating timestamp for received Data (incoming timestamp from 132fe0f4d76ec14e5c92e886f9ba7ed1 exceeding delta 500ms is rejected: 2026-05-09T05:38:18.986891181Z vs. now: 2026-05-09T05:38:18.483254739Z). Replace timestamp: Some(7637762242458740356/132fe0f4d76ec14e5c92e886f9ba7ed1)
2026-05-09T05:38:18.483375Z ERROR zenoh::net::routing::dispatcher::pubsub: Error treating timestamp for received Data (incoming timestamp from 132fe0f4d76ec14e5c92e886f9ba7ed1 exceeding delta 500ms is rejected: 2026-05-09T05:38:18.986891181Z vs. now: 2026-05-09T05:38:18.483371176Z). Replace timestamp: Some(7637762242459338769/4743181682fc353a9bad4de4c4919cb0)
2026-05-09T05:38:18.483444Z ERROR zenoh::net::routing::dispatcher::pubsub: Error treating timestamp for received Data (incoming timestamp from 132fe0f4d76ec14e5c92e886f9ba7ed1 exceeding delta 500ms is rejected: 2026-05-09T05:38:18.986891182Z vs. now: 2026-05-09T05:38:18.483442355Z). Replace timestamp: Some(7637762242459338770/4743181682fc353a9bad4de4c4919cb0)
2026-05-09T05:38:18.485840Z ERROR zenoh::net::routing::dispatcher::pubsub: Error treating timestamp for received Data (incoming timestamp from 132fe0f4d76ec14e5c92e886f9ba7ed1 exceeding delta 500ms is rejected: 2026-05-09T05:38:18.986891182Z vs. now: 2026-05-09T05:38:18.485835363Z). Replace timestamp: Some(7637762242458740358/132fe0f4d76ec14e5c92e886f9ba7ed1)
2026-05-09T05:38:18.486074Z ERROR zenoh::net::routing::dispatcher::pubsub: Error treating timestamp for received Data (incoming timestamp from 132fe0f4d76ec14e5c92e886f9ba7ed1 exceeding delta 500ms is rejected: 2026-05-09T05:38:18.986891182Z vs. now: 2026-05-09T05:38:18.486071643Z). Replace timestamp: Some(7637762242458740360/132fe0f4d76ec14e5c92e886f9ba7ed1)
2026-05-09T05:38:18.486100Z ERROR zenoh::net::routing::dispatcher::pubsub: Error treating timestamp for received Data (incoming timestamp from 132fe0f4d76ec14e5c92e886f9ba7ed1 exceeding delta 500ms is rejected: 2026-05-09T05:38:18.986891182Z vs. now: 2026-05-09T05:38:18.486096927Z). Replace timestamp: Some(7637762242459338771/4743181682fc353a9bad4de4c4919cb0)
2026-05-09T05:38:18.486385Z ERROR zenoh::net::routing::dispatcher::pubsub: Error treating timestamp for received Data (incoming timestamp from 132fe0f4d76ec14e5c92e886f9ba7ed1 exceeding delta 500ms is rejected: 2026-05-09T05:38:18.986891183Z vs. now: 2026-05-09T05:38:18.486383163Z). Replace timestamp: Some(7637762242459338772/4743181682fc353a9bad4de4c4919cb0)
[  10.001s]   4244 produced | 4245 consumed | 0 in-flight | p50=0.25ms
[  11.001s]   4245 produced | 4245 consumed | 0 in-flight | p50=0.25ms

PRODUCER/CONSUMER RESULTS
  Duration: 10.0s | Producers: 1 | Consumers: 1 | Target: 1000 msg/s
  In-flight: 0

  Produced
    Throughput:  385.93 ops/s
    Operations:  4245 total, 4245 ok, 0 errors (100.0% success)

  Consumed (queue latency)
    Throughput:  385.93 ops/s
    Operations:  4245 total, 4245 ok, 0 errors (100.0% success)
    Latency (ms):
      min=0.086  p50=0.252  p95=0.450  p99=1.370  max=55.214
      mean=0.296  stddev=0.860

  CSV: mitiflow-bench/results/durable_pubsub_mitiflow_local_256b_after_fix.csv

